CLAIM_ID,MEMBER_ID,SERVICE_DATE,CLAIM_TYPE,DIAGNOSIS_CODE,BILLED_AMOUNT,CLAIM_STATUS
CLM0000001,MBR103499,2026-02-07,PHARMACY,N39.0,3608.20,PAID
CLM0000002,MBR105320,2026-05-11,DENTAL,Z00.00,4963.49,PAID
CLM0000003,MBR106077,2026-06-03,PROFESSIONAL,E11.9,2440.21,PENDED
CLM0000004,MBR103325,2026-08-03,PHARMACY,N39.0,1687.60,PAID
CLM0000005,MBR108609,2026-01-29,PROFESSIONAL,R51.9,215.38,PAID
CLM0000006,MBR103715,2026-02-11,PHARMACY,S82.401A,4076.42,PENDED
CLM0000007,MBR104903,2026-05-26,PROFESSIONAL,M54.5,1459.84,PAID
CLM0000008,MBR103997,2026-06-19,INSTITUTIONAL,I10,371.46,PAID
CLM0000009,MBR100149,2026-07-28,PROFESSIONAL,J45.909,4320.18,PAID
CLM0000010,MBR104258,2026-01-13,DENTAL,R51.9,2957.48,PAID
CLM0000011,MBR100110,2026-05-10,DENTAL,F41.1,4773.21,PAID
CLM0000012,MBR105289,2026-05-15,DENTAL,R51.9,3621.44,PAID
CLM0000013,MBR108353,2026-02-02,DENTAL,E11.9,4839.62,PAID
CLM0000014,MBR100448,2026-01-28,PROFESSIONAL,E11.9,1596.17,PAID
CLM0000015,MBR103709,2026-04-27,INSTITUTIONAL,F41.1,4702.46,PAID
CLM0000016,MBR101352,2026-08-23,DENTAL,N39.0,3466.60,PAID
CLM0000017,MBR107907,2026-06-24,DENTAL,J06.9,4361.23,PAID
CLM0000018,MBR100790,2026-08-14,INSTITUTIONAL,F41.1,594.22,PAID
CLM0000019,MBR103121,2026-06-17,PROFESSIONAL,S82.401A,3411.20,PAID
CLM0000020,MBR100090,2026-04-29,PHARMACY,,1755.48,PENDED
CLM0000021,MBR101975,2026-05-09,INSTITUTIONAL,F41.1,396.35,DENIED
CLM0000022,MBR102974,2026-03-01,DENTAL,K21.9,4940.06,PAID
CLM0000023,MBR104047,2026-03-23,DENTAL,Z00.00,3088.63,PAID
CLM0000024,MBR105982,2026-01-03,PROFESSIONAL,J06.9,909.85,PAID
CLM0000025,MBR103708,2026-04-07,PHARMACY,E78.5,663.57,PAID
CLM0000026,MBR103376,2026-08-11,INSTITUTIONAL,E78.5,1115.76,PAID
CLM0000027,MBR105275,2026-04-25,DENTAL,I10,4213.01,PAID
CLM0000028,MBR107766,2026-03-19,DENTAL,J06.9,3802.46,PAID
CLM0000029,MBR102264,2026-03-07,PHARMACY,J45.909,36.57,PAID
CLM0000030,MBR102506,2026-02-08,PROFESSIONAL,R51.9,3057.60,PAID
CLM0000031,MBR109956,2026-06-25,PROFESSIONAL,E11.9,2631.67,PAID
CLM0000032,MBR105959,2026-05-01,PROFESSIONAL,S82.401A,1297.86,PENDED
CLM0000033,MBR102427,2026-08-21,DENTAL,K21.9,1912.29,PAID
CLM0000034,MBR101538,2026-06-11,PROFESSIONAL,M54.5,4258.30,DENIED
CLM0000035,MBR104513,2026-03-13,PROFESSIONAL,S82.401A,3358.54,DENIED
CLM0000036,MBR101997,2026-06-24,INSTITUTIONAL,J45.909,2769.95,PAID
CLM0000037,MBR105708,2026-04-17,INSTITUTIONAL,E11.9,3708.01,PAID
CLM0000038,MBR108723,2026-07-01,PROFESSIONAL,K21.9,4168.91,DENIED
CLM0000039,MBR102746,2026-02-15,PROFESSIONAL,Z00.00,4949.29,PAID
CLM0000040,MBR104680,2026-06-12,PROFESSIONAL,Z00.00,144.78,PAID
CLM0000041,MBR104385,2026-03-27,PROFESSIONAL,E11.9,711.97,DENIED
CLM0000042,MBR107029,2026-06-21,PROFESSIONAL,R51.9,1126.35,PAID
CLM0000043,MBR103643,2026-06-21,PHARMACY,N39.0,3916.98,PAID
CLM0000044,MBR103927,2026-03-06,PROFESSIONAL,Z00.00,4560.34,PAID
CLM0000045,MBR101326,2026-04-25,INSTITUTIONAL,I10,3998.26,PENDED
CLM0000046,MBR106985,2026-05-11,INSTITUTIONAL,E78.5,255.65,PAID
CLM0000047,MBR107365,2026-04-18,PROFESSIONAL,J45.909,4717.52,PENDED
CLM0000048,MBR105323,2026-04-27,PROFESSIONAL,S82.401A,1363.47,PAID
CLM0000049,MBR101347,2026-03-18,PROFESSIONAL,E78.5,770.53,PAID
CLM0000050,MBR103412,2026-08-29,INSTITUTIONAL,I10,1737.29,PAID
CLM0000051,MBR101067,2026-06-21,PROFESSIONAL,S82.401A,1368.92,PAID
CLM0000052,MBR109914,2026-02-12,INSTITUTIONAL,N39.0,2262.88,PAID
CLM0000053,MBR100198,2026-08-10,PHARMACY,J45.909,,PAID
CLM0000054,MBR105375,2026-02-22,INSTITUTIONAL,R51.9,4690.11,PAID
CLM0000055,MBR108831,2026-06-28,PHARMACY,M54.5,383.68,PAID
CLM0000056,MBR108490,2026-08-02,PROFESSIONAL,E11.9,762.14,PENDED
CLM0000057,MBR109642,2026-01-03,PROFESSIONAL,N39.0,443.42,PAID
CLM0000058,MBR107237,2026-06-11,PHARMACY,J06.9,3104.30,PENDED
CLM0000059,MBR102453,2026-04-11,INSTITUTIONAL,,2693.80,PAID
CLM0000060,MBR109767,2026-03-15,PHARMACY,N39.0,3864.11,PAID
CLM0000061,MBR100356,2026-04-21,INSTITUTIONAL,N39.0,3457.39,PAID
CLM0000062,MBR107437,2026-01-31,PROFESSIONAL,I10,1945.73,PAID
CLM0000063,MBR101130,2026-01-02,DENTAL,S82.401A,2797.68,PAID
CLM0000064,MBR106223,2026-05-01,PROFESSIONAL,S82.401A,1384.38,PENDED
CLM0000065,MBR104532,2026-05-11,PROFESSIONAL,S82.401A,3259.61,PENDED
CLM0000066,MBR103404,2026-03-14,PHARMACY,I10,746.05,PAID
CLM0000067,MBR102835,2026-07-17,DENTAL,E78.5,3459.98,PAID
CLM0000068,MBR106372,2026-08-17,INSTITUTIONAL,F41.1,2589.16,PAID
CLM0000069,MBR109135,2026-04-08,PHARMACY,I10,1460.64,PAID
CLM0000070,MBR108075,2026-07-09,PROFESSIONAL,M54.5,2519.38,DENIED
CLM0000071,MBR107030,2026-03-04,DENTAL,E78.5,327.13,PAID
CLM0000072,MBR105862,2026-05-14,DENTAL,R51.9,4889.68,PAID
CLM0000073,MBR108496,2026-03-13,PROFESSIONAL,J06.9,2299.55,PENDED
CLM0000074,MBR108616,2026-02-07,PHARMACY,N39.0,1241.07,PAID
CLM0000075,MBR101435,2026-03-10,DENTAL,J06.9,1636.40,PAID
CLM0000076,MBR103717,2026-01-28,INSTITUTIONAL,J45.909,922.56,PAID
CLM0000077,MBR100958,2026-02-06,PROFESSIONAL,R51.9,320.02,PAID
CLM0000078,MBR105500,2026-08-29,PHARMACY,E78.5,2232.28,DENIED
CLM0000079,MBR100070,2026-07-14,INSTITUTIONAL,J45.909,3361.88,PAID
CLM0000080,MBR104809,2026-04-11,INSTITUTIONAL,N39.0,3808.35,PAID
CLM0000081,MBR105864,2026-02-02,DENTAL,K21.9,,PAID
CLM0000082,MBR106543,2026-01-06,PROFESSIONAL,N39.0,409.15,PENDED
CLM0000083,MBR103636,2026-01-14,PROFESSIONAL,S82.401A,313.08,PAID
CLM0000084,MBR100956,2026-06-02,PROFESSIONAL,Z00.00,220.79,PAID
CLM0000085,MBR105300,2026-02-23,INSTITUTIONAL,M54.5,3565.47,PAID
CLM0000086,MBR108859,2026-08-18,PROFESSIONAL,K21.9,3762.77,PAID
CLM0000087,MBR103641,2026-04-17,DENTAL,M54.5,1095.03,PAID
CLM0000088,MBR108929,2026-07-18,DENTAL,J45.909,3505.68,PAID
CLM0000089,MBR105037,2026-05-19,PHARMACY,E11.9,3270.84,PENDED
CLM0000090,MBR109283,2026-01-15,INSTITUTIONAL,E11.9,1098.74,PENDED
CLM0000091,MBR108319,2026-01-28,INSTITUTIONAL,E11.9,4002.05,DENIED
CLM0000092,MBR105228,2026-01-19,PHARMACY,K21.9,2555.74,PAID
CLM0000093,MBR100672,2026-08-07,DENTAL,N39.0,2046.63,PAID
CLM0000094,MBR105545,2026-08-14,PROFESSIONAL,R51.9,1104.09,PAID
CLM0000095,MBR105095,2026-07-14,DENTAL,E11.9,3496.58,PAID
CLM0000096,MBR109977,2026-01-16,PROFESSIONAL,E11.9,2146.11,PAID
CLM0000097,MBR102968,2026-01-13,PROFESSIONAL,E11.9,1573.38,PAID
CLM0000098,MBR108768,2026-08-20,PROFESSIONAL,S82.401A,1281.50,PENDED
CLM0000099,MBR109045,2026-04-29,PROFESSIONAL,F41.1,1205.20,PENDED
CLM0000100,MBR102256,2026-06-19,PROFESSIONAL,I10,837.36,PAID
CLM0000101,MBR103095,2026-06-06,PROFESSIONAL,R51.9,,PAID
CLM0000102,MBR103262,2026-03-03,PHARMACY,Z00.00,4332.46,PAID
CLM0000103,MBR101780,2026-05-13,PHARMACY,R51.9,2984.94,DENIED
CLM0000104,MBR103903,2026-02-04,DENTAL,R51.9,2344.34,PAID
CLM0000105,MBR100023,2026-06-10,PHARMACY,I10,1105.84,PAID
CLM0000106,MBR104229,2026-07-22,INSTITUTIONAL,R51.9,3227.10,PAID
CLM0000107,MBR103392,2026-07-09,PHARMACY,J45.909,2683.11,PAID
CLM0000108,MBR103023,2026-01-27,DENTAL,F41.1,2647.06,PAID
CLM0000109,MBR100249,2026-07-07,PHARMACY,S82.401A,1748.79,PAID
CLM0000110,MBR103356,2026-03-16,PHARMACY,Z00.00,4852.00,DENIED
CLM0000111,MBR107938,2026-03-27,INSTITUTIONAL,F41.1,420.87,PAID
CLM0000112,MBR104894,2026-07-04,PROFESSIONAL,E78.5,2952.52,PAID
CLM0000113,MBR100867,2026-01-24,INSTITUTIONAL,Z00.00,662.23,PENDED
CLM0000114,MBR107332,2026-08-03,PROFESSIONAL,J06.9,1224.80,PAID
CLM0000115,MBR105705,2026-08-08,INSTITUTIONAL,E78.5,4037.02,PAID
CLM0000116,MBR103810,2026-06-07,PROFESSIONAL,F41.1,1783.95,PENDED
CLM0000117,MBR106988,2026-03-13,PHARMACY,S82.401A,813.53,PAID
CLM0000118,MBR105797,2026-02-15,PHARMACY,E11.9,1113.12,PAID
CLM0000119,MBR101797,2026-05-08,PROFESSIONAL,J45.909,35.36,PENDED
CLM0000120,MBR103278,2026-06-01,DENTAL,R51.9,4826.38,PENDED
CLM0000121,MBR103037,2026-07-18,INSTITUTIONAL,I10,4710.16,PAID
CLM0000122,MBR102583,2026-08-02,INSTITUTIONAL,N39.0,3403.61,PAID
CLM0000123,MBR102811,2026-03-01,PHARMACY,E78.5,4628.71,PAID
CLM0000124,MBR107471,2026-02-13,PROFESSIONAL,J06.9,1719.99,PENDED
CLM0000125,MBR103344,2026-07-02,PHARMACY,S82.401A,1149.78,PAID
CLM0000126,MBR100086,2026-04-05,PHARMACY,K21.9,,PAID
CLM0000127,MBR100495,2026-03-08,DENTAL,F41.1,4416.22,DENIED
CLM0000128,MBR103087,2026-06-13,INSTITUTIONAL,I10,1336.30,PAID
CLM0000129,MBR101196,2026-08-08,DENTAL,N39.0,664.21,PAID
CLM0000130,MBR108388,2026-06-19,PROFESSIONAL,J45.909,3819.58,PAID
CLM0000131,MBR107063,2026-05-02,PROFESSIONAL,S82.401A,2983.55,PAID
CLM0000132,MBR109769,2026-07-02,PROFESSIONAL,M54.5,2047.74,PAID
CLM0000133,MBR106292,2026-04-15,INSTITUTIONAL,J45.909,2585.61,PAID
CLM0000134,MBR107615,2026-03-16,DENTAL,M54.5,470.66,PAID
CLM0000135,MBR108716,2026-07-26,PROFESSIONAL,K21.9,1237.20,PENDED
CLM0000136,MBR106212,2026-03-22,PROFESSIONAL,J45.909,868.18,PAID
CLM0000137,MBR106768,2026-03-14,PHARMACY,S82.401A,603.45,PAID
CLM0000138,MBR101267,2026-01-31,INSTITUTIONAL,J06.9,1088.09,DENIED
CLM0000139,MBR108365,2026-08-05,PROFESSIONAL,I10,2020.42,PAID
CLM0000140,MBR102613,2026-08-07,PROFESSIONAL,J45.909,3316.06,PAID
CLM0000141,MBR100383,2026-08-01,DENTAL,F41.1,1183.67,PENDED
CLM0000142,MBR103783,2026-02-28,PHARMACY,F41.1,726.54,PAID
CLM0000143,MBR100835,2026-02-23,PROFESSIONAL,N39.0,1288.72,PENDED
CLM0000144,MBR102888,2026-01-06,PROFESSIONAL,J45.909,3639.83,DENIED
CLM0000145,MBR107725,2026-02-01,INSTITUTIONAL,J45.909,289.96,PAID
CLM0000146,MBR104934,2026-01-26,INSTITUTIONAL,M54.5,1325.60,PAID
CLM0000147,MBR101333,2026-07-21,DENTAL,,1744.36,PAID
CLM0000148,MBR107658,2026-06-24,INSTITUTIONAL,F41.1,800.54,PENDED
CLM0000149,MBR102655,2026-02-19,DENTAL,Z00.00,2027.92,PENDED
CLM0000150,MBR101377,2026-04-06,PROFESSIONAL,N39.0,4107.71,PENDED
CLM0000151,MBR108753,2026-01-02,PHARMACY,N39.0,2903.46,PAID
CLM0000152,MBR104977,2026-08-22,PROFESSIONAL,S82.401A,4159.30,PAID
CLM0000153,MBR106840,2026-05-22,PROFESSIONAL,J45.909,2313.34,PAID
CLM0000154,MBR108406,2026-04-11,PROFESSIONAL,J45.909,2365.11,PAID
CLM0000155,MBR105027,2026-07-10,INSTITUTIONAL,Z00.00,959.68,PAID
CLM0000156,MBR109048,2026-01-12,DENTAL,E78.5,370.82,PAID
CLM0000157,MBR104317,2026-01-24,INSTITUTIONAL,E11.9,4677.35,PAID
CLM0000158,MBR108838,2026-08-27,DENTAL,Z00.00,1761.54,PAID
CLM0000159,MBR101488,2026-03-13,PHARMACY,K21.9,3948.82,PAID
CLM0000160,MBR101520,2026-03-01,PHARMACY,M54.5,1895.82,PAID
CLM0000161,MBR100905,2026-05-30,INSTITUTIONAL,N39.0,2586.02,DENIED
CLM0000162,MBR105797,2026-05-02,INSTITUTIONAL,F41.1,2386.11,PAID
CLM0000163,MBR108718,2026-05-25,PROFESSIONAL,I10,4033.48,PAID
CLM0000164,MBR100250,2026-07-24,PHARMACY,E78.5,1045.83,PAID
CLM0000165,MBR101129,2026-02-22,PROFESSIONAL,E11.9,4193.97,PAID
CLM0000166,MBR108438,2026-05-29,PHARMACY,S82.401A,4919.66,PAID
CLM0000167,MBR102172,2026-02-13,DENTAL,E78.5,2933.38,PAID
CLM0000168,MBR105130,2026-05-23,PROFESSIONAL,R51.9,3503.41,PENDED
CLM0000169,MBR101231,2026-01-20,PROFESSIONAL,K21.9,3393.23,PENDED
CLM0000170,MBR102541,2026-03-24,DENTAL,F41.1,3285.85,PAID
CLM0000171,MBR108990,2026-05-01,INSTITUTIONAL,J06.9,3736.28,PAID
CLM0000172,MBR104402,2026-07-05,DENTAL,I10,3238.08,PENDED
CLM0000173,MBR103988,2026-05-07,PHARMACY,J45.909,3039.25,PAID
CLM0000174,MBR109876,2026-02-07,PHARMACY,E11.9,521.70,PAID
CLM0000175,MBR101550,2026-06-18,DENTAL,E78.5,752.20,PENDED
CLM0000176,MBR103753,2026-03-14,PROFESSIONAL,N39.0,3059.79,PENDED
CLM0000177,MBR106060,2026-05-09,INSTITUTIONAL,R51.9,3039.78,PAID
CLM0000178,MBR104524,2026-04-06,PROFESSIONAL,R51.9,4048.49,PAID
CLM0000179,MBR108140,2026-07-31,DENTAL,E11.9,3586.96,PAID
CLM0000180,MBR109980,2026-08-03,INSTITUTIONAL,E11.9,2737.68,PENDED
CLM0000181,MBR100613,2026-01-01,PROFESSIONAL,,1192.00,PAID
CLM0000182,MBR100174,2026-03-08,INSTITUTIONAL,E78.5,4501.48,PENDED
CLM0000183,MBR101713,2026-06-30,INSTITUTIONAL,J06.9,2311.30,PENDED
CLM0000184,MBR100291,2026-02-04,PROFESSIONAL,E11.9,3550.50,PENDED
CLM0000185,MBR102977,2026-08-30,PROFESSIONAL,E11.9,1740.00,PAID
CLM0000186,MBR102404,2026-07-28,PROFESSIONAL,I10,4582.13,PENDED
CLM0000187,MBR105386,2026-04-02,DENTAL,E11.9,247.65,PAID
CLM0000188,MBR100796,2026-08-12,PROFESSIONAL,J06.9,1471.42,PAID
CLM0000189,MBR108067,2026-02-06,PROFESSIONAL,N39.0,140.83,PAID
CLM0000190,MBR101295,2026-08-12,PROFESSIONAL,J45.909,3673.27,PAID
CLM0000191,MBR109667,2026-03-24,PHARMACY,R51.9,939.99,PAID
CLM0000192,MBR107899,2026-02-19,DENTAL,F41.1,1461.90,PAID
CLM0000193,MBR109479,2026-06-10,INSTITUTIONAL,R51.9,4537.47,PENDED
CLM0000194,MBR107202,2026-04-02,PROFESSIONAL,Z00.00,4789.00,PENDED
CLM0000195,MBR107574,2026-07-23,PHARMACY,E11.9,4313.36,PENDED
CLM0000196,MBR109509,2026-06-27,INSTITUTIONAL,I10,,PAID
CLM0000197,MBR104332,2026-06-02,DENTAL,E11.9,4688.85,DENIED
CLM0000198,MBR109306,2026-04-22,PROFESSIONAL,E78.5,3258.54,PAID
CLM0000199,MBR101633,2026-05-10,INSTITUTIONAL,E78.5,3983.14,PENDED
CLM0000200,MBR101399,2026-03-09,DENTAL,Z00.00,118.55,PAID
CLM0000201,MBR102393,2026-08-17,PHARMACY,N39.0,4809.52,PAID
CLM0000202,MBR106366,2026-01-22,INSTITUTIONAL,N39.0,1314.97,PAID
CLM0000203,MBR101826,2026-03-07,PROFESSIONAL,E78.5,2336.63,PENDED
CLM0000204,MBR109553,2026-05-27,PHARMACY,M54.5,2767.78,PAID
CLM0000205,MBR101893,2026-07-31,PHARMACY,R51.9,,PAID
CLM0000206,MBR106875,2026-02-01,INSTITUTIONAL,,2633.55,PAID
CLM0000207,MBR107244,2026-02-08,PHARMACY,M54.5,4885.32,PAID
CLM0000208,MBR106663,2026-07-24,PROFESSIONAL,F41.1,878.17,PAID
CLM0000209,MBR109166,2026-06-21,PHARMACY,K21.9,3505.97,PAID
CLM0000210,MBR105819,2026-03-29,PROFESSIONAL,R51.9,41.58,PENDED
CLM0000211,MBR109654,2026-02-26,PROFESSIONAL,J45.909,2852.83,PAID
CLM0000212,MBR104918,2026-07-06,INSTITUTIONAL,S82.401A,697.90,PAID
CLM0000213,MBR101393,2026-06-09,INSTITUTIONAL,J45.909,1242.37,PAID
CLM0000214,MBR101411,2026-07-05,DENTAL,N39.0,,PAID
CLM0000215,MBR102795,2026-08-07,DENTAL,M54.5,4021.67,PAID
CLM0000216,MBR101252,2026-07-07,INSTITUTIONAL,S82.401A,2595.00,PAID
CLM0000217,MBR103235,2026-01-11,PROFESSIONAL,I10,186.45,PAID
CLM0000218,MBR104609,2026-04-10,PROFESSIONAL,Z00.00,1193.00,PAID
CLM0000219,MBR105617,2026-03-28,PROFESSIONAL,Z00.00,780.20,PENDED
CLM0000220,MBR101950,2026-04-13,INSTITUTIONAL,Z00.00,1547.70,PAID
CLM0000221,MBR109798,2026-08-09,DENTAL,S82.401A,4845.64,PAID
CLM0000222,MBR107826,2026-04-12,DENTAL,I10,634.79,PAID
CLM0000223,MBR107629,2026-01-26,DENTAL,F41.1,1313.00,PAID
CLM0000224,MBR108591,2026-04-06,DENTAL,E78.5,447.88,PAID
CLM0000225,MBR101683,2026-07-04,PROFESSIONAL,N39.0,427.46,PAID
CLM0000226,MBR105483,2026-04-24,INSTITUTIONAL,S82.401A,2477.83,PAID
CLM0000227,MBR100036,2026-03-13,PHARMACY,M54.5,3969.19,PAID
CLM0000228,MBR104758,2026-01-17,PHARMACY,Z00.00,2511.40,PAID
CLM0000229,MBR104063,2026-08-27,PROFESSIONAL,I10,827.54,DENIED
CLM0000230,MBR108814,2026-02-28,PROFESSIONAL,I10,4444.79,PAID
CLM0000231,MBR105593,2026-06-17,PHARMACY,M54.5,4940.87,PAID
CLM0000232,MBR109958,2026-07-20,INSTITUTIONAL,Z00.00,1772.53,PAID
CLM0000233,MBR109876,2026-07-09,PHARMACY,F41.1,3673.56,PAID
CLM0000234,MBR102707,2026-08-20,DENTAL,E78.5,4624.88,PAID
CLM0000235,MBR105716,2026-03-20,PROFESSIONAL,J06.9,2556.46,PAID
CLM0000236,MBR100906,2026-03-16,DENTAL,F41.1,2056.87,PENDED
CLM0000237,MBR103278,2026-02-17,PHARMACY,M54.5,1633.37,PAID
CLM0000238,MBR102386,2026-03-09,INSTITUTIONAL,I10,1917.61,PAID
CLM0000239,MBR101545,2026-04-06,INSTITUTIONAL,Z00.00,,PAID
CLM0000240,MBR102639,2026-07-08,PHARMACY,Z00.00,3953.50,PAID
CLM0000241,MBR102736,2026-07-31,DENTAL,M54.5,293.10,PAID
CLM0000242,MBR104275,2026-02-25,PROFESSIONAL,S82.401A,2126.24,PAID
CLM0000243,MBR101677,2026-01-19,PHARMACY,K21.9,3878.38,PAID
CLM0000244,MBR109189,2026-05-02,PROFESSIONAL,Z00.00,587.22,PAID
CLM0000245,MBR104349,2026-05-22,PROFESSIONAL,R51.9,2997.86,PAID
CLM0000246,MBR104904,2026-06-17,PHARMACY,Z00.00,4005.53,PAID
CLM0000247,MBR102034,2026-08-30,PHARMACY,E78.5,3022.64,PAID
CLM0000248,MBR109713,2026-04-24,INSTITUTIONAL,J06.9,4644.77,DENIED
CLM0000249,MBR105359,2026-08-16,PROFESSIONAL,J06.9,3273.07,DENIED
CLM0000250,MBR100948,2026-03-11,PROFESSIONAL,R51.9,2392.10,PENDED
CLM0000251,MBR108273,2026-05-22,PROFESSIONAL,K21.9,3758.54,PAID
CLM0000252,MBR101067,2026-01-16,INSTITUTIONAL,K21.9,2438.39,PAID
CLM0000253,MBR104090,2026-03-01,DENTAL,E78.5,2120.27,PENDED
CLM0000254,MBR101798,2026-01-05,INSTITUTIONAL,N39.0,1318.12,PAID
CLM0000255,MBR109300,2026-08-02,PHARMACY,K21.9,2310.32,PAID
CLM0000256,MBR109576,2026-07-08,PROFESSIONAL,J06.9,4329.58,DENIED
CLM0000257,MBR102435,2026-04-23,PROFESSIONAL,J06.9,1824.44,PAID
CLM0000258,MBR102323,2026-03-14,DENTAL,J06.9,256.01,DENIED
CLM0000259,MBR104681,2026-04-26,PHARMACY,Z00.00,3536.35,PENDED
CLM0000260,MBR100958,2026-03-06,PROFESSIONAL,E11.9,3149.50,PAID
CLM0000261,MBR108197,2026-02-05,PROFESSIONAL,J06.9,1574.83,PAID
CLM0000262,MBR104333,2026-07-04,PROFESSIONAL,N39.0,1148.66,PAID
CLM0000263,MBR103941,2026-06-01,DENTAL,J06.9,4681.21,PAID
CLM0000264,MBR102278,2026-01-11,PHARMACY,E11.9,3776.72,PAID
CLM0000265,MBR102097,2026-02-09,PROFESSIONAL,Z00.00,4129.88,PAID
CLM0000266,MBR108476,2026-05-20,PROFESSIONAL,N39.0,3270.46,PAID
CLM0000267,MBR105805,2026-07-16,PHARMACY,K21.9,3674.17,PAID
CLM0000268,MBR109585,2026-08-25,INSTITUTIONAL,R51.9,4529.08,PENDED
CLM0000269,MBR108567,2026-08-10,PHARMACY,J45.909,3657.76,DENIED
CLM0000270,MBR103888,2026-08-28,PROFESSIONAL,N39.0,3650.93,PENDED
CLM0000271,MBR104106,2026-05-09,INSTITUTIONAL,N39.0,3697.34,PAID
CLM0000272,MBR107312,2026-06-12,DENTAL,J06.9,2319.08,PENDED
CLM0000273,MBR107842,2026-04-29,DENTAL,K21.9,3048.36,PAID
CLM0000274,MBR104491,2026-04-07,DENTAL,I10,2550.66,DENIED
CLM0000275,MBR108312,2026-04-22,PHARMACY,R51.9,440.51,PENDED
CLM0000276,MBR102426,2026-06-25,PROFESSIONAL,J45.909,4183.19,PAID
CLM0000277,MBR103134,2026-04-19,PROFESSIONAL,S82.401A,1401.91,PAID
CLM0000278,MBR109553,2026-05-01,DENTAL,M54.5,3771.50,DENIED
CLM0000279,MBR106169,2026-08-24,PROFESSIONAL,S82.401A,952.66,PAID
CLM0000280,MBR105430,2026-02-15,PROFESSIONAL,M54.5,1076.59,PAID
CLM0000281,MBR109749,2026-08-05,INSTITUTIONAL,E11.9,2298.87,PAID
CLM0000282,MBR109490,2026-02-26,DENTAL,J45.909,1045.10,PENDED
CLM0000283,MBR100526,2026-05-21,PROFESSIONAL,M54.5,195.32,PAID
CLM0000284,MBR105024,2026-04-27,DENTAL,K21.9,2377.45,PAID
CLM0000285,MBR101570,2026-08-10,INSTITUTIONAL,J06.9,4073.97,PENDED
CLM0000286,MBR108988,2026-05-01,PHARMACY,J45.909,1327.63,PENDED
CLM0000287,MBR102666,2026-04-14,PHARMACY,R51.9,948.19,DENIED
CLM0000288,MBR109934,2026-06-24,PROFESSIONAL,J45.909,240.31,PAID
CLM0000289,MBR105705,2026-02-05,INSTITUTIONAL,E11.9,1849.93,PAID
CLM0000290,MBR106404,2026-03-17,PROFESSIONAL,E78.5,3557.33,PAID
CLM0000291,MBR102279,2026-01-22,PHARMACY,K21.9,1061.34,PAID
CLM0000292,MBR102973,2026-05-26,INSTITUTIONAL,E11.9,2635.34,PAID
CLM0000293,MBR106585,2026-08-28,PROFESSIONAL,I10,3679.64,PAID
CLM0000294,MBR107519,2026-01-24,PROFESSIONAL,R51.9,4971.31,PAID
CLM0000295,MBR101242,2026-01-13,DENTAL,K21.9,3398.82,PAID
CLM0000296,MBR105951,2026-06-29,DENTAL,Z00.00,1313.41,PAID
CLM0000297,MBR101949,2026-05-05,PROFESSIONAL,J45.909,1014.76,PENDED
CLM0000298,MBR101000,2026-06-22,DENTAL,R51.9,1901.00,PAID
CLM0000299,MBR108089,2026-02-07,PHARMACY,,1317.65,DENIED
CLM0000300,MBR105758,2026-02-07,INSTITUTIONAL,S82.401A,1125.73,PAID
CLM0000301,MBR102606,2026-02-08,INSTITUTIONAL,M54.5,4320.37,PENDED
CLM0000302,MBR102128,2026-07-24,PROFESSIONAL,E78.5,1274.00,PAID
CLM0000303,MBR104148,2026-04-19,PROFESSIONAL,R51.9,4165.40,PAID
CLM0000304,MBR106242,2026-01-24,PROFESSIONAL,F41.1,4794.71,PAID
CLM0000305,MBR108998,2026-03-25,INSTITUTIONAL,F41.1,4530.63,DENIED
CLM0000306,MBR100694,2026-03-20,INSTITUTIONAL,K21.9,4453.38,PAID
CLM0000307,MBR104697,2026-01-12,PHARMACY,R51.9,4447.46,PENDED
CLM0000308,MBR106012,2026-03-10,PHARMACY,,475.86,PAID
CLM0000309,MBR103120,2026-03-19,PHARMACY,S82.401A,4137.06,PENDED
CLM0000310,MBR108954,2026-08-17,DENTAL,Z00.00,4342.94,PENDED
CLM0000311,MBR107237,2026-07-23,INSTITUTIONAL,K21.9,542.34,PENDED
CLM0000312,MBR102906,2026-08-25,DENTAL,I10,4340.07,PAID
CLM0000313,MBR100976,2026-06-05,PHARMACY,N39.0,4786.90,PAID
CLM0000314,MBR103215,2026-01-23,PROFESSIONAL,I10,1651.80,PAID
CLM0000315,MBR104707,2026-05-25,INSTITUTIONAL,R51.9,447.83,PAID
CLM0000316,MBR102688,2026-02-17,PHARMACY,E11.9,2371.79,PAID
CLM0000317,MBR104699,2026-02-12,PROFESSIONAL,R51.9,2481.61,PAID
CLM0000318,MBR109583,2026-01-17,PROFESSIONAL,M54.5,4782.87,PAID
CLM0000319,MBR103259,2026-07-21,PROFESSIONAL,N39.0,1579.17,PAID
CLM0000320,MBR101581,2026-02-17,PHARMACY,E11.9,1788.06,PAID
CLM0000321,MBR107595,2026-04-09,PHARMACY,Z00.00,4473.99,PAID
CLM0000322,MBR101955,2026-08-31,PROFESSIONAL,F41.1,1012.95,PAID
CLM0000323,MBR102900,2026-08-07,INSTITUTIONAL,S82.401A,1353.43,PAID
CLM0000324,MBR106891,2026-08-23,INSTITUTIONAL,E78.5,3886.83,PAID
CLM0000325,MBR106622,2026-08-16,INSTITUTIONAL,R51.9,1316.58,PAID
CLM0000326,MBR102636,2026-03-08,PHARMACY,M54.5,650.65,PAID
CLM0000327,MBR102659,2026-07-08,DENTAL,S82.401A,791.44,PENDED
CLM0000328,MBR105092,2026-06-21,PROFESSIONAL,J45.909,4902.07,DENIED
CLM0000329,MBR104768,2026-02-27,PROFESSIONAL,F41.1,4884.92,PAID
CLM0000330,MBR100129,2026-03-24,INSTITUTIONAL,I10,4828.36,PENDED
CLM0000331,MBR100005,2026-06-07,DENTAL,E78.5,2375.26,PAID
CLM0000332,MBR105191,2026-04-05,PROFESSIONAL,E78.5,2158.85,PAID
CLM0000333,MBR103272,2026-06-06,PHARMACY,,4101.68,PAID
CLM0000334,MBR103955,2026-06-11,INSTITUTIONAL,J45.909,290.27,PAID
CLM0000335,MBR103579,2026-02-12,INSTITUTIONAL,J45.909,2966.64,PENDED
CLM0000336,MBR107465,2026-06-11,DENTAL,E11.9,1707.87,DENIED
CLM0000337,MBR106811,2026-06-04,DENTAL,F41.1,3839.64,PAID
CLM0000338,MBR107613,2026-02-18,PROFESSIONAL,J06.9,663.04,PAID
CLM0000339,MBR105774,2026-01-02,PHARMACY,R51.9,2240.51,DENIED
CLM0000340,MBR100456,2026-08-14,DENTAL,R51.9,1399.67,PAID
CLM0000341,MBR106015,2026-06-07,PROFESSIONAL,I10,2350.80,PAID
CLM0000342,MBR108417,2026-04-29,INSTITUTIONAL,Z00.00,3399.40,PAID
CLM0000343,MBR104265,2026-04-27,INSTITUTIONAL,E78.5,4087.24,PAID
CLM0000344,MBR101351,2026-02-10,PHARMACY,I10,3274.55,PAID
CLM0000345,MBR108344,2026-03-19,PHARMACY,S82.401A,2237.26,PENDED
CLM0000346,MBR104445,2026-06-12,PROFESSIONAL,M54.5,2893.70,PAID
CLM0000347,MBR102039,2026-04-24,INSTITUTIONAL,N39.0,2707.74,DENIED
CLM0000348,MBR106347,2026-01-20,PHARMACY,I10,1650.26,PAID
CLM0000349,MBR108428,2026-08-12,PROFESSIONAL,E78.5,924.41,DENIED
CLM0000350,MBR105436,2026-03-06,INSTITUTIONAL,J06.9,3137.51,PAID
CLM0000351,MBR105077,2026-07-08,DENTAL,J45.909,1679.35,PAID
CLM0000352,MBR103139,2026-05-22,PHARMACY,Z00.00,2280.66,PAID
CLM0000353,MBR101844,2026-05-05,PROFESSIONAL,E78.5,,DENIED
CLM0000354,MBR105522,2026-04-16,DENTAL,I10,4147.42,PAID
CLM0000355,MBR109442,2026-02-10,PROFESSIONAL,Z00.00,3608.78,PAID
CLM0000356,MBR107878,2026-04-18,DENTAL,M54.5,2739.63,PAID
CLM0000357,MBR101623,2026-06-12,DENTAL,F41.1,2695.15,PAID
CLM0000358,MBR104624,2026-05-22,INSTITUTIONAL,F41.1,1001.81,PAID
CLM0000359,MBR108196,2026-03-23,PROFESSIONAL,S82.401A,387.29,PAID
CLM0000360,MBR101114,2026-07-04,INSTITUTIONAL,F41.1,2175.70,PAID
CLM0000361,MBR109035,2026-05-04,DENTAL,I10,26.39,PAID
CLM0000362,MBR106025,2026-03-09,DENTAL,M54.5,4307.02,PAID
CLM0000363,MBR102623,2026-02-19,PROFESSIONAL,I10,3841.31,PAID
CLM0000364,MBR101670,2026-04-18,DENTAL,Z00.00,,PENDED
CLM0000365,MBR105043,2026-08-21,PROFESSIONAL,F41.1,2284.13,PAID
CLM0000366,MBR108489,2026-08-20,PHARMACY,E78.5,1771.84,PAID
CLM0000367,MBR105191,2026-06-12,INSTITUTIONAL,J06.9,3571.87,PAID
CLM0000368,MBR101776,2026-04-21,DENTAL,Z00.00,3397.51,PAID
CLM0000369,MBR107644,2026-04-24,INSTITUTIONAL,J06.9,1153.74,PAID
CLM0000370,MBR109006,2026-01-18,PHARMACY,S82.401A,1087.68,DENIED
CLM0000371,MBR105174,2026-05-18,INSTITUTIONAL,S82.401A,828.97,PAID
CLM0000372,MBR109768,2026-07-08,INSTITUTIONAL,E78.5,2633.73,DENIED
CLM0000373,MBR109239,2026-05-30,PROFESSIONAL,S82.401A,606.17,PAID
CLM0000374,MBR100270,2026-01-12,INSTITUTIONAL,E11.9,4204.61,PAID
CLM0000375,MBR107814,2026-03-06,PROFESSIONAL,E11.9,4704.83,PAID
CLM0000376,MBR105861,2026-04-18,DENTAL,J45.909,1243.91,DENIED
CLM0000377,MBR106982,2026-01-25,DENTAL,I10,2635.64,PAID
CLM0000378,MBR103894,2026-04-24,INSTITUTIONAL,J45.909,1315.76,DENIED
CLM0000379,MBR106135,2026-08-11,PHARMACY,K21.9,1021.75,DENIED
CLM0000380,MBR105330,2026-01-17,PHARMACY,J06.9,829.89,PAID
CLM0000381,MBR101585,2026-01-07,PHARMACY,,2200.84,PENDED
CLM0000382,MBR104532,2026-03-30,PROFESSIONAL,F41.1,3542.79,PAID
CLM0000383,MBR109401,2026-08-26,PROFESSIONAL,F41.1,3369.87,DENIED
CLM0000384,MBR108395,2026-02-04,PROFESSIONAL,F41.1,2473.64,PAID
CLM0000385,MBR103912,2026-08-27,DENTAL,K21.9,2967.34,DENIED
CLM0000386,MBR105471,2026-01-28,DENTAL,R51.9,2095.33,PAID
CLM0000387,MBR100084,2026-04-04,INSTITUTIONAL,Z00.00,1097.00,DENIED
CLM0000388,MBR101618,2026-01-06,PROFESSIONAL,J45.909,461.25,PAID
CLM0000389,MBR103877,2026-03-22,DENTAL,E11.9,1425.31,DENIED
CLM0000390,MBR105448,2026-05-22,INSTITUTIONAL,M54.5,4189.13,PAID
CLM0000391,MBR109086,2026-01-05,PHARMACY,J06.9,2347.17,PENDED
CLM0000392,MBR101756,2026-07-17,PHARMACY,F41.1,4906.95,PAID
CLM0000393,MBR102816,2026-02-03,DENTAL,R51.9,3114.25,DENIED
CLM0000394,MBR105536,2026-02-25,DENTAL,K21.9,3153.46,PAID
CLM0000395,MBR109287,2026-01-09,PROFESSIONAL,,2775.98,PAID
CLM0000396,MBR103320,2026-01-03,DENTAL,S82.401A,1767.00,PAID
CLM0000397,MBR101034,2026-02-14,PROFESSIONAL,J06.9,4874.40,PAID
CLM0000398,MBR100655,2026-07-29,INSTITUTIONAL,M54.5,3331.43,DENIED
CLM0000399,MBR106749,2026-07-06,PROFESSIONAL,M54.5,1216.03,PAID
CLM0000400,MBR102181,2026-05-10,PROFESSIONAL,E11.9,1000.63,PENDED
CLM0000401,MBR101679,2026-01-14,PROFESSIONAL,Z00.00,3609.75,DENIED
CLM0000402,MBR109875,2026-02-03,PROFESSIONAL,R51.9,103.77,PAID
CLM0000403,MBR100159,2026-08-02,PROFESSIONAL,I10,3737.57,PENDED
CLM0000404,MBR107679,2026-06-11,INSTITUTIONAL,N39.0,1455.69,PAID
CLM0000405,MBR100422,2026-07-23,PROFESSIONAL,K21.9,1803.84,PENDED
CLM0000406,MBR105479,2026-05-25,DENTAL,S82.401A,129.67,PAID
CLM0000407,MBR104227,2026-02-05,PROFESSIONAL,E78.5,109.86,PAID
CLM0000408,MBR104253,2026-03-17,PROFESSIONAL,K21.9,2908.17,PAID
CLM0000409,MBR100886,2026-03-08,DENTAL,R51.9,,PAID
CLM0000410,MBR101887,2026-02-20,PROFESSIONAL,J06.9,2065.64,PAID
CLM0000411,MBR102404,2026-01-16,PHARMACY,F41.1,3506.88,PAID
CLM0000412,MBR103844,2026-06-20,PHARMACY,E11.9,4253.01,PAID
CLM0000413,MBR109513,2026-08-31,PHARMACY,S82.401A,4427.77,PAID
CLM0000414,MBR108484,2026-05-20,PROFESSIONAL,E11.9,2330.51,PAID
CLM0000415,MBR108491,2026-01-11,PHARMACY,,1230.37,PAID
CLM0000416,MBR103819,2026-05-20,PROFESSIONAL,R51.9,4643.87,PAID
CLM0000417,MBR105294,2026-05-15,PHARMACY,E11.9,3069.24,PAID
CLM0000418,MBR105302,2026-08-03,PROFESSIONAL,S82.401A,451.63,PAID
CLM0000419,MBR108807,2026-01-15,PROFESSIONAL,E78.5,1442.72,PENDED
CLM0000420,MBR105844,2026-01-06,PHARMACY,J45.909,282.66,PAID
CLM0000421,MBR109188,2026-01-03,PHARMACY,I10,3901.05,PAID
CLM0000422,MBR106643,2026-08-14,PROFESSIONAL,,,PAID
CLM0000423,MBR108213,2026-05-24,DENTAL,E11.9,1757.49,PENDED
CLM0000424,MBR106344,2026-08-13,INSTITUTIONAL,J45.909,474.48,PENDED
CLM0000425,MBR104933,2026-05-13,DENTAL,E11.9,4248.09,PAID
CLM0000426,MBR100829,2026-07-04,INSTITUTIONAL,Z00.00,2311.88,DENIED
CLM0000427,MBR103548,2026-03-26,DENTAL,K21.9,2024.74,PAID
CLM0000428,MBR106247,2026-02-20,INSTITUTIONAL,R51.9,2432.88,PAID
CLM0000429,MBR106910,2026-07-07,DENTAL,J45.909,208.84,PAID
CLM0000430,MBR104967,2026-01-07,DENTAL,K21.9,2374.39,PENDED
CLM0000431,MBR102237,2026-03-16,DENTAL,N39.0,3152.41,PENDED
CLM0000432,MBR100477,2026-05-06,DENTAL,S82.401A,229.91,PAID
CLM0000433,MBR105649,2026-03-06,PHARMACY,Z00.00,188.67,PAID
CLM0000434,MBR104925,2026-04-30,PROFESSIONAL,R51.9,1787.01,PAID
CLM0000435,MBR103928,2026-07-23,PHARMACY,Z00.00,1661.63,PAID
CLM0000436,MBR103685,2026-06-03,PROFESSIONAL,F41.1,4326.28,PENDED
CLM0000437,MBR106030,2026-07-31,PHARMACY,K21.9,2884.60,PAID
CLM0000438,MBR108328,2026-05-01,DENTAL,J06.9,1041.24,PENDED
CLM0000439,MBR106816,2026-04-18,PROFESSIONAL,N39.0,1484.07,DENIED
CLM0000440,MBR107011,2026-02-06,DENTAL,S82.401A,4927.05,PAID
CLM0000441,MBR109581,2026-05-05,PROFESSIONAL,E11.9,3681.83,PAID
CLM0000442,MBR103358,2026-07-28,PROFESSIONAL,F41.1,1220.48,PAID
CLM0000443,MBR106428,2026-03-16,DENTAL,E78.5,4046.98,PENDED
CLM0000444,MBR109931,2026-08-25,PHARMACY,Z00.00,3480.42,PAID
CLM0000445,MBR108695,2026-06-06,PROFESSIONAL,J45.909,4165.71,PAID
CLM0000446,MBR109279,2026-08-17,DENTAL,N39.0,3824.02,PAID
CLM0000447,MBR108120,2026-06-28,DENTAL,E78.5,1676.60,DENIED
CLM0000448,MBR106017,2026-08-04,PROFESSIONAL,S82.401A,1867.82,PAID
CLM0000449,MBR100626,2026-07-11,DENTAL,N39.0,970.20,PAID
CLM0000450,MBR104523,2026-07-24,PHARMACY,M54.5,2244.58,PENDED
CLM0000451,MBR103362,2026-02-23,PROFESSIONAL,S82.401A,2932.89,PAID
CLM0000452,MBR109166,2026-05-14,INSTITUTIONAL,E11.9,89.64,PAID
CLM0000453,MBR106124,2026-06-17,DENTAL,J45.909,4429.62,DENIED
CLM0000454,MBR109778,2026-02-20,PROFESSIONAL,Z00.00,859.34,DENIED
CLM0000455,MBR109841,2026-03-08,PHARMACY,J45.909,2348.29,PAID
CLM0000456,MBR108740,2026-02-28,DENTAL,I10,489.01,PAID
CLM0000457,MBR109869,2026-08-20,PROFESSIONAL,M54.5,147.86,PAID
CLM0000458,MBR106828,2026-05-10,PHARMACY,I10,821.88,PENDED
CLM0000459,MBR105355,2026-08-22,PHARMACY,E11.9,1323.39,PENDED
CLM0000460,MBR102468,2026-05-10,PROFESSIONAL,I10,3658.18,DENIED
CLM0000461,MBR106288,2026-07-22,INSTITUTIONAL,K21.9,3887.55,PAID
CLM0000462,MBR100767,2026-08-29,PROFESSIONAL,S82.401A,3268.50,DENIED
CLM0000463,MBR100147,2026-01-14,PHARMACY,M54.5,156.63,PAID
CLM0000464,MBR105950,2026-02-14,INSTITUTIONAL,E78.5,2498.74,PAID
CLM0000465,MBR108343,2026-04-15,PROFESSIONAL,,3698.17,PAID
CLM0000466,MBR103699,2026-06-23,PROFESSIONAL,N39.0,714.34,PAID
CLM0000467,MBR107515,2026-05-13,PROFESSIONAL,S82.401A,1890.79,PENDED
CLM0000468,MBR105376,2026-07-17,INSTITUTIONAL,Z00.00,2641.55,PAID
CLM0000469,MBR107998,2026-06-23,DENTAL,I10,72.86,PAID
CLM0000470,MBR106257,2026-01-10,PROFESSIONAL,M54.5,1349.61,PAID
CLM0000471,MBR102341,2026-08-20,PROFESSIONAL,E78.5,3436.86,PAID
CLM0000472,MBR105142,2026-02-08,DENTAL,Z00.00,3570.13,PAID
CLM0000473,MBR109531,2026-06-19,PROFESSIONAL,E11.9,2966.33,PAID
CLM0000474,MBR104374,2026-08-28,PROFESSIONAL,N39.0,4895.29,DENIED
CLM0000475,MBR106333,2026-08-22,PHARMACY,E78.5,3115.99,PAID
CLM0000476,MBR106584,2026-01-07,PHARMACY,I10,3946.01,PAID
CLM0000477,MBR105594,2026-04-15,PROFESSIONAL,F41.1,4327.38,PAID
CLM0000478,MBR105120,2026-01-19,PROFESSIONAL,Z00.00,923.30,PENDED
CLM0000479,MBR104388,2026-07-26,DENTAL,E78.5,261.13,PAID
CLM0000480,MBR106114,2026-03-10,PROFESSIONAL,M54.5,1540.58,PAID
CLM0000481,MBR108244,2026-07-01,INSTITUTIONAL,E11.9,3430.39,PAID
CLM0000482,MBR106843,2026-05-22,PROFESSIONAL,R51.9,4676.38,PAID
CLM0000483,MBR109851,2026-01-09,PROFESSIONAL,E78.5,3266.25,PAID
CLM0000484,MBR105874,2026-03-19,PROFESSIONAL,E78.5,4458.79,PENDED
CLM0000485,MBR103349,2026-05-27,PROFESSIONAL,F41.1,1056.38,PAID
CLM0000486,MBR108221,2026-02-26,PROFESSIONAL,F41.1,1406.59,PAID
CLM0000487,MBR103480,2026-06-03,INSTITUTIONAL,J06.9,4546.94,PAID
CLM0000488,MBR100110,2026-02-23,PHARMACY,S82.401A,4304.40,PAID
CLM0000489,MBR103446,2026-05-15,PHARMACY,E11.9,4777.50,PENDED
CLM0000490,MBR108639,2026-04-14,PROFESSIONAL,R51.9,2014.03,PAID
CLM0000491,MBR109787,2026-02-18,DENTAL,J06.9,4324.15,PAID
CLM0000492,MBR109595,2026-07-18,PHARMACY,K21.9,4614.56,DENIED
CLM0000493,MBR103948,2026-02-05,PROFESSIONAL,E78.5,2900.08,PENDED
CLM0000494,MBR107951,2026-05-29,DENTAL,I10,2260.81,PAID
CLM0000495,MBR102199,2026-07-30,PHARMACY,J06.9,1662.35,PAID
CLM0000496,MBR100079,2026-02-04,PROFESSIONAL,J06.9,404.13,PAID
CLM0000497,MBR108677,2026-06-04,PROFESSIONAL,J45.909,2356.95,PAID
CLM0000498,MBR102186,2026-02-01,PROFESSIONAL,K21.9,4601.36,PENDED
CLM0000499,MBR104953,2026-08-12,DENTAL,J06.9,4759.80,PAID
CLM0000500,MBR101206,2026-02-14,PHARMACY,E78.5,3451.73,PAID
CLM0000501,MBR105244,2026-03-02,PROFESSIONAL,I10,2615.96,PAID
CLM0000502,MBR104698,2026-08-24,DENTAL,E78.5,2586.66,PAID
CLM0000503,MBR109914,2026-06-06,PHARMACY,N39.0,4680.23,PAID
CLM0000504,MBR109316,2026-02-16,DENTAL,K21.9,1755.79,PAID
CLM0000505,MBR109165,2026-03-09,PHARMACY,E11.9,3299.22,PENDED
CLM0000506,MBR101330,2026-06-26,PROFESSIONAL,M54.5,1785.84,PENDED
CLM0000507,MBR103667,2026-04-24,DENTAL,S82.401A,276.40,PAID
CLM0000508,MBR109018,2026-03-30,DENTAL,M54.5,2931.08,DENIED
CLM0000509,MBR101184,2026-08-11,PHARMACY,N39.0,4183.58,DENIED
CLM0000510,MBR108099,2026-03-21,PHARMACY,J45.909,1840.93,PAID
CLM0000511,MBR108019,2026-05-05,PROFESSIONAL,Z00.00,2795.91,PAID
CLM0000512,MBR102351,2026-06-22,INSTITUTIONAL,M54.5,34.96,PAID
CLM0000513,MBR109019,2026-02-09,PHARMACY,J06.9,3838.99,PAID
CLM0000514,MBR108226,2026-05-28,PHARMACY,K21.9,891.39,PAID
CLM0000515,MBR104239,2026-03-23,INSTITUTIONAL,E78.5,539.97,DENIED
CLM0000516,MBR108166,2026-08-06,DENTAL,I10,2170.95,PAID
CLM0000517,MBR104903,2026-04-04,PHARMACY,N39.0,698.69,PENDED
CLM0000518,MBR101351,2026-01-07,DENTAL,M54.5,985.05,PAID
CLM0000519,MBR107186,2026-07-23,PROFESSIONAL,J06.9,4205.16,DENIED
CLM0000520,MBR101607,2026-07-03,DENTAL,Z00.00,1486.41,PENDED
CLM0000521,MBR108393,2026-08-23,PROFESSIONAL,S82.401A,1188.12,PENDED
CLM0000522,MBR105792,2026-02-16,PROFESSIONAL,J45.909,1234.08,PAID
CLM0000523,MBR106660,2026-03-29,DENTAL,,4788.96,DENIED
CLM0000524,MBR108217,2026-04-14,PROFESSIONAL,M54.5,2950.22,PAID
CLM0000525,MBR104691,2026-07-10,PROFESSIONAL,E78.5,,DENIED
CLM0000526,MBR108391,2026-01-18,DENTAL,S82.401A,1479.06,DENIED
CLM0000527,MBR103599,2026-03-12,PROFESSIONAL,R51.9,2256.18,PENDED
CLM0000528,MBR104894,2026-03-20,PROFESSIONAL,E78.5,1802.71,PAID
CLM0000529,MBR103194,2026-02-17,DENTAL,S82.401A,4484.42,PAID
CLM0000530,MBR105505,2026-03-29,PROFESSIONAL,I10,4037.76,PAID
CLM0000531,MBR101704,2026-04-17,DENTAL,E78.5,4932.39,PAID
CLM0000532,MBR102701,2026-04-18,PHARMACY,N39.0,231.95,PAID
CLM0000533,MBR105348,2026-01-11,INSTITUTIONAL,E78.5,4186.51,DENIED
CLM0000534,MBR103479,2026-01-18,PHARMACY,,4286.92,PAID
CLM0000535,MBR101520,2026-04-03,DENTAL,Z00.00,4554.15,PAID
CLM0000536,MBR105719,2026-01-28,INSTITUTIONAL,E78.5,2058.40,PAID
CLM0000537,MBR108219,2026-06-11,DENTAL,E11.9,1832.23,PAID
CLM0000538,MBR101669,2026-05-12,PROFESSIONAL,S82.401A,3470.01,PAID
CLM0000539,MBR100579,2026-06-24,INSTITUTIONAL,S82.401A,3774.64,PAID
CLM0000540,MBR106947,2026-01-18,PROFESSIONAL,J06.9,3648.57,PAID
CLM0000541,MBR102720,2026-03-19,PHARMACY,F41.1,4167.85,DENIED
CLM0000542,MBR108850,2026-05-29,PROFESSIONAL,I10,46.85,PAID
CLM0000543,MBR100494,2026-07-04,PHARMACY,R51.9,4903.03,PAID
CLM0000544,MBR105468,2026-04-07,INSTITUTIONAL,M54.5,3944.55,PAID
CLM0000545,MBR108607,2026-05-31,PROFESSIONAL,F41.1,2456.32,PAID
CLM0000546,MBR101733,2026-04-03,INSTITUTIONAL,J45.909,1201.04,PAID
CLM0000547,MBR102024,2026-05-09,INSTITUTIONAL,,168.05,PAID
CLM0000548,MBR108029,2026-03-27,DENTAL,N39.0,4225.97,PAID
CLM0000549,MBR104732,2026-01-09,PHARMACY,E78.5,2104.59,PAID
CLM0000550,MBR100525,2026-03-25,INSTITUTIONAL,J06.9,941.94,PAID
CLM0000551,MBR104575,2026-06-01,INSTITUTIONAL,J06.9,2334.57,PENDED
CLM0000552,MBR103156,2026-07-15,INSTITUTIONAL,F41.1,158.32,PAID
CLM0000553,MBR109328,2026-08-11,PHARMACY,E78.5,3597.48,PAID
CLM0000554,MBR106240,2026-06-16,PROFESSIONAL,Z00.00,1316.37,PAID
CLM0000555,MBR104016,2026-07-19,PROFESSIONAL,J45.909,,DENIED
CLM0000556,MBR100437,2026-08-15,DENTAL,N39.0,665.07,DENIED
CLM0000557,MBR106094,2026-06-11,DENTAL,R51.9,4113.57,PENDED
CLM0000558,MBR104936,2026-04-22,DENTAL,I10,2895.98,PAID
CLM0000559,MBR106322,2026-06-24,PROFESSIONAL,J06.9,2075.17,PAID
CLM0000560,MBR109923,2026-03-08,PHARMACY,E11.9,3829.19,PAID
CLM0000561,MBR103265,2026-06-18,PHARMACY,J06.9,2376.30,PAID
CLM0000562,MBR108030,2026-05-11,PROFESSIONAL,E11.9,45.33,PENDED
CLM0000563,MBR100535,2026-01-11,INSTITUTIONAL,M54.5,3938.45,PAID
CLM0000564,MBR106892,2026-02-05,PROFESSIONAL,K21.9,4419.90,PENDED
CLM0000565,MBR107038,2026-04-05,PHARMACY,I10,383.94,PAID
CLM0000566,MBR106965,2026-03-14,PROFESSIONAL,E78.5,2016.34,PAID
CLM0000567,MBR107304,2026-07-11,PHARMACY,E11.9,3763.00,DENIED
CLM0000568,MBR102946,2026-04-22,PROFESSIONAL,Z00.00,2844.81,PAID
CLM0000569,MBR104229,2026-01-04,INSTITUTIONAL,J45.909,933.36,PAID
CLM0000570,MBR104539,2026-07-19,INSTITUTIONAL,S82.401A,4190.88,PAID
CLM0000571,MBR102677,2026-07-04,DENTAL,M54.5,4191.66,PENDED
CLM0000572,MBR107218,2026-04-17,DENTAL,E78.5,2409.86,PAID
CLM0000573,MBR104220,2026-02-12,PHARMACY,Z00.00,110.28,PAID
CLM0000574,MBR102360,2026-07-12,PHARMACY,R51.9,539.86,PAID
CLM0000575,MBR101429,2026-01-05,PHARMACY,I10,2038.97,PAID
CLM0000576,MBR105335,2026-06-09,PROFESSIONAL,S82.401A,2725.39,PENDED
CLM0000577,MBR109523,2026-04-20,PHARMACY,E78.5,3543.34,PENDED
CLM0000578,MBR104890,2026-01-20,DENTAL,S82.401A,4580.89,PENDED
CLM0000579,MBR100708,2026-03-16,PROFESSIONAL,K21.9,1954.91,PAID
CLM0000580,MBR107186,2026-06-13,PHARMACY,Z00.00,781.45,PAID
CLM0000581,MBR105848,2026-02-12,PROFESSIONAL,J45.909,1247.63,PAID
CLM0000582,MBR105176,2026-02-11,PROFESSIONAL,K21.9,4014.89,PENDED
CLM0000583,MBR109745,2026-07-20,PHARMACY,S82.401A,4772.81,DENIED
CLM0000584,MBR100887,2026-06-10,DENTAL,S82.401A,4285.22,DENIED
CLM0000585,MBR102085,2026-03-25,PHARMACY,J45.909,2665.12,PAID
CLM0000586,MBR101904,2026-06-05,PROFESSIONAL,R51.9,295.15,DENIED
CLM0000587,MBR105585,2026-06-08,INSTITUTIONAL,M54.5,2689.66,PAID
CLM0000588,MBR108079,2026-08-07,PROFESSIONAL,R51.9,3831.21,PAID
CLM0000589,MBR109513,2026-06-09,INSTITUTIONAL,F41.1,2378.40,PAID
CLM0000590,MBR105769,2026-01-01,DENTAL,N39.0,2893.39,PAID
CLM0000591,MBR100008,2026-03-17,INSTITUTIONAL,E78.5,617.53,PENDED
CLM0000592,MBR107845,2026-01-17,PHARMACY,E78.5,2989.78,PAID
CLM0000593,MBR105686,2026-02-18,DENTAL,N39.0,530.20,PAID
CLM0000594,MBR105179,2026-01-27,DENTAL,Z00.00,601.04,PAID
CLM0000595,MBR101279,2026-07-14,INSTITUTIONAL,N39.0,4693.06,PAID
CLM0000596,MBR105667,2026-08-22,INSTITUTIONAL,I10,1635.51,PAID
CLM0000597,MBR104455,2026-04-29,DENTAL,Z00.00,3303.40,PAID
CLM0000598,MBR102276,2026-04-04,PHARMACY,E78.5,2393.98,DENIED
CLM0000599,MBR107263,2026-03-26,PROFESSIONAL,E11.9,531.40,PAID
CLM0000600,MBR101143,2026-04-15,PHARMACY,E78.5,4847.25,PAID
CLM0000601,MBR105512,2026-06-18,DENTAL,J06.9,1502.41,PAID
CLM0000602,MBR105663,2026-03-16,PROFESSIONAL,R51.9,4729.51,PAID
CLM0000603,MBR105723,2026-03-06,PHARMACY,N39.0,2949.05,PENDED
CLM0000604,MBR100334,2026-07-14,DENTAL,I10,,PAID
CLM0000605,MBR100781,2026-02-24,INSTITUTIONAL,K21.9,1394.91,PAID
CLM0000606,MBR109159,2026-05-23,INSTITUTIONAL,R51.9,119.04,PAID
CLM0000607,MBR105145,2026-01-03,DENTAL,F41.1,2538.52,PAID
CLM0000608,MBR100414,2026-06-06,DENTAL,J06.9,306.00,PAID
CLM0000609,MBR102384,2026-07-03,PROFESSIONAL,Z00.00,3075.57,PAID
CLM0000610,MBR104099,2026-02-21,INSTITUTIONAL,M54.5,582.81,PAID
CLM0000611,MBR105919,2026-07-26,DENTAL,N39.0,1456.09,PAID
CLM0000612,MBR103475,2026-05-28,DENTAL,E11.9,2846.09,PAID
CLM0000613,MBR104564,2026-07-03,PHARMACY,J06.9,3495.58,PENDED
CLM0000614,MBR106835,2026-02-10,DENTAL,M54.5,4872.60,PAID
CLM0000615,MBR109684,2026-08-24,DENTAL,K21.9,1677.78,PENDED
CLM0000616,MBR103813,2026-05-22,INSTITUTIONAL,N39.0,4419.11,DENIED
CLM0000617,MBR104276,2026-04-17,INSTITUTIONAL,F41.1,4148.54,PAID
CLM0000618,MBR103075,2026-05-04,DENTAL,E78.5,702.92,PAID
CLM0000619,MBR108081,2026-07-10,DENTAL,E11.9,1607.28,PENDED
CLM0000620,MBR103240,2026-08-15,INSTITUTIONAL,J06.9,581.56,PAID
CLM0000621,MBR101766,2026-03-30,INSTITUTIONAL,J45.909,3584.92,PAID
CLM0000622,MBR100226,2026-07-07,PHARMACY,J45.909,159.89,PAID
CLM0000623,MBR106884,2026-06-22,DENTAL,N39.0,2914.99,PAID
CLM0000624,MBR109117,2026-08-04,PROFESSIONAL,N39.0,508.32,PAID
CLM0000625,MBR108989,2026-04-15,DENTAL,S82.401A,4779.87,PAID
CLM0000626,MBR105571,2026-06-29,PROFESSIONAL,N39.0,,PAID
CLM0000627,MBR106799,2026-02-06,INSTITUTIONAL,E11.9,,PAID
CLM0000628,MBR107940,2026-06-10,DENTAL,J06.9,1345.75,PAID
CLM0000629,MBR102150,2026-08-12,PROFESSIONAL,I10,3042.78,PAID
CLM0000630,MBR102991,2026-02-22,PHARMACY,M54.5,3901.82,PAID
CLM0000631,MBR107926,2026-06-21,PROFESSIONAL,K21.9,491.84,PAID
CLM0000632,MBR102199,2026-03-15,INSTITUTIONAL,I10,1432.83,PAID
CLM0000633,MBR105224,2026-04-15,INSTITUTIONAL,J06.9,357.65,DENIED
CLM0000634,MBR100531,2026-04-07,INSTITUTIONAL,J45.909,3242.58,DENIED
CLM0000635,MBR102005,2026-01-16,DENTAL,E11.9,3898.29,PAID
CLM0000636,MBR109122,2026-08-13,DENTAL,M54.5,1908.11,DENIED
CLM0000637,MBR107140,2026-01-22,DENTAL,,4374.34,PAID
CLM0000638,MBR104290,2026-01-23,INSTITUTIONAL,E11.9,1469.39,PAID
CLM0000639,MBR109307,2026-02-09,INSTITUTIONAL,J06.9,333.18,PAID
CLM0000640,MBR103161,2026-03-09,PHARMACY,J06.9,580.31,PENDED
CLM0000641,MBR104232,2026-08-11,PROFESSIONAL,R51.9,4488.83,PAID
CLM0000642,MBR103308,2026-06-16,DENTAL,N39.0,3642.45,PENDED
CLM0000643,MBR102030,2026-01-07,INSTITUTIONAL,R51.9,4040.25,PENDED
CLM0000644,MBR102251,2026-06-15,PHARMACY,S82.401A,2281.20,PAID
CLM0000645,MBR108654,2026-03-08,PROFESSIONAL,N39.0,442.05,PENDED
CLM0000646,MBR104966,2026-05-17,DENTAL,I10,4151.01,PAID
CLM0000647,MBR103250,2026-02-15,DENTAL,J45.909,2118.77,PAID
CLM0000648,MBR103434,2026-06-04,DENTAL,J45.909,1947.17,PAID
CLM0000649,MBR106910,2026-07-06,INSTITUTIONAL,S82.401A,2519.27,PAID
CLM0000650,MBR106553,2026-01-27,PROFESSIONAL,S82.401A,3056.55,PAID
CLM0000651,MBR105833,2026-05-01,PROFESSIONAL,,458.63,PAID
CLM0000652,MBR105603,2026-03-16,DENTAL,E78.5,3786.66,PAID
CLM0000653,MBR106296,2026-03-13,PHARMACY,S82.401A,2367.60,PAID
CLM0000654,MBR102353,2026-01-15,INSTITUTIONAL,R51.9,4971.88,PAID
CLM0000655,MBR106225,2026-01-02,PROFESSIONAL,Z00.00,553.93,DENIED
CLM0000656,MBR101518,2026-08-18,INSTITUTIONAL,S82.401A,2420.00,PAID
CLM0000657,MBR106370,2026-08-29,PROFESSIONAL,S82.401A,277.19,PAID
CLM0000658,MBR106758,2026-05-22,DENTAL,K21.9,1782.49,PAID
CLM0000659,MBR109245,2026-07-03,PROFESSIONAL,J45.909,3201.02,PENDED
CLM0000660,MBR103297,2026-04-29,DENTAL,F41.1,4340.00,PAID
CLM0000661,MBR109736,2026-07-31,INSTITUTIONAL,I10,4381.97,PENDED
CLM0000662,MBR108702,2026-03-24,PROFESSIONAL,N39.0,1791.48,DENIED
CLM0000663,MBR106198,2026-03-28,PHARMACY,F41.1,2022.32,PAID
CLM0000664,MBR108970,2026-01-18,DENTAL,Z00.00,309.21,PAID
CLM0000665,MBR104551,2026-02-10,INSTITUTIONAL,J06.9,3299.58,PAID
CLM0000666,MBR102421,2026-02-28,DENTAL,J06.9,3632.97,PAID
CLM0000667,MBR103287,2026-06-10,PHARMACY,I10,2115.07,PENDED
CLM0000668,MBR106016,2026-03-22,PHARMACY,N39.0,3515.38,PENDED
CLM0000669,MBR104789,2026-07-16,INSTITUTIONAL,M54.5,2165.02,PENDED
CLM0000670,MBR104720,2026-01-10,PHARMACY,R51.9,2261.52,PAID
CLM0000671,MBR101533,2026-04-24,PROFESSIONAL,I10,2950.88,PENDED
CLM0000672,MBR105177,2026-01-05,PHARMACY,S82.401A,2410.63,PENDED
CLM0000673,MBR109582,2026-04-14,DENTAL,Z00.00,4107.27,PAID
CLM0000674,MBR105594,2026-05-19,PHARMACY,F41.1,2047.68,PAID
CLM0000675,MBR108601,2026-08-25,PROFESSIONAL,I10,1824.80,DENIED
CLM0000676,MBR107650,2026-03-20,INSTITUTIONAL,E78.5,800.21,PAID
CLM0000677,MBR108604,2026-02-03,PHARMACY,,1945.60,PAID
CLM0000678,MBR105261,2026-04-08,PROFESSIONAL,I10,4085.78,PAID
CLM0000679,MBR101508,2026-07-11,DENTAL,J06.9,1238.67,PAID
CLM0000680,MBR106805,2026-08-23,PROFESSIONAL,F41.1,4106.90,PAID
CLM0000681,MBR109713,2026-08-14,PROFESSIONAL,J06.9,1670.83,PAID
CLM0000682,MBR103290,2026-02-19,DENTAL,E11.9,4316.18,PAID
CLM0000683,MBR101822,2026-04-01,DENTAL,J06.9,1708.88,PAID
CLM0000684,MBR107515,2026-01-22,PROFESSIONAL,M54.5,1004.49,PAID
CLM0000685,MBR100428,2026-02-11,PROFESSIONAL,M54.5,315.69,PAID
CLM0000686,MBR109896,2026-08-04,INSTITUTIONAL,S82.401A,182.25,PAID
CLM0000687,MBR105329,2026-04-16,DENTAL,E11.9,4736.23,PAID
CLM0000688,MBR100769,2026-01-18,DENTAL,,2168.16,PENDED
CLM0000689,MBR107474,2026-07-03,PROFESSIONAL,J06.9,490.09,PAID
CLM0000690,MBR106162,2026-04-28,PROFESSIONAL,Z00.00,4650.46,PAID
CLM0000691,MBR106194,2026-05-18,PROFESSIONAL,Z00.00,4280.23,PAID
CLM0000692,MBR108049,2026-05-16,PHARMACY,E11.9,2177.03,PAID
CLM0000693,MBR105605,2026-08-11,INSTITUTIONAL,K21.9,1428.10,PAID
CLM0000694,MBR106210,2026-08-07,INSTITUTIONAL,,4178.40,PAID
CLM0000695,MBR105031,2026-05-03,PROFESSIONAL,J06.9,1267.70,PENDED
CLM0000696,MBR106780,2026-07-20,DENTAL,S82.401A,665.01,PAID
CLM0000697,MBR102953,2026-05-19,PROFESSIONAL,M54.5,1474.85,PAID
CLM0000698,MBR104908,2026-03-18,DENTAL,R51.9,4774.42,PAID
CLM0000699,MBR106512,2026-03-18,DENTAL,Z00.00,3236.57,PAID
CLM0000700,MBR106730,2026-03-20,PROFESSIONAL,J45.909,308.80,PAID
CLM0000701,MBR109861,2026-07-01,INSTITUTIONAL,K21.9,4199.16,PAID
CLM0000702,MBR108471,2026-06-22,DENTAL,Z00.00,3025.88,PAID
CLM0000703,MBR102097,2026-07-06,INSTITUTIONAL,E78.5,1841.30,PAID
CLM0000704,MBR107826,2026-08-06,PROFESSIONAL,I10,2485.06,PAID
CLM0000705,MBR103819,2026-03-30,PROFESSIONAL,S82.401A,1541.65,PAID
CLM0000706,MBR100623,2026-05-03,DENTAL,S82.401A,3006.25,PAID
CLM0000707,MBR109305,2026-01-14,PROFESSIONAL,I10,199.72,PAID
CLM0000708,MBR104389,2026-06-22,DENTAL,J06.9,1050.30,PAID
CLM0000709,MBR104236,2026-07-02,PHARMACY,I10,2816.03,DENIED
CLM0000710,MBR106673,2026-08-20,PROFESSIONAL,E11.9,2944.56,DENIED
CLM0000711,MBR102258,2026-04-05,PROFESSIONAL,M54.5,2776.44,PENDED
CLM0000712,MBR105460,2026-01-11,PROFESSIONAL,,1992.52,DENIED
CLM0000713,MBR103093,2026-06-17,PHARMACY,M54.5,166.88,PAID
CLM0000714,MBR106399,2026-08-24,PHARMACY,K21.9,,PAID
CLM0000715,MBR100472,2026-03-22,PROFESSIONAL,M54.5,3203.12,PAID
CLM0000716,MBR107278,2026-01-05,INSTITUTIONAL,F41.1,1491.19,PAID
CLM0000717,MBR101509,2026-01-05,DENTAL,F41.1,1799.31,PENDED
CLM0000718,MBR107591,2026-06-03,PROFESSIONAL,R51.9,357.44,PAID
CLM0000719,MBR102067,2026-08-28,DENTAL,S82.401A,2624.29,PAID
CLM0000720,MBR107462,2026-07-31,PHARMACY,Z00.00,,PAID
CLM0000721,MBR108756,2026-06-29,DENTAL,E78.5,545.87,DENIED
CLM0000722,MBR109824,2026-06-23,DENTAL,K21.9,1557.35,PAID
CLM0000723,MBR102819,2026-02-20,PROFESSIONAL,F41.1,2659.67,PAID
CLM0000724,MBR107623,2026-07-25,INSTITUTIONAL,N39.0,2180.74,PAID
CLM0000725,MBR108955,2026-01-03,INSTITUTIONAL,S82.401A,3289.59,PENDED
CLM0000726,MBR104003,2026-02-14,PHARMACY,F41.1,1245.02,PENDED
CLM0000727,MBR104105,2026-04-12,DENTAL,Z00.00,2462.45,PAID
CLM0000728,MBR103125,2026-01-02,DENTAL,,4796.14,PAID
CLM0000729,MBR100957,2026-01-01,INSTITUTIONAL,,2594.50,PAID
CLM0000730,MBR103661,2026-07-28,PROFESSIONAL,E78.5,1801.99,DENIED
CLM0000731,MBR103723,2026-07-23,PROFESSIONAL,I10,4819.59,PAID
CLM0000732,MBR106440,2026-07-26,DENTAL,J06.9,4484.01,DENIED
CLM0000733,MBR103637,2026-01-12,DENTAL,Z00.00,2142.65,PENDED
CLM0000734,MBR109576,2026-03-06,PHARMACY,M54.5,2637.57,DENIED
CLM0000735,MBR100573,2026-07-13,PHARMACY,Z00.00,4795.87,DENIED
CLM0000736,MBR106729,2026-01-13,PROFESSIONAL,J06.9,1076.08,PAID
CLM0000737,MBR107064,2026-05-22,PROFESSIONAL,,121.66,PAID
CLM0000738,MBR109202,2026-05-11,PROFESSIONAL,Z00.00,4311.87,PAID
CLM0000739,MBR101473,2026-08-16,PROFESSIONAL,R51.9,4276.01,DENIED
CLM0000740,MBR107291,2026-05-03,PHARMACY,I10,1836.32,PAID
CLM0000741,MBR107814,2026-02-08,PROFESSIONAL,F41.1,718.81,PAID
CLM0000742,MBR108003,2026-03-22,INSTITUTIONAL,I10,1252.91,PAID
CLM0000743,MBR105190,2026-02-13,DENTAL,M54.5,4939.72,DENIED
CLM0000744,MBR100077,2026-02-04,DENTAL,I10,269.33,PAID
CLM0000745,MBR100498,2026-02-12,INSTITUTIONAL,J45.909,697.84,PENDED
CLM0000746,MBR101316,2026-01-16,DENTAL,F41.1,,PENDED
CLM0000747,MBR107138,2026-03-11,PHARMACY,J45.909,3385.81,PAID
CLM0000748,MBR103769,2026-01-03,PHARMACY,J06.9,3335.62,PAID
CLM0000749,MBR107854,2026-08-21,INSTITUTIONAL,K21.9,4742.05,PAID
CLM0000750,MBR105836,2026-06-19,DENTAL,N39.0,3259.06,PENDED
CLM0000751,MBR107457,2026-08-19,INSTITUTIONAL,Z00.00,4225.02,PAID
CLM0000752,MBR104297,2026-04-24,INSTITUTIONAL,I10,1795.67,PAID
CLM0000753,MBR106892,2026-04-15,PHARMACY,S82.401A,1215.99,PAID
CLM0000754,MBR109116,2026-03-21,PHARMACY,E78.5,154.73,PAID
CLM0000755,MBR109490,2026-06-17,PROFESSIONAL,Z00.00,3616.88,PAID
CLM0000756,MBR100434,2026-07-09,PROFESSIONAL,M54.5,31.94,PAID
CLM0000757,MBR100660,2026-04-11,PROFESSIONAL,M54.5,47.32,DENIED
CLM0000758,MBR100294,2026-03-01,DENTAL,M54.5,551.56,DENIED
CLM0000759,MBR103034,2026-02-07,PHARMACY,E11.9,1894.22,PAID
CLM0000760,MBR101702,2026-08-12,INSTITUTIONAL,Z00.00,2235.40,PAID
CLM0000761,MBR108689,2026-03-29,PROFESSIONAL,Z00.00,745.37,PENDED
CLM0000762,MBR106274,2026-03-18,PHARMACY,S82.401A,4651.36,PAID
CLM0000763,MBR101120,2026-01-29,DENTAL,K21.9,3857.57,PAID
CLM0000764,MBR108982,2026-02-17,DENTAL,J06.9,4349.64,PAID
CLM0000765,MBR108659,2026-05-26,INSTITUTIONAL,K21.9,3829.04,PAID
CLM0000766,MBR101089,2026-03-20,DENTAL,R51.9,4300.28,PENDED
CLM0000767,MBR101409,2026-05-11,PHARMACY,I10,3832.62,PENDED
CLM0000768,MBR104228,2026-05-24,PROFESSIONAL,J06.9,1287.78,PAID
CLM0000769,MBR100794,2026-05-21,DENTAL,I10,40.01,PAID
CLM0000770,MBR107689,2026-07-21,INSTITUTIONAL,J06.9,3135.09,PAID
CLM0000771,MBR101685,2026-08-11,PHARMACY,E78.5,1813.36,PAID
CLM0000772,MBR102399,2026-08-02,INSTITUTIONAL,F41.1,4631.80,DENIED
CLM0000773,MBR101660,2026-08-24,PROFESSIONAL,I10,713.12,PENDED
CLM0000774,MBR102952,2026-06-27,INSTITUTIONAL,R51.9,3646.13,PAID
CLM0000775,MBR105708,2026-07-28,DENTAL,K21.9,113.58,PAID
CLM0000776,MBR105126,2026-04-05,PHARMACY,I10,4137.95,PAID
CLM0000777,MBR102608,2026-06-26,DENTAL,E78.5,158.31,PENDED
CLM0000778,MBR101013,2026-04-14,INSTITUTIONAL,F41.1,2543.18,PAID
CLM0000779,MBR106578,2026-04-30,PROFESSIONAL,E11.9,4906.86,PAID
CLM0000780,MBR103582,2026-07-27,PROFESSIONAL,R51.9,3284.00,PAID
CLM0000781,MBR106495,2026-01-26,PHARMACY,N39.0,720.21,PAID
CLM0000782,MBR104796,2026-03-20,DENTAL,F41.1,422.72,PAID
CLM0000783,MBR101995,2026-02-09,PROFESSIONAL,J06.9,972.03,PAID
CLM0000784,MBR103653,2026-01-28,DENTAL,J06.9,465.97,PAID
CLM0000785,MBR108900,2026-02-10,INSTITUTIONAL,K21.9,3104.38,PAID
CLM0000786,MBR101680,2026-05-01,INSTITUTIONAL,K21.9,1291.13,PAID
CLM0000787,MBR102373,2026-05-11,DENTAL,E78.5,1272.44,PAID
CLM0000788,MBR103487,2026-02-14,PHARMACY,E78.5,3735.66,PENDED
CLM0000789,MBR108217,2026-01-28,INSTITUTIONAL,J45.909,4394.42,PAID
CLM0000790,MBR102029,2026-06-13,PHARMACY,J06.9,,PAID
CLM0000791,MBR100104,2026-06-08,DENTAL,E78.5,2481.23,PAID
CLM0000792,MBR103720,2026-04-30,PROFESSIONAL,E11.9,2373.24,PAID
CLM0000793,MBR106530,2026-04-26,DENTAL,E78.5,3107.47,PAID
CLM0000794,MBR102367,2026-08-03,INSTITUTIONAL,I10,4216.10,PAID
CLM0000795,MBR108837,2026-03-25,DENTAL,R51.9,3331.34,PAID
CLM0000796,MBR104820,2026-03-27,INSTITUTIONAL,E78.5,2758.84,PAID
CLM0000797,MBR109559,2026-03-16,PHARMACY,,3845.06,DENIED
CLM0000798,MBR101300,2026-07-25,INSTITUTIONAL,Z00.00,1672.73,PAID
CLM0000799,MBR108531,2026-07-30,PROFESSIONAL,J06.9,809.56,PAID
CLM0000800,MBR107136,2026-08-19,DENTAL,N39.0,641.41,PAID
CLM0000801,MBR108748,2026-02-24,PROFESSIONAL,Z00.00,3923.82,PAID
CLM0000802,MBR107273,2026-03-05,PROFESSIONAL,J06.9,2028.54,DENIED
CLM0000803,MBR100171,2026-02-04,INSTITUTIONAL,F41.1,3909.10,PAID
CLM0000804,MBR103599,2026-02-16,DENTAL,E11.9,1664.95,PENDED
CLM0000805,MBR107240,2026-04-09,INSTITUTIONAL,E78.5,1195.87,PENDED
CLM0000806,MBR108084,2026-05-26,PHARMACY,E11.9,272.96,PAID
CLM0000807,MBR109231,2026-03-13,PHARMACY,N39.0,2582.35,PENDED
CLM0000808,MBR104331,2026-04-03,INSTITUTIONAL,I10,45.42,PAID
CLM0000809,MBR105472,2026-07-16,PROFESSIONAL,F41.1,1123.72,PAID
CLM0000810,MBR104018,2026-04-18,INSTITUTIONAL,Z00.00,3923.83,PAID
CLM0000811,MBR105431,2026-03-14,PROFESSIONAL,S82.401A,2261.22,PAID
CLM0000812,MBR104979,2026-05-11,DENTAL,R51.9,4518.97,PENDED
CLM0000813,MBR107937,2026-05-01,PROFESSIONAL,N39.0,1184.87,PAID
CLM0000814,MBR109723,2026-07-30,DENTAL,N39.0,2422.29,PAID
CLM0000815,MBR106190,2026-02-05,DENTAL,I10,1858.43,PAID
CLM0000816,MBR100952,2026-05-16,PROFESSIONAL,E11.9,1465.77,PENDED
CLM0000817,MBR104358,2026-06-02,PROFESSIONAL,S82.401A,662.33,DENIED
CLM0000818,MBR103360,2026-01-12,PROFESSIONAL,E78.5,3744.27,PAID
CLM0000819,MBR107621,2026-04-09,INSTITUTIONAL,R51.9,125.03,PAID
CLM0000820,MBR102066,2026-08-07,PHARMACY,E78.5,2404.05,PAID
CLM0000821,MBR101682,2026-04-27,PHARMACY,K21.9,1882.84,PAID
CLM0000822,MBR109722,2026-08-22,INSTITUTIONAL,E78.5,3809.79,PAID
CLM0000823,MBR105688,2026-05-03,PROFESSIONAL,E78.5,2806.73,PAID
CLM0000824,MBR101097,2026-08-24,DENTAL,S82.401A,4516.14,DENIED
CLM0000825,MBR103603,2026-02-20,PHARMACY,I10,1257.10,PAID
CLM0000826,MBR107184,2026-01-23,DENTAL,R51.9,387.27,PAID
CLM0000827,MBR109631,2026-07-19,PROFESSIONAL,,4666.07,PAID
CLM0000828,MBR105997,2026-08-12,INSTITUTIONAL,F41.1,4794.75,PAID
CLM0000829,MBR100019,2026-03-30,PHARMACY,J06.9,2324.94,DENIED
CLM0000830,MBR105199,2026-02-16,PROFESSIONAL,,4279.96,PENDED
CLM0000831,MBR107181,2026-02-08,PHARMACY,N39.0,46.07,PAID
CLM0000832,MBR106144,2026-07-08,PROFESSIONAL,E11.9,1978.92,PENDED
CLM0000833,MBR101953,2026-01-05,PROFESSIONAL,S82.401A,3608.83,PAID
CLM0000834,MBR104539,2026-08-06,PHARMACY,F41.1,4474.58,PAID
CLM0000835,MBR104035,2026-08-30,PHARMACY,K21.9,2468.39,PENDED
CLM0000836,MBR104202,2026-03-02,INSTITUTIONAL,R51.9,2383.15,PENDED
CLM0000837,MBR106008,2026-05-14,INSTITUTIONAL,J45.909,3954.95,PAID
CLM0000838,MBR109152,2026-08-14,INSTITUTIONAL,S82.401A,2762.86,PAID
CLM0000839,MBR107300,2026-01-19,PROFESSIONAL,E11.9,,PENDED
CLM0000840,MBR100700,2026-06-15,PHARMACY,K21.9,3130.09,PAID
CLM0000841,MBR108547,2026-01-31,INSTITUTIONAL,Z00.00,2947.40,PAID
CLM0000842,MBR104771,2026-01-03,DENTAL,J06.9,2747.24,PAID
CLM0000843,MBR102315,2026-04-08,PHARMACY,J45.909,1962.97,PAID
CLM0000844,MBR107371,2026-08-04,PHARMACY,R51.9,4548.93,PAID
CLM0000845,MBR106939,2026-01-20,PHARMACY,K21.9,2416.09,PAID
CLM0000846,MBR101253,2026-07-01,INSTITUTIONAL,Z00.00,1972.10,PAID
CLM0000847,MBR105101,2026-04-30,INSTITUTIONAL,F41.1,1662.27,PAID
CLM0000848,MBR109417,2026-04-26,PROFESSIONAL,J06.9,595.44,PENDED
CLM0000849,MBR109986,2026-02-05,DENTAL,Z00.00,1458.69,PAID
CLM0000850,MBR104759,2026-07-15,DENTAL,R51.9,966.41,PAID
CLM0000851,MBR100736,2026-08-22,PROFESSIONAL,S82.401A,,DENIED
CLM0000852,MBR100062,2026-06-25,PROFESSIONAL,J45.909,3856.76,DENIED
CLM0000853,MBR104485,2026-05-17,INSTITUTIONAL,,266.09,PENDED
CLM0000854,MBR107695,2026-01-14,DENTAL,N39.0,2916.33,PAID
CLM0000855,MBR108750,2026-06-10,INSTITUTIONAL,R51.9,2846.63,PAID
CLM0000856,MBR104154,2026-04-30,PHARMACY,J06.9,3720.33,PENDED
CLM0000857,MBR104443,2026-01-04,DENTAL,M54.5,4488.52,PAID
CLM0000858,MBR101702,2026-07-13,PROFESSIONAL,F41.1,4119.96,PAID
CLM0000859,MBR105889,2026-07-12,DENTAL,K21.9,2602.26,PAID
CLM0000860,MBR101200,2026-08-05,DENTAL,E11.9,2100.90,PAID
CLM0000861,MBR103433,2026-01-09,PHARMACY,N39.0,1641.81,DENIED
CLM0000862,MBR109097,2026-02-13,PHARMACY,J06.9,1156.49,DENIED
CLM0000863,MBR106539,2026-01-23,INSTITUTIONAL,E78.5,585.99,PAID
CLM0000864,MBR103421,2026-07-03,PROFESSIONAL,I10,4837.19,PAID
CLM0000865,MBR100190,2026-07-11,DENTAL,K21.9,4551.78,PENDED
CLM0000866,MBR106220,2026-01-06,PROFESSIONAL,Z00.00,2406.39,PAID
CLM0000867,MBR103661,2026-02-27,PROFESSIONAL,Z00.00,3196.00,PAID
CLM0000868,MBR106989,2026-04-30,DENTAL,K21.9,4315.40,PAID
CLM0000869,MBR101286,2026-08-24,DENTAL,Z00.00,4122.24,PENDED
CLM0000870,MBR100503,2026-01-03,PROFESSIONAL,Z00.00,1747.48,PAID
CLM0000871,MBR108951,2026-05-07,INSTITUTIONAL,E78.5,4902.19,PAID
CLM0000872,MBR108697,2026-05-10,PROFESSIONAL,F41.1,3161.24,PAID
CLM0000873,MBR108749,2026-02-01,INSTITUTIONAL,J45.909,872.92,DENIED
CLM0000874,MBR100675,2026-06-03,PROFESSIONAL,I10,3216.61,PAID
CLM0000875,MBR109360,2026-02-22,PHARMACY,F41.1,3024.36,PAID
CLM0000876,MBR101047,2026-07-23,DENTAL,N39.0,178.91,PAID
CLM0000877,MBR109933,2026-05-26,PROFESSIONAL,S82.401A,1856.88,PAID
CLM0000878,MBR109671,2026-01-13,INSTITUTIONAL,N39.0,3384.13,PENDED
CLM0000879,MBR106243,2026-06-18,INSTITUTIONAL,F41.1,326.32,PAID
CLM0000880,MBR101892,2026-07-11,PROFESSIONAL,Z00.00,4563.44,PAID
CLM0000881,MBR106105,2026-07-16,PROFESSIONAL,K21.9,4080.03,PAID
CLM0000882,MBR104687,2026-05-30,PROFESSIONAL,R51.9,1061.95,DENIED
CLM0000883,MBR109230,2026-07-04,PROFESSIONAL,N39.0,3489.09,PAID
CLM0000884,MBR102700,2026-05-19,PHARMACY,M54.5,2630.47,DENIED
CLM0000885,MBR105743,2026-01-17,DENTAL,E11.9,1025.53,PENDED
CLM0000886,MBR104535,2026-08-03,DENTAL,R51.9,1097.40,PAID
CLM0000887,MBR107052,2026-05-01,PROFESSIONAL,E78.5,990.23,PAID
CLM0000888,MBR105804,2026-08-28,INSTITUTIONAL,E11.9,4385.69,PAID
CLM0000889,MBR104621,2026-08-13,PROFESSIONAL,J06.9,1494.58,PAID
CLM0000890,MBR107391,2026-03-26,DENTAL,Z00.00,1363.09,PAID
CLM0000891,MBR107312,2026-08-27,PHARMACY,K21.9,1801.53,PAID
CLM0000892,MBR103616,2026-08-24,PROFESSIONAL,M54.5,4402.61,DENIED
CLM0000893,MBR103686,2026-02-07,PROFESSIONAL,E78.5,1055.66,PAID
CLM0000894,MBR103119,2026-04-01,PROFESSIONAL,R51.9,4747.94,PAID
CLM0000895,MBR107476,2026-05-21,DENTAL,N39.0,4241.84,PAID
CLM0000896,MBR107221,2026-07-03,INSTITUTIONAL,F41.1,2129.73,PAID
CLM0000897,MBR105314,2026-02-22,DENTAL,I10,2163.19,PAID
CLM0000898,MBR105591,2026-08-22,PROFESSIONAL,M54.5,870.25,PAID
CLM0000899,MBR107328,2026-03-05,PHARMACY,E11.9,3952.61,DENIED
CLM0000900,MBR104428,2026-02-21,PROFESSIONAL,E78.5,2913.55,PAID
CLM0000901,MBR100029,2026-01-15,INSTITUTIONAL,I10,1376.91,PENDED
CLM0000902,MBR105562,2026-06-23,INSTITUTIONAL,J06.9,3855.37,PENDED
CLM0000903,MBR108064,2026-05-17,DENTAL,J45.909,2747.82,PAID
CLM0000904,MBR106986,2026-03-14,PROFESSIONAL,K21.9,1593.32,PAID
CLM0000905,MBR104444,2026-04-06,DENTAL,J45.909,650.74,DENIED
CLM0000906,MBR105087,2026-06-07,PROFESSIONAL,J45.909,4765.04,PENDED
CLM0000907,MBR100061,2026-08-07,DENTAL,E11.9,1409.85,DENIED
CLM0000908,MBR108495,2026-08-09,PROFESSIONAL,R51.9,272.61,PAID
CLM0000909,MBR109033,2026-04-29,PROFESSIONAL,J06.9,2887.21,PAID
CLM0000910,MBR103252,2026-04-01,PROFESSIONAL,M54.5,4050.80,PAID
CLM0000911,MBR107142,2026-07-18,DENTAL,S82.401A,825.71,PAID
CLM0000912,MBR104054,2026-08-23,PROFESSIONAL,F41.1,2384.03,PAID
CLM0000913,MBR101197,2026-06-11,DENTAL,N39.0,918.32,PAID
CLM0000914,MBR108125,2026-08-22,DENTAL,M54.5,4517.40,PAID
CLM0000915,MBR103896,2026-07-25,PROFESSIONAL,K21.9,3410.79,PAID
CLM0000916,MBR104020,2026-07-21,PROFESSIONAL,,1777.62,PAID
CLM0000917,MBR102649,2026-07-03,PROFESSIONAL,I10,4808.18,PAID
CLM0000918,MBR105752,2026-04-05,PHARMACY,E11.9,3815.49,PENDED
CLM0000919,MBR101600,2026-08-15,DENTAL,Z00.00,1797.50,PAID
CLM0000920,MBR105624,2026-03-20,PHARMACY,E78.5,1513.15,PAID
CLM0000921,MBR104693,2026-01-21,PROFESSIONAL,E78.5,3797.26,PAID
CLM0000922,MBR104199,2026-08-20,PHARMACY,N39.0,3087.63,PAID
CLM0000923,MBR108345,2026-06-29,PHARMACY,J06.9,1739.48,PENDED
CLM0000924,MBR109504,2026-05-29,PROFESSIONAL,N39.0,2339.41,PAID
CLM0000925,MBR100619,2026-02-26,DENTAL,Z00.00,3767.97,DENIED
CLM0000926,MBR101679,2026-07-17,PROFESSIONAL,N39.0,2022.72,PAID
CLM0000927,MBR100861,2026-05-28,PROFESSIONAL,I10,60.64,DENIED
CLM0000928,MBR109972,2026-08-05,PHARMACY,N39.0,1330.02,PAID
CLM0000929,MBR104864,2026-01-01,PROFESSIONAL,J45.909,2661.33,PAID
CLM0000930,MBR100279,2026-06-22,INSTITUTIONAL,I10,4943.14,PAID
CLM0000931,MBR102994,2026-07-09,INSTITUTIONAL,J06.9,2698.34,PAID
CLM0000932,MBR108816,2026-04-22,PHARMACY,E11.9,4370.48,PAID
CLM0000933,MBR107921,2026-02-22,PROFESSIONAL,R51.9,2766.46,PAID
CLM0000934,MBR101306,2026-06-28,INSTITUTIONAL,,1517.16,PAID
CLM0000935,MBR106801,2026-05-30,DENTAL,R51.9,2647.62,PAID
CLM0000936,MBR103198,2026-01-21,PROFESSIONAL,J06.9,3087.70,PAID
CLM0000937,MBR105967,2026-01-30,INSTITUTIONAL,J06.9,4712.86,PENDED
CLM0000938,MBR105138,2026-04-21,DENTAL,,3825.73,DENIED
CLM0000939,MBR105297,2026-01-24,INSTITUTIONAL,M54.5,3403.82,PAID
CLM0000940,MBR102187,2026-03-08,INSTITUTIONAL,R51.9,3932.39,PAID
CLM0000941,MBR101392,2026-05-01,PHARMACY,J06.9,3556.71,DENIED
CLM0000942,MBR101401,2026-04-01,DENTAL,E11.9,2624.92,PAID
CLM0000943,MBR103208,2026-07-08,PROFESSIONAL,N39.0,637.46,PENDED
CLM0000944,MBR103974,2026-07-04,PROFESSIONAL,N39.0,949.66,DENIED
CLM0000945,MBR104803,2026-04-03,PROFESSIONAL,E78.5,1023.80,PAID
CLM0000946,MBR105718,2026-07-01,INSTITUTIONAL,Z00.00,1011.90,PAID
CLM0000947,MBR109813,2026-02-03,PROFESSIONAL,M54.5,4605.30,PAID
CLM0000948,MBR100872,2026-05-09,INSTITUTIONAL,S82.401A,1248.09,PAID
CLM0000949,MBR106573,2026-03-06,DENTAL,F41.1,3624.72,DENIED
CLM0000950,MBR103991,2026-03-15,INSTITUTIONAL,J45.909,1253.84,PAID
CLM0000951,MBR103837,2026-05-13,DENTAL,S82.401A,339.34,PAID
CLM0000952,MBR107526,2026-03-04,INSTITUTIONAL,J06.9,2400.93,PAID
CLM0000953,MBR108827,2026-07-13,PROFESSIONAL,K21.9,4698.28,DENIED
CLM0000954,MBR105597,2026-05-29,INSTITUTIONAL,J45.909,2730.86,PAID
CLM0000955,MBR109349,2026-07-25,DENTAL,N39.0,2988.75,PAID
CLM0000956,MBR101753,2026-08-18,DENTAL,E11.9,912.48,PAID
CLM0000957,MBR106785,2026-08-22,PROFESSIONAL,M54.5,545.95,PAID
CLM0000958,MBR103957,2026-06-04,PHARMACY,E11.9,1436.77,PAID
CLM0000959,MBR106651,2026-02-19,DENTAL,K21.9,1082.57,PAID
CLM0000960,MBR103703,2026-05-29,DENTAL,S82.401A,2581.85,DENIED
CLM0000961,MBR101406,2026-03-08,DENTAL,E78.5,4656.44,PAID
CLM0000962,MBR108445,2026-08-02,PROFESSIONAL,J45.909,2705.81,PAID
CLM0000963,MBR104916,2026-08-07,PHARMACY,E11.9,2021.38,DENIED
CLM0000964,MBR107694,2026-08-13,DENTAL,Z00.00,4915.67,PAID
CLM0000965,MBR106951,2026-08-05,INSTITUTIONAL,S82.401A,462.67,PENDED
CLM0000966,MBR105075,2026-08-15,INSTITUTIONAL,K21.9,4551.41,PAID
CLM0000967,MBR109461,2026-08-09,PROFESSIONAL,J45.909,4568.70,PAID
CLM0000968,MBR106192,2026-05-28,PHARMACY,J06.9,2046.17,DENIED
CLM0000969,MBR101212,2026-07-17,PHARMACY,E78.5,986.14,PAID
CLM0000970,MBR104205,2026-01-12,PHARMACY,E78.5,2185.96,PAID
CLM0000971,MBR100721,2026-05-24,PROFESSIONAL,I10,4550.26,PAID
CLM0000972,MBR103743,2026-03-22,PROFESSIONAL,,4930.27,DENIED
CLM0000973,MBR109416,2026-02-23,INSTITUTIONAL,I10,3048.50,PAID
CLM0000974,MBR105786,2026-01-15,PROFESSIONAL,J45.909,846.43,PAID
CLM0000975,MBR108104,2026-08-27,PROFESSIONAL,N39.0,518.19,PAID
CLM0000976,MBR109965,2026-01-24,PHARMACY,K21.9,2090.24,DENIED
CLM0000977,MBR101440,2026-01-21,DENTAL,K21.9,3357.46,PAID
CLM0000978,MBR107755,2026-02-04,PROFESSIONAL,S82.401A,1145.50,PAID
CLM0000979,MBR102107,2026-06-03,PHARMACY,M54.5,3777.33,PAID
CLM0000980,MBR104542,2026-02-11,PROFESSIONAL,F41.1,431.21,PENDED
CLM0000981,MBR100915,2026-03-08,PHARMACY,R51.9,3985.45,PENDED
CLM0000982,MBR108343,2026-05-03,INSTITUTIONAL,R51.9,167.96,PAID
CLM0000983,MBR106574,2026-05-16,DENTAL,Z00.00,,PENDED
CLM0000984,MBR104570,2026-07-08,PROFESSIONAL,R51.9,2302.42,PAID
CLM0000985,MBR105196,2026-01-31,PHARMACY,F41.1,4949.00,DENIED
CLM0000986,MBR108582,2026-02-08,PROFESSIONAL,R51.9,3803.46,PAID
CLM0000987,MBR106604,2026-01-13,PHARMACY,R51.9,75.52,PAID
CLM0000988,MBR101270,2026-03-07,PHARMACY,I10,2381.55,PAID
CLM0000989,MBR101129,2026-06-28,DENTAL,E78.5,894.12,PENDED
CLM0000990,MBR102377,2026-06-04,PROFESSIONAL,F41.1,1126.95,DENIED
CLM0000991,MBR101824,2026-05-24,PROFESSIONAL,E78.5,785.23,PAID
CLM0000992,MBR100157,2026-06-16,PROFESSIONAL,E78.5,1790.45,PAID
CLM0000993,MBR104327,2026-06-01,PROFESSIONAL,R51.9,162.57,PAID
CLM0000994,MBR101275,2026-07-20,PHARMACY,R51.9,4932.64,PAID
CLM0000995,MBR107393,2026-04-16,PROFESSIONAL,J45.909,4079.03,PAID
CLM0000996,MBR102729,2026-04-21,PROFESSIONAL,E11.9,3153.47,PAID
CLM0000997,MBR101710,2026-01-14,PHARMACY,S82.401A,462.18,PAID
CLM0000998,MBR104836,2026-03-08,DENTAL,F41.1,4918.51,PAID
CLM0000999,MBR102551,2026-07-06,INSTITUTIONAL,I10,130.99,PAID
CLM0001000,MBR109127,2026-02-12,DENTAL,E11.9,4893.70,PENDED
CLM0001001,MBR109960,2026-08-10,DENTAL,J06.9,157.02,PAID
CLM0001002,MBR109697,2026-03-16,INSTITUTIONAL,N39.0,124.46,PAID
CLM0001003,MBR103883,2026-05-02,PHARMACY,M54.5,3943.82,PAID
CLM0001004,MBR108714,2026-08-08,DENTAL,J45.909,3347.39,DENIED
CLM0001005,MBR102111,2026-01-09,PHARMACY,,2467.92,DENIED
CLM0001006,MBR107685,2026-07-25,INSTITUTIONAL,K21.9,1819.32,PENDED
CLM0001007,MBR104741,2026-01-30,PROFESSIONAL,K21.9,355.05,DENIED
CLM0001008,MBR109868,2026-06-27,PROFESSIONAL,M54.5,2725.58,PAID
CLM0001009,MBR102645,2026-05-08,PROFESSIONAL,M54.5,1135.52,PAID
CLM0001010,MBR108012,2026-03-07,DENTAL,K21.9,1731.30,PAID
CLM0001011,MBR104234,2026-08-06,DENTAL,E78.5,2939.33,PENDED
CLM0001012,MBR105714,2026-01-01,INSTITUTIONAL,K21.9,3820.58,PAID
CLM0001013,MBR102047,2026-08-23,DENTAL,,1303.81,PENDED
CLM0001014,MBR107924,2026-07-07,INSTITUTIONAL,J06.9,433.61,DENIED
CLM0001015,MBR102243,2026-02-01,DENTAL,J06.9,499.23,DENIED
CLM0001016,MBR102294,2026-07-03,INSTITUTIONAL,S82.401A,4425.14,PAID
CLM0001017,MBR101495,2026-07-11,PHARMACY,F41.1,251.77,DENIED
CLM0001018,MBR102722,2026-04-30,PHARMACY,E11.9,1381.00,PAID
CLM0001019,MBR101891,2026-08-04,INSTITUTIONAL,K21.9,3931.45,PAID
CLM0001020,MBR106544,2026-01-30,PROFESSIONAL,J06.9,4141.88,PENDED
CLM0001021,MBR105020,2026-06-25,PROFESSIONAL,I10,2243.53,PAID
CLM0001022,MBR106492,2026-05-13,DENTAL,,1933.79,PAID
CLM0001023,MBR107962,2026-08-13,DENTAL,K21.9,2646.17,DENIED
CLM0001024,MBR107354,2026-06-09,PROFESSIONAL,J45.909,4530.49,PAID
CLM0001025,MBR109567,2026-06-18,PROFESSIONAL,K21.9,800.20,PENDED
CLM0001026,MBR109955,2026-06-29,INSTITUTIONAL,J45.909,4051.00,PAID
CLM0001027,MBR106955,2026-03-20,DENTAL,S82.401A,3234.12,DENIED
CLM0001028,MBR106925,2026-01-28,PROFESSIONAL,R51.9,390.26,PAID
CLM0001029,MBR106713,2026-06-23,PHARMACY,E11.9,,PENDED
CLM0001030,MBR109484,2026-05-22,DENTAL,S82.401A,1122.89,DENIED
CLM0001031,MBR100821,2026-01-26,PROFESSIONAL,E11.9,1828.35,PAID
CLM0001032,MBR107509,2026-06-13,PROFESSIONAL,M54.5,1300.86,PAID
CLM0001033,MBR102436,2026-02-14,DENTAL,R51.9,1265.23,PAID
CLM0001034,MBR105129,2026-01-31,DENTAL,K21.9,934.33,PAID
CLM0001035,MBR105502,2026-05-17,INSTITUTIONAL,F41.1,954.23,PAID
CLM0001036,MBR108545,2026-07-29,DENTAL,N39.0,4825.65,PAID
CLM0001037,MBR105326,2026-01-08,INSTITUTIONAL,M54.5,474.98,DENIED
CLM0001038,MBR102828,2026-06-08,PROFESSIONAL,M54.5,2513.79,PAID
CLM0001039,MBR109807,2026-01-07,PHARMACY,F41.1,1580.34,PAID
CLM0001040,MBR107822,2026-06-25,DENTAL,K21.9,2309.43,PAID
CLM0001041,MBR105807,2026-08-18,PHARMACY,R51.9,1335.87,PAID
CLM0001042,MBR106491,2026-03-20,PROFESSIONAL,J06.9,2646.18,PAID
CLM0001043,MBR108980,2026-03-06,PROFESSIONAL,S82.401A,1666.30,PAID
CLM0001044,MBR101449,2026-03-14,PROFESSIONAL,N39.0,1995.31,PAID
CLM0001045,MBR107909,2026-05-14,PROFESSIONAL,S82.401A,3691.56,DENIED
CLM0001046,MBR101785,2026-03-07,DENTAL,E78.5,3724.19,PAID
CLM0001047,MBR109100,2026-06-13,INSTITUTIONAL,Z00.00,3794.06,PENDED
CLM0001048,MBR104100,2026-07-25,PROFESSIONAL,K21.9,1781.49,PAID
CLM0001049,MBR103361,2026-01-21,PHARMACY,K21.9,632.60,PENDED
CLM0001050,MBR104730,2026-02-06,PHARMACY,E11.9,3190.85,PAID
CLM0001051,MBR102257,2026-07-12,PHARMACY,S82.401A,4167.89,PAID
CLM0001052,MBR109809,2026-02-12,PHARMACY,E78.5,4745.46,PENDED
CLM0001053,MBR101491,2026-01-13,DENTAL,K21.9,3718.67,DENIED
CLM0001054,MBR104113,2026-05-20,PROFESSIONAL,E78.5,4246.77,PAID
CLM0001055,MBR105578,2026-07-13,PROFESSIONAL,N39.0,4559.25,PAID
CLM0001056,MBR108644,2026-01-03,INSTITUTIONAL,N39.0,3194.85,DENIED
CLM0001057,MBR106001,2026-08-15,PHARMACY,I10,3782.37,PAID
CLM0001058,MBR106015,2026-06-28,PROFESSIONAL,K21.9,1764.04,PAID
CLM0001059,MBR103066,2026-04-10,DENTAL,E11.9,704.94,PAID
CLM0001060,MBR109475,2026-04-12,PROFESSIONAL,I10,3339.71,PENDED
CLM0001061,MBR102519,2026-02-09,INSTITUTIONAL,N39.0,4912.77,PENDED
CLM0001062,MBR102468,2026-05-21,PROFESSIONAL,E11.9,2880.04,PAID
CLM0001063,MBR109428,2026-01-26,DENTAL,J06.9,2805.26,PAID
CLM0001064,MBR109504,2026-07-09,PHARMACY,M54.5,4076.86,PAID
CLM0001065,MBR106440,2026-03-29,PHARMACY,N39.0,1785.55,PAID
CLM0001066,MBR107139,2026-08-28,PROFESSIONAL,J45.909,3226.78,PENDED
CLM0001067,MBR106677,2026-03-17,DENTAL,S82.401A,4958.49,DENIED
CLM0001068,MBR106107,2026-01-28,DENTAL,R51.9,1427.27,DENIED
CLM0001069,MBR105770,2026-04-04,PROFESSIONAL,S82.401A,2095.22,PAID
CLM0001070,MBR103723,2026-05-04,PROFESSIONAL,Z00.00,4214.19,PENDED
CLM0001071,MBR106987,2026-03-27,DENTAL,,2407.75,PAID
CLM0001072,MBR109693,2026-02-14,PHARMACY,I10,1264.70,DENIED
CLM0001073,MBR107361,2026-02-15,PROFESSIONAL,I10,4937.97,PAID
CLM0001074,MBR100607,2026-03-07,INSTITUTIONAL,J06.9,199.56,PAID
CLM0001075,MBR103116,2026-02-19,DENTAL,J45.909,565.30,DENIED
CLM0001076,MBR105676,2026-08-03,PHARMACY,R51.9,4332.23,PAID
CLM0001077,MBR105926,2026-05-28,DENTAL,S82.401A,3456.71,PAID
CLM0001078,MBR109604,2026-04-18,PHARMACY,Z00.00,,PAID
CLM0001079,MBR108603,2026-08-10,PHARMACY,R51.9,84.56,PENDED
CLM0001080,MBR108390,2026-05-04,PHARMACY,K21.9,2137.56,PENDED
CLM0001081,MBR108962,2026-06-20,PHARMACY,F41.1,4937.08,DENIED
CLM0001082,MBR108475,2026-03-25,PROFESSIONAL,Z00.00,2286.48,DENIED
CLM0001083,MBR102146,2026-01-14,INSTITUTIONAL,M54.5,4844.78,PAID
CLM0001084,MBR101195,2026-01-20,INSTITUTIONAL,F41.1,2966.42,PAID
CLM0001085,MBR107412,2026-01-17,PHARMACY,R51.9,1602.46,PAID
CLM0001086,MBR107230,2026-08-01,DENTAL,M54.5,2109.40,DENIED
CLM0001087,MBR102786,2026-01-05,INSTITUTIONAL,Z00.00,4426.46,PENDED
CLM0001088,MBR102697,2026-07-12,PHARMACY,Z00.00,4783.11,PAID
CLM0001089,MBR109744,2026-03-24,DENTAL,K21.9,4250.88,DENIED
CLM0001090,MBR106467,2026-04-26,DENTAL,E78.5,3874.20,PAID
CLM0001091,MBR103506,2026-04-26,INSTITUTIONAL,R51.9,3235.86,PAID
CLM0001092,MBR104891,2026-03-07,PHARMACY,E11.9,2176.10,DENIED
CLM0001093,MBR106773,2026-08-03,PHARMACY,Z00.00,1712.01,PAID
CLM0001094,MBR107515,2026-07-06,DENTAL,N39.0,4367.75,PAID
CLM0001095,MBR107305,2026-04-22,INSTITUTIONAL,Z00.00,4019.35,PAID
CLM0001096,MBR101225,2026-06-30,DENTAL,K21.9,,PAID
CLM0001097,MBR106101,2026-05-06,PROFESSIONAL,E11.9,2219.15,DENIED
CLM0001098,MBR104626,2026-04-15,DENTAL,K21.9,3462.41,PAID
CLM0001099,MBR105420,2026-01-09,INSTITUTIONAL,S82.401A,4109.49,PAID
CLM0001100,MBR103247,2026-02-01,PHARMACY,E11.9,61.92,PAID
CLM0001101,MBR100926,2026-05-21,INSTITUTIONAL,E11.9,3677.06,PAID
CLM0001102,MBR109212,2026-03-22,INSTITUTIONAL,Z00.00,2976.26,PAID
CLM0001103,MBR109314,2026-03-31,PHARMACY,N39.0,4474.43,PENDED
CLM0001104,MBR100904,2026-03-08,INSTITUTIONAL,J45.909,3960.91,DENIED
CLM0001105,MBR101559,2026-08-04,INSTITUTIONAL,I10,2712.87,PENDED
CLM0001106,MBR108178,2026-07-28,PHARMACY,E78.5,4503.21,PAID
CLM0001107,MBR103798,2026-04-25,DENTAL,K21.9,2010.90,PAID
CLM0001108,MBR106852,2026-07-28,DENTAL,E78.5,,PAID
CLM0001109,MBR106535,2026-08-06,PROFESSIONAL,R51.9,1466.66,PAID
CLM0001110,MBR105811,2026-08-08,PROFESSIONAL,E78.5,407.96,DENIED
CLM0001111,MBR105024,2026-06-05,INSTITUTIONAL,K21.9,1967.88,DENIED
CLM0001112,MBR107040,2026-08-09,INSTITUTIONAL,R51.9,2781.31,PAID
CLM0001113,MBR101300,2026-04-08,PHARMACY,E78.5,1253.51,DENIED
CLM0001114,MBR100619,2026-06-23,INSTITUTIONAL,R51.9,2224.19,PAID
CLM0001115,MBR102724,2026-03-21,PROFESSIONAL,R51.9,1285.36,PAID
CLM0001116,MBR107274,2026-07-26,INSTITUTIONAL,J06.9,4511.54,PAID
CLM0001117,MBR106545,2026-03-26,DENTAL,K21.9,3299.73,PAID
CLM0001118,MBR104488,2026-02-06,PHARMACY,M54.5,2384.17,DENIED
CLM0001119,MBR100948,2026-05-12,INSTITUTIONAL,K21.9,1519.08,PAID
CLM0001120,MBR105584,2026-05-02,DENTAL,E11.9,987.87,PAID
CLM0001121,MBR108136,2026-06-02,PHARMACY,J06.9,3385.46,PAID
CLM0001122,MBR100156,2026-01-02,INSTITUTIONAL,K21.9,4185.37,PAID
CLM0001123,MBR101999,2026-05-05,PROFESSIONAL,E11.9,3511.25,PAID
CLM0001124,MBR107654,2026-07-12,DENTAL,S82.401A,2560.24,PENDED
CLM0001125,MBR104320,2026-03-02,PROFESSIONAL,,4462.62,PAID
CLM0001126,MBR109240,2026-02-18,PROFESSIONAL,I10,652.17,PAID
CLM0001127,MBR107576,2026-03-09,DENTAL,M54.5,257.04,PAID
CLM0001128,MBR107321,2026-08-09,INSTITUTIONAL,J45.909,2422.19,DENIED
CLM0001129,MBR109499,2026-04-17,INSTITUTIONAL,I10,2558.36,DENIED
CLM0001130,MBR103998,2026-02-12,PROFESSIONAL,I10,,PAID
CLM0001131,MBR108712,2026-02-08,DENTAL,J06.9,1964.97,PENDED
CLM0001132,MBR108346,2026-07-02,PHARMACY,K21.9,2137.34,PAID
CLM0001133,MBR107559,2026-02-02,PROFESSIONAL,M54.5,1488.69,PENDED
CLM0001134,MBR109185,2026-05-28,INSTITUTIONAL,J45.909,1923.85,DENIED
CLM0001135,MBR109165,2026-02-27,INSTITUTIONAL,E78.5,1080.42,PAID
CLM0001136,MBR104125,2026-04-28,PHARMACY,N39.0,4443.85,PAID
CLM0001137,MBR103637,2026-08-31,INSTITUTIONAL,J45.909,1486.37,PAID
CLM0001138,MBR109427,2026-06-08,DENTAL,Z00.00,4209.60,PAID
CLM0001139,MBR102438,2026-01-08,PHARMACY,R51.9,729.40,PAID
CLM0001140,MBR101237,2026-06-17,PROFESSIONAL,I10,3343.14,PAID
CLM0001141,MBR100200,2026-01-06,INSTITUTIONAL,S82.401A,3024.13,DENIED
CLM0001142,MBR106880,2026-02-12,DENTAL,J06.9,1260.68,PAID
CLM0001143,MBR103195,2026-02-11,PHARMACY,F41.1,,DENIED
CLM0001144,MBR100522,2026-07-15,INSTITUTIONAL,J06.9,2168.95,PENDED
CLM0001145,MBR102997,2026-05-20,PROFESSIONAL,S82.401A,881.41,PAID
CLM0001146,MBR100857,2026-07-16,PROFESSIONAL,N39.0,2823.19,PAID
CLM0001147,MBR105515,2026-02-01,INSTITUTIONAL,K21.9,3241.24,PAID
CLM0001148,MBR108630,2026-05-16,DENTAL,I10,3650.55,PAID
CLM0001149,MBR103527,2026-02-06,PROFESSIONAL,N39.0,4542.56,PAID
CLM0001150,MBR100124,2026-05-21,PROFESSIONAL,N39.0,4221.83,PAID
CLM0001151,MBR103801,2026-08-21,PROFESSIONAL,S82.401A,455.82,DENIED
CLM0001152,MBR107440,2026-02-07,PROFESSIONAL,M54.5,2326.01,PAID
CLM0001153,MBR109334,2026-08-28,PHARMACY,,1043.63,PAID
CLM0001154,MBR104083,2026-05-30,PROFESSIONAL,F41.1,3012.60,PAID
CLM0001155,MBR109032,2026-05-14,PROFESSIONAL,E11.9,1376.71,PAID
CLM0001156,MBR102717,2026-05-26,PROFESSIONAL,Z00.00,2810.32,PAID
CLM0001157,MBR100482,2026-08-09,INSTITUTIONAL,K21.9,313.97,PAID
CLM0001158,MBR101527,2026-01-22,INSTITUTIONAL,M54.5,2479.17,PAID
CLM0001159,MBR108042,2026-05-24,INSTITUTIONAL,R51.9,3879.50,PAID
CLM0001160,MBR106216,2026-06-13,PHARMACY,S82.401A,808.58,PENDED
CLM0001161,MBR109405,2026-06-18,PROFESSIONAL,I10,4352.04,PAID
CLM0001162,MBR107153,2026-03-20,PHARMACY,Z00.00,3313.64,PAID
CLM0001163,MBR109506,2026-08-29,INSTITUTIONAL,J06.9,207.95,PENDED
CLM0001164,MBR105489,2026-08-02,INSTITUTIONAL,N39.0,1355.95,PENDED
CLM0001165,MBR102481,2026-05-30,DENTAL,Z00.00,4698.67,PAID
CLM0001166,MBR109514,2026-05-20,DENTAL,,878.50,PAID
CLM0001167,MBR108215,2026-07-17,INSTITUTIONAL,J06.9,2197.09,PAID
CLM0001168,MBR101340,2026-07-31,INSTITUTIONAL,E11.9,977.34,DENIED
CLM0001169,MBR103432,2026-05-11,DENTAL,J45.909,3724.71,PENDED
CLM0001170,MBR106622,2026-05-04,PHARMACY,M54.5,2239.90,PAID
CLM0001171,MBR102964,2026-07-28,PROFESSIONAL,N39.0,1753.43,PAID
CLM0001172,MBR107910,2026-08-14,PROFESSIONAL,N39.0,1926.25,PENDED
CLM0001173,MBR107356,2026-02-07,DENTAL,F41.1,384.38,PAID
CLM0001174,MBR107794,2026-06-07,PROFESSIONAL,M54.5,1062.52,PENDED
CLM0001175,MBR106604,2026-04-16,PHARMACY,S82.401A,2848.27,PAID
CLM0001176,MBR108698,2026-01-24,PHARMACY,S82.401A,1901.50,PAID
CLM0001177,MBR100376,2026-01-09,INSTITUTIONAL,K21.9,3898.16,PAID
CLM0001178,MBR102401,2026-07-22,INSTITUTIONAL,E78.5,915.36,PAID
CLM0001179,MBR102074,2026-02-09,DENTAL,M54.5,4209.59,DENIED
CLM0001180,MBR109316,2026-03-31,PHARMACY,,2752.39,PAID
CLM0001181,MBR104659,2026-03-21,DENTAL,F41.1,2001.39,PAID
CLM0001182,MBR101086,2026-06-24,PROFESSIONAL,K21.9,3619.91,PAID
CLM0001183,MBR100897,2026-07-29,PROFESSIONAL,E78.5,2878.85,PAID
CLM0001184,MBR103338,2026-01-11,PROFESSIONAL,J06.9,788.39,DENIED
CLM0001185,MBR102721,2026-01-12,PHARMACY,S82.401A,1986.97,PENDED
CLM0001186,MBR106402,2026-06-08,INSTITUTIONAL,F41.1,228.71,DENIED
CLM0001187,MBR106366,2026-06-17,PROFESSIONAL,J06.9,127.44,DENIED
CLM0001188,MBR108422,2026-03-10,PHARMACY,K21.9,4217.35,PAID
CLM0001189,MBR100094,2026-06-18,DENTAL,J06.9,4734.85,PAID
CLM0001190,MBR109362,2026-06-23,DENTAL,K21.9,479.90,PAID
CLM0001191,MBR105435,2026-07-31,DENTAL,J45.909,4661.71,PAID
CLM0001192,MBR106630,2026-06-17,INSTITUTIONAL,R51.9,,PAID
CLM0001193,MBR109857,2026-04-08,PHARMACY,S82.401A,1927.52,DENIED
CLM0001194,MBR108712,2026-04-20,PROFESSIONAL,J45.909,,PAID
CLM0001195,MBR107649,2026-03-30,INSTITUTIONAL,E78.5,4685.30,PAID
CLM0001196,MBR101465,2026-01-01,PHARMACY,E11.9,1062.89,PAID
CLM0001197,MBR100264,2026-08-23,PROFESSIONAL,J45.909,1594.71,PENDED
CLM0001198,MBR108333,2026-07-22,PROFESSIONAL,I10,4818.83,PAID
CLM0001199,MBR101059,2026-04-19,PHARMACY,R51.9,3817.00,PAID
CLM0001200,MBR108665,2026-08-18,PROFESSIONAL,E78.5,2611.52,PAID
CLM0001201,MBR102308,2026-03-22,PROFESSIONAL,E78.5,108.18,PENDED
CLM0001202,MBR105166,2026-03-02,INSTITUTIONAL,N39.0,1841.32,PAID
CLM0001203,MBR104426,2026-03-22,PROFESSIONAL,J45.909,4489.87,PENDED
CLM0001204,MBR107603,2026-07-25,PROFESSIONAL,E78.5,1313.76,PAID
CLM0001205,MBR103674,2026-04-21,PROFESSIONAL,N39.0,2415.28,PAID
CLM0001206,MBR106138,2026-06-20,PHARMACY,F41.1,4548.87,PENDED
CLM0001207,MBR100367,2026-04-26,PROFESSIONAL,K21.9,4938.02,PAID
CLM0001208,MBR100042,2026-04-18,DENTAL,J06.9,3498.14,PAID
CLM0001209,MBR106274,2026-03-26,INSTITUTIONAL,S82.401A,2353.62,PAID
CLM0001210,MBR102963,2026-07-08,PROFESSIONAL,R51.9,1994.43,PAID
CLM0001211,MBR105819,2026-05-09,DENTAL,Z00.00,4271.46,PAID
CLM0001212,MBR101992,2026-05-03,PROFESSIONAL,R51.9,3607.39,PAID
CLM0001213,MBR109644,2026-07-25,PHARMACY,M54.5,2269.54,PAID
CLM0001214,MBR100328,2026-06-01,PROFESSIONAL,S82.401A,1803.83,PAID
CLM0001215,MBR108587,2026-06-12,PROFESSIONAL,Z00.00,1193.91,DENIED
CLM0001216,MBR107019,2026-01-11,PROFESSIONAL,J45.909,3943.89,PENDED
CLM0001217,MBR103460,2026-01-27,DENTAL,M54.5,3659.65,PAID
CLM0001218,MBR105824,2026-07-17,PROFESSIONAL,E78.5,1279.34,PAID
CLM0001219,MBR107878,2026-06-03,INSTITUTIONAL,J45.909,2334.89,DENIED
CLM0001220,MBR102148,2026-01-08,INSTITUTIONAL,N39.0,2127.13,PENDED
CLM0001221,MBR102439,2026-07-17,PROFESSIONAL,F41.1,3871.26,DENIED
CLM0001222,MBR106550,2026-03-29,PROFESSIONAL,K21.9,888.09,PENDED
CLM0001223,MBR103367,2026-02-04,INSTITUTIONAL,F41.1,3369.29,PAID
CLM0001224,MBR103312,2026-01-24,DENTAL,K21.9,1031.50,DENIED
CLM0001225,MBR103675,2026-06-27,PROFESSIONAL,Z00.00,887.81,PENDED
CLM0001226,MBR106942,2026-04-29,INSTITUTIONAL,Z00.00,2875.26,PENDED
CLM0001227,MBR104992,2026-05-30,PROFESSIONAL,K21.9,342.32,PAID
CLM0001228,MBR104636,2026-04-24,PROFESSIONAL,E78.5,4085.63,PAID
CLM0001229,MBR106310,2026-06-10,PHARMACY,J45.909,4375.51,PAID
CLM0001230,MBR104230,2026-02-14,PROFESSIONAL,F41.1,270.67,DENIED
CLM0001231,MBR102158,2026-08-31,PHARMACY,J45.909,4930.28,PAID
CLM0001232,MBR108911,2026-05-30,DENTAL,,1238.00,PENDED
CLM0001233,MBR103892,2026-07-18,INSTITUTIONAL,J06.9,4867.14,DENIED
CLM0001234,MBR105211,2026-02-10,INSTITUTIONAL,F41.1,1350.09,DENIED
CLM0001235,MBR100126,2026-05-17,DENTAL,I10,1847.20,PAID
CLM0001236,MBR102259,2026-01-20,PROFESSIONAL,E78.5,2741.34,PAID
CLM0001237,MBR106221,2026-04-21,PROFESSIONAL,S82.401A,4926.43,PAID
CLM0001238,MBR103093,2026-06-01,PHARMACY,N39.0,,PAID
CLM0001239,MBR107483,2026-04-19,PHARMACY,E78.5,721.37,PAID
CLM0001240,MBR109805,2026-05-16,DENTAL,K21.9,443.80,PENDED
CLM0001241,MBR108699,2026-01-24,DENTAL,E11.9,1484.52,PAID
CLM0001242,MBR104470,2026-01-23,PROFESSIONAL,K21.9,2654.77,PAID
CLM0001243,MBR104480,2026-05-30,DENTAL,J45.909,1967.84,PAID
CLM0001244,MBR108063,2026-05-22,DENTAL,N39.0,3301.13,PAID
CLM0001245,MBR102647,2026-07-31,PHARMACY,J06.9,976.31,PAID
CLM0001246,MBR108562,2026-01-01,PROFESSIONAL,F41.1,373.84,DENIED
CLM0001247,MBR101486,2026-03-17,INSTITUTIONAL,F41.1,4052.44,PAID
CLM0001248,MBR107374,2026-03-20,INSTITUTIONAL,Z00.00,3724.66,PAID
CLM0001249,MBR101890,2026-05-01,DENTAL,I10,1729.70,PAID
CLM0001250,MBR109989,2026-03-27,DENTAL,J06.9,2485.89,PAID
CLM0001251,MBR101477,2026-08-13,PROFESSIONAL,S82.401A,178.11,PAID
CLM0001252,MBR106309,2026-01-24,INSTITUTIONAL,E78.5,2320.93,PAID
CLM0001253,MBR103186,2026-03-21,INSTITUTIONAL,K21.9,67.30,PAID
CLM0001254,MBR102699,2026-03-04,INSTITUTIONAL,S82.401A,3195.00,PAID
CLM0001255,MBR108420,2026-05-23,PHARMACY,S82.401A,2235.68,DENIED
CLM0001256,MBR108802,2026-08-26,PROFESSIONAL,F41.1,2025.88,PAID
CLM0001257,MBR101696,2026-08-12,PHARMACY,I10,804.38,PAID
CLM0001258,MBR103733,2026-05-19,PROFESSIONAL,J45.909,1964.54,PAID
CLM0001259,MBR102095,2026-05-24,DENTAL,K21.9,3589.44,PAID
CLM0001260,MBR104415,2026-07-26,INSTITUTIONAL,J06.9,152.43,DENIED
CLM0001261,MBR104058,2026-08-28,PHARMACY,K21.9,4010.17,PAID
CLM0001262,MBR101986,2026-06-10,DENTAL,F41.1,2368.64,PAID
CLM0001263,MBR106145,2026-07-24,DENTAL,S82.401A,1807.36,PENDED
CLM0001264,MBR100548,2026-04-13,DENTAL,M54.5,3172.05,PENDED
CLM0001265,MBR108750,2026-04-06,PHARMACY,S82.401A,4655.78,DENIED
CLM0001266,MBR108514,2026-06-24,PHARMACY,Z00.00,1343.67,PAID
CLM0001267,MBR104542,2026-04-12,PROFESSIONAL,J06.9,2659.14,PAID
CLM0001268,MBR104237,2026-07-02,INSTITUTIONAL,M54.5,811.66,DENIED
CLM0001269,MBR100589,2026-04-26,DENTAL,J45.909,1144.04,DENIED
CLM0001270,MBR104950,2026-02-13,DENTAL,J45.909,3157.73,PENDED
CLM0001271,MBR105934,2026-03-23,DENTAL,J06.9,3312.40,PAID
CLM0001272,MBR104301,2026-01-17,PHARMACY,R51.9,2437.37,PAID
CLM0001273,MBR101713,2026-06-01,DENTAL,,4612.51,PAID
CLM0001274,MBR100177,2026-02-12,DENTAL,S82.401A,2055.33,PAID
CLM0001275,MBR105906,2026-03-02,PROFESSIONAL,J06.9,1932.35,PAID
CLM0001276,MBR106990,2026-07-29,INSTITUTIONAL,Z00.00,1592.53,PAID
CLM0001277,MBR100803,2026-05-23,PROFESSIONAL,E78.5,3209.44,PAID
CLM0001278,MBR104929,2026-06-29,PROFESSIONAL,S82.401A,4964.09,PAID
CLM0001279,MBR102082,2026-05-10,PROFESSIONAL,M54.5,4372.03,PAID
CLM0001280,MBR105307,2026-04-19,DENTAL,S82.401A,4487.51,PAID
CLM0001281,MBR102529,2026-04-04,PROFESSIONAL,S82.401A,4308.46,PAID
CLM0001282,MBR104468,2026-03-30,INSTITUTIONAL,Z00.00,705.19,PAID
CLM0001283,MBR107075,2026-06-29,PROFESSIONAL,S82.401A,4898.13,PAID
CLM0001284,MBR107146,2026-03-23,DENTAL,F41.1,4157.12,PAID
CLM0001285,MBR109275,2026-03-26,PROFESSIONAL,I10,4838.16,DENIED
CLM0001286,MBR103401,2026-08-09,PROFESSIONAL,Z00.00,2951.91,PAID
CLM0001287,MBR106987,2026-04-19,PROFESSIONAL,E78.5,787.45,DENIED
CLM0001288,MBR109701,2026-01-16,PROFESSIONAL,I10,3219.94,PAID
CLM0001289,MBR100349,2026-01-18,INSTITUTIONAL,I10,1222.03,PENDED
CLM0001290,MBR105700,2026-08-31,INSTITUTIONAL,,2765.27,DENIED
CLM0001291,MBR107971,2026-05-24,DENTAL,R51.9,1937.54,PENDED
CLM0001292,MBR106548,2026-03-23,PROFESSIONAL,M54.5,3121.33,PENDED
CLM0001293,MBR105015,2026-01-19,DENTAL,I10,708.91,PAID
CLM0001294,MBR106770,2026-02-09,PROFESSIONAL,S82.401A,4765.83,PAID
CLM0001295,MBR104098,2026-02-11,DENTAL,J06.9,2014.53,PENDED
CLM0001296,MBR107400,2026-06-14,PHARMACY,K21.9,451.74,DENIED
CLM0001297,MBR108397,2026-05-05,DENTAL,J06.9,1297.19,PAID
CLM0001298,MBR108640,2026-06-16,PROFESSIONAL,N39.0,2285.23,DENIED
CLM0001299,MBR107244,2026-02-10,PHARMACY,J06.9,4255.92,PAID
CLM0001300,MBR103789,2026-03-09,DENTAL,R51.9,3604.27,PAID
CLM0001301,MBR103901,2026-08-10,PHARMACY,K21.9,4601.37,PENDED
CLM0001302,MBR106138,2026-08-26,INSTITUTIONAL,F41.1,3456.67,PAID
CLM0001303,MBR105421,2026-03-06,PROFESSIONAL,N39.0,3895.17,PENDED
CLM0001304,MBR109542,2026-04-28,DENTAL,E78.5,2810.26,PAID
CLM0001305,MBR106791,2026-07-08,PHARMACY,E78.5,4729.08,PENDED
CLM0001306,MBR108163,2026-02-16,INSTITUTIONAL,E11.9,3620.82,PAID
CLM0001307,MBR103799,2026-02-21,PHARMACY,I10,4145.68,PAID
CLM0001308,MBR105099,2026-06-27,PROFESSIONAL,J45.909,3864.16,PAID
CLM0001309,MBR105038,2026-02-13,INSTITUTIONAL,E78.5,4789.73,PAID
CLM0001310,MBR102726,2026-01-26,INSTITUTIONAL,K21.9,3089.27,PAID
CLM0001311,MBR104275,2026-06-25,INSTITUTIONAL,N39.0,309.64,PAID
CLM0001312,MBR104694,2026-02-07,INSTITUTIONAL,E11.9,79.72,DENIED
CLM0001313,MBR101232,2026-03-21,DENTAL,J06.9,3688.04,PAID
CLM0001314,MBR106518,2026-01-24,PROFESSIONAL,E78.5,2919.40,PENDED
CLM0001315,MBR106236,2026-05-22,INSTITUTIONAL,J45.909,647.98,PAID
CLM0001316,MBR100453,2026-02-25,INSTITUTIONAL,K21.9,735.85,PAID
CLM0001317,MBR107388,2026-08-19,DENTAL,K21.9,2613.95,DENIED
CLM0001318,MBR103741,2026-08-16,PROFESSIONAL,Z00.00,1809.29,PAID
CLM0001319,MBR102708,2026-04-27,INSTITUTIONAL,J06.9,858.77,PAID
CLM0001320,MBR101441,2026-02-12,INSTITUTIONAL,J45.909,2063.46,PENDED
CLM0001321,MBR107287,2026-07-15,PHARMACY,Z00.00,2561.01,PAID
CLM0001322,MBR104358,2026-01-03,PROFESSIONAL,F41.1,3646.31,PAID
CLM0001323,MBR103709,2026-06-25,PHARMACY,,4721.11,PENDED
CLM0001324,MBR100543,2026-07-08,PHARMACY,E78.5,4856.71,PENDED
CLM0001325,MBR109699,2026-07-04,INSTITUTIONAL,E78.5,3520.06,PAID
CLM0001326,MBR108952,2026-01-23,INSTITUTIONAL,N39.0,2165.08,PAID
CLM0001327,MBR103574,2026-02-13,DENTAL,K21.9,4538.58,PAID
CLM0001328,MBR105302,2026-02-06,PHARMACY,F41.1,174.79,PENDED
CLM0001329,MBR102591,2026-05-09,PHARMACY,Z00.00,3562.95,PAID
CLM0001330,MBR106110,2026-06-30,PHARMACY,J06.9,923.92,PAID
CLM0001331,MBR109322,2026-05-13,PROFESSIONAL,K21.9,2103.16,DENIED
CLM0001332,MBR106801,2026-05-23,PHARMACY,N39.0,3263.00,PAID
CLM0001333,MBR108199,2026-01-22,INSTITUTIONAL,N39.0,4553.78,PAID
CLM0001334,MBR109740,2026-07-04,DENTAL,R51.9,4563.46,PAID
CLM0001335,MBR105146,2026-03-13,PHARMACY,K21.9,2709.65,DENIED
CLM0001336,MBR101964,2026-05-14,PROFESSIONAL,N39.0,2389.59,PAID
CLM0001337,MBR103600,2026-02-13,PHARMACY,Z00.00,1804.67,PAID
CLM0001338,MBR108978,2026-08-09,PROFESSIONAL,J06.9,1905.59,PENDED
CLM0001339,MBR101835,2026-05-15,PHARMACY,E78.5,489.50,PENDED
CLM0001340,MBR105980,2026-04-26,INSTITUTIONAL,N39.0,324.06,PAID
CLM0001341,MBR102585,2026-08-07,INSTITUTIONAL,I10,264.96,PAID
CLM0001342,MBR101325,2026-08-30,PHARMACY,I10,4451.99,PAID
CLM0001343,MBR100632,2026-04-03,DENTAL,R51.9,1178.23,PAID
CLM0001344,MBR109832,2026-03-01,INSTITUTIONAL,F41.1,369.24,DENIED
CLM0001345,MBR104913,2026-03-23,PROFESSIONAL,J45.909,528.98,PENDED
CLM0001346,MBR101390,2026-07-08,INSTITUTIONAL,I10,2006.69,PAID
CLM0001347,MBR102050,2026-03-21,DENTAL,I10,2606.68,PAID
CLM0001348,MBR106838,2026-08-07,PROFESSIONAL,E11.9,146.64,PAID
CLM0001349,MBR104360,2026-08-11,INSTITUTIONAL,M54.5,600.00,PAID
CLM0001350,MBR109734,2026-06-30,PHARMACY,F41.1,4837.08,PAID
CLM0001351,MBR100982,2026-05-11,PHARMACY,S82.401A,3670.48,PAID
CLM0001352,MBR107776,2026-03-11,PHARMACY,I10,150.89,DENIED
CLM0001353,MBR103315,2026-03-09,PHARMACY,E78.5,1786.15,PAID
CLM0001354,MBR100347,2026-02-18,PROFESSIONAL,M54.5,2682.72,DENIED
CLM0001355,MBR103290,2026-07-05,PROFESSIONAL,I10,3482.61,PENDED
CLM0001356,MBR101148,2026-05-13,INSTITUTIONAL,E11.9,4209.48,PAID
CLM0001357,MBR102907,2026-07-20,DENTAL,K21.9,3594.71,PAID
CLM0001358,MBR102294,2026-02-13,PROFESSIONAL,F41.1,438.59,DENIED
CLM0001359,MBR105643,2026-08-07,PHARMACY,K21.9,1347.52,PAID
CLM0001360,MBR108856,2026-02-16,PHARMACY,K21.9,,PENDED
CLM0001361,MBR102728,2026-06-05,PROFESSIONAL,J45.909,909.47,PAID
CLM0001362,MBR107775,2026-02-27,DENTAL,I10,4434.23,PAID
CLM0001363,MBR108639,2026-07-12,INSTITUTIONAL,K21.9,2750.14,PENDED
CLM0001364,MBR109077,2026-04-12,PROFESSIONAL,J06.9,4168.32,DENIED
CLM0001365,MBR102376,2026-03-05,DENTAL,I10,3177.77,PAID
CLM0001366,MBR102131,2026-02-04,INSTITUTIONAL,Z00.00,,PAID
CLM0001367,MBR101551,2026-05-07,DENTAL,J45.909,3601.06,DENIED
CLM0001368,MBR109142,2026-04-08,DENTAL,S82.401A,1692.04,PAID
CLM0001369,MBR100014,2026-08-25,INSTITUTIONAL,J06.9,3685.57,PAID
CLM0001370,MBR106643,2026-08-19,PROFESSIONAL,I10,390.40,PAID
CLM0001371,MBR103318,2026-04-17,PROFESSIONAL,N39.0,2358.46,PAID
CLM0001372,MBR109403,2026-05-12,PHARMACY,K21.9,3087.17,DENIED
CLM0001373,MBR107146,2026-07-27,INSTITUTIONAL,Z00.00,548.46,PAID
CLM0001374,MBR102679,2026-02-18,INSTITUTIONAL,E78.5,2965.09,PAID
CLM0001375,MBR102405,2026-03-31,PROFESSIONAL,K21.9,4291.63,PAID
CLM0001376,MBR108185,2026-08-07,PROFESSIONAL,N39.0,4123.89,PAID
CLM0001377,MBR107466,2026-07-22,DENTAL,N39.0,4590.39,PAID
CLM0001378,MBR100202,2026-06-05,PHARMACY,K21.9,3624.64,PENDED
CLM0001379,MBR104480,2026-04-08,PHARMACY,K21.9,2815.96,PENDED
CLM0001380,MBR103541,2026-02-15,PROFESSIONAL,J06.9,,PAID
CLM0001381,MBR108468,2026-01-20,DENTAL,I10,3257.30,PAID
CLM0001382,MBR108323,2026-07-11,PHARMACY,E78.5,704.36,PENDED
CLM0001383,MBR104505,2026-08-06,INSTITUTIONAL,I10,2731.08,PENDED
CLM0001384,MBR109848,2026-06-07,DENTAL,S82.401A,1015.97,PAID
CLM0001385,MBR108639,2026-02-21,PHARMACY,E11.9,2256.76,PAID
CLM0001386,MBR101794,2026-01-28,PHARMACY,Z00.00,429.36,PENDED
CLM0001387,MBR102006,2026-07-05,PHARMACY,R51.9,3287.55,PAID
CLM0001388,MBR108646,2026-08-06,PROFESSIONAL,J45.909,3977.75,PAID
CLM0001389,MBR103050,2026-08-23,PROFESSIONAL,I10,,PAID
CLM0001390,MBR104908,2026-03-16,DENTAL,M54.5,1164.63,PAID
CLM0001391,MBR103137,2026-02-25,PROFESSIONAL,S82.401A,2652.70,PAID
CLM0001392,MBR106879,2026-05-09,PROFESSIONAL,E11.9,3237.57,PAID
CLM0001393,MBR109032,2026-06-30,INSTITUTIONAL,N39.0,3823.48,PAID
CLM0001394,MBR109762,2026-06-16,PHARMACY,M54.5,4111.38,DENIED
CLM0001395,MBR103441,2026-03-06,INSTITUTIONAL,F41.1,2670.09,PENDED
CLM0001396,MBR100989,2026-03-20,DENTAL,Z00.00,1482.92,PENDED
CLM0001397,MBR102399,2026-02-26,PHARMACY,F41.1,2885.18,PAID
CLM0001398,MBR105082,2026-07-02,PROFESSIONAL,R51.9,2178.46,PAID
CLM0001399,MBR104295,2026-06-24,PROFESSIONAL,K21.9,3861.18,PAID
CLM0001400,MBR109885,2026-05-02,PROFESSIONAL,R51.9,2531.35,PENDED
CLM0001401,MBR103427,2026-02-14,INSTITUTIONAL,Z00.00,1774.95,PAID
CLM0001402,MBR103622,2026-04-19,INSTITUTIONAL,F41.1,,PAID
CLM0001403,MBR109029,2026-06-21,PROFESSIONAL,N39.0,4727.41,PAID
CLM0001404,MBR107717,2026-06-27,INSTITUTIONAL,M54.5,1982.15,PAID
CLM0001405,MBR104595,2026-04-02,PROFESSIONAL,M54.5,4185.96,PENDED
CLM0001406,MBR101927,2026-04-11,DENTAL,Z00.00,1370.88,PAID
CLM0001407,MBR103762,2026-08-30,PHARMACY,F41.1,2404.34,PAID
CLM0001408,MBR109421,2026-07-20,PROFESSIONAL,J45.909,1373.42,DENIED
CLM0001409,MBR108746,2026-04-22,INSTITUTIONAL,S82.401A,,PAID
CLM0001410,MBR102348,2026-05-01,PROFESSIONAL,M54.5,4950.86,PENDED
CLM0001411,MBR101828,2026-06-13,DENTAL,I10,49.49,PAID
CLM0001412,MBR106045,2026-04-11,PHARMACY,J45.909,489.04,PAID
CLM0001413,MBR109867,2026-02-15,PHARMACY,K21.9,830.27,PAID
CLM0001414,MBR105648,2026-03-28,INSTITUTIONAL,M54.5,1022.48,DENIED
CLM0001415,MBR108022,2026-08-12,PROFESSIONAL,I10,485.30,PAID
CLM0001416,MBR108177,2026-01-05,PHARMACY,Z00.00,1371.69,PAID
CLM0001417,MBR100723,2026-02-11,INSTITUTIONAL,E11.9,1873.82,PAID
CLM0001418,MBR100247,2026-01-24,DENTAL,K21.9,435.66,PAID
CLM0001419,MBR106706,2026-02-23,PHARMACY,I10,2535.06,PAID
CLM0001420,MBR108786,2026-04-01,PHARMACY,R51.9,1177.31,PAID
CLM0001421,MBR102973,2026-05-23,PROFESSIONAL,R51.9,4224.37,PENDED
CLM0001422,MBR108710,2026-01-15,PHARMACY,M54.5,4284.96,PAID
CLM0001423,MBR100307,2026-01-14,INSTITUTIONAL,R51.9,1311.49,PAID
CLM0001424,MBR100154,2026-06-21,INSTITUTIONAL,S82.401A,3561.14,DENIED
CLM0001425,MBR102805,2026-08-28,PHARMACY,J45.909,742.89,PENDED
CLM0001426,MBR103025,2026-05-30,DENTAL,N39.0,4594.01,DENIED
CLM0001427,MBR109913,2026-08-01,DENTAL,E78.5,3858.49,PENDED
CLM0001428,MBR102959,2026-08-27,INSTITUTIONAL,N39.0,2832.67,PAID
CLM0001429,MBR106432,2026-01-17,INSTITUTIONAL,E78.5,4102.04,PENDED
CLM0001430,MBR105536,2026-01-13,PROFESSIONAL,S82.401A,4217.26,PAID
CLM0001431,MBR101838,2026-04-13,PROFESSIONAL,E78.5,2009.88,PENDED
CLM0001432,MBR101331,2026-03-27,DENTAL,M54.5,2409.39,PAID
CLM0001433,MBR103019,2026-08-27,INSTITUTIONAL,N39.0,1074.94,DENIED
CLM0001434,MBR101768,2026-08-14,DENTAL,Z00.00,1129.18,DENIED
CLM0001435,MBR104491,2026-04-28,INSTITUTIONAL,N39.0,3876.03,DENIED
CLM0001436,MBR101009,2026-01-12,PHARMACY,K21.9,3035.98,PENDED
CLM0001437,MBR106384,2026-04-23,PROFESSIONAL,S82.401A,1974.08,PAID
CLM0001438,MBR107914,2026-07-19,DENTAL,F41.1,4432.62,PENDED
CLM0001439,MBR102046,2026-02-12,PROFESSIONAL,S82.401A,30.76,PENDED
CLM0001440,MBR103908,2026-01-25,DENTAL,K21.9,4589.04,PAID
CLM0001441,MBR102210,2026-05-25,DENTAL,S82.401A,1239.74,PAID
CLM0001442,MBR108252,2026-02-15,PROFESSIONAL,R51.9,2188.51,PAID
CLM0001443,MBR100683,2026-01-20,PHARMACY,N39.0,2309.19,PAID
CLM0001444,MBR108771,2026-04-30,DENTAL,N39.0,3333.46,PAID
CLM0001445,MBR101589,2026-06-28,PROFESSIONAL,Z00.00,1214.73,PAID
CLM0001446,MBR109589,2026-06-23,DENTAL,E78.5,3038.53,PAID
CLM0001447,MBR109490,2026-02-09,PROFESSIONAL,E78.5,668.90,PENDED
CLM0001448,MBR104451,2026-02-11,PROFESSIONAL,R51.9,197.58,DENIED
CLM0001449,MBR108361,2026-05-25,PROFESSIONAL,R51.9,1104.73,PAID
CLM0001450,MBR106861,2026-06-28,DENTAL,E78.5,2727.10,PAID
CLM0001451,MBR104604,2026-07-29,DENTAL,,4242.83,DENIED
CLM0001452,MBR108209,2026-08-11,PHARMACY,I10,2063.82,PAID
CLM0001453,MBR108361,2026-06-15,INSTITUTIONAL,E78.5,4645.11,PAID
CLM0001454,MBR100474,2026-08-17,INSTITUTIONAL,J45.909,1190.72,PAID
CLM0001455,MBR103658,2026-04-19,PROFESSIONAL,N39.0,3181.12,DENIED
CLM0001456,MBR102339,2026-03-16,DENTAL,S82.401A,3761.23,PAID
CLM0001457,MBR105585,2026-06-18,DENTAL,K21.9,2948.25,PAID
CLM0001458,MBR106772,2026-07-15,PHARMACY,I10,987.39,PAID
CLM0001459,MBR101267,2026-02-21,DENTAL,J06.9,629.26,PAID
CLM0001460,MBR104957,2026-06-16,PROFESSIONAL,M54.5,993.75,DENIED
CLM0001461,MBR100869,2026-07-20,INSTITUTIONAL,J06.9,410.15,PAID
CLM0001462,MBR109220,2026-08-08,PHARMACY,F41.1,584.82,PAID
CLM0001463,MBR106084,2026-04-11,PROFESSIONAL,R51.9,2241.69,PAID
CLM0001464,MBR107496,2026-07-23,INSTITUTIONAL,M54.5,2809.43,PAID
CLM0001465,MBR104009,2026-06-09,PROFESSIONAL,E11.9,2467.64,PAID
CLM0001466,MBR107139,2026-01-18,PROFESSIONAL,E78.5,1681.89,PAID
CLM0001467,MBR102173,2026-04-05,PHARMACY,M54.5,1574.19,PAID
CLM0001468,MBR101042,2026-08-25,PROFESSIONAL,R51.9,4857.60,PAID
CLM0001469,MBR107107,2026-02-01,INSTITUTIONAL,J45.909,2982.42,PAID
CLM0001470,MBR109173,2026-06-24,PROFESSIONAL,J06.9,4995.71,PAID
CLM0001471,MBR106051,2026-01-31,DENTAL,F41.1,3283.01,DENIED
CLM0001472,MBR102544,2026-02-02,INSTITUTIONAL,R51.9,741.53,PAID
CLM0001473,MBR105457,2026-05-05,INSTITUTIONAL,K21.9,1537.41,PENDED
CLM0001474,MBR108263,2026-04-24,INSTITUTIONAL,M54.5,4649.00,PENDED
CLM0001475,MBR100494,2026-07-30,PHARMACY,K21.9,2811.13,DENIED
CLM0001476,MBR103633,2026-01-24,PROFESSIONAL,E78.5,2575.11,PAID
CLM0001477,MBR101357,2026-07-07,INSTITUTIONAL,E78.5,1431.00,PAID
CLM0001478,MBR108437,2026-05-19,PHARMACY,K21.9,4341.52,PAID
CLM0001479,MBR101442,2026-05-24,PROFESSIONAL,E78.5,843.54,PAID
CLM0001480,MBR107617,2026-01-15,PHARMACY,M54.5,1335.58,PAID
CLM0001481,MBR105731,2026-02-15,DENTAL,E11.9,4786.55,PAID
CLM0001482,MBR107162,2026-01-14,PHARMACY,,4113.64,PAID
CLM0001483,MBR109418,2026-05-07,DENTAL,F41.1,777.72,PAID
CLM0001484,MBR100478,2026-05-09,INSTITUTIONAL,E11.9,2218.72,PAID
CLM0001485,MBR108417,2026-04-13,PHARMACY,E11.9,1623.51,PAID
CLM0001486,MBR104021,2026-05-11,PROFESSIONAL,R51.9,4481.30,DENIED
CLM0001487,MBR109420,2026-04-04,PROFESSIONAL,S82.401A,3935.69,DENIED
CLM0001488,MBR106361,2026-02-22,PROFESSIONAL,N39.0,217.72,DENIED
CLM0001489,MBR109003,2026-05-28,PHARMACY,K21.9,2780.20,PAID
CLM0001490,MBR108924,2026-01-14,PROFESSIONAL,E78.5,2332.17,DENIED
CLM0001491,MBR109057,2026-05-07,PROFESSIONAL,M54.5,4189.75,PENDED
CLM0001492,MBR103069,2026-06-01,PHARMACY,S82.401A,1130.33,PENDED
CLM0001493,MBR101144,2026-03-11,PHARMACY,,3672.19,DENIED
CLM0001494,MBR102740,2026-06-05,PROFESSIONAL,F41.1,4925.60,PAID
CLM0001495,MBR107620,2026-04-01,INSTITUTIONAL,N39.0,4854.27,PAID
CLM0001496,MBR109607,2026-01-17,PHARMACY,F41.1,3836.70,PAID
CLM0001497,MBR109200,2026-01-25,PROFESSIONAL,E11.9,3628.37,PAID
CLM0001498,MBR105079,2026-06-05,PROFESSIONAL,J45.909,4066.63,PENDED
CLM0001499,MBR104138,2026-01-02,INSTITUTIONAL,R51.9,2140.19,PAID
CLM0001500,MBR101938,2026-05-02,PROFESSIONAL,Z00.00,4036.01,PAID
CLM0001501,MBR107916,2026-01-22,PROFESSIONAL,S82.401A,959.12,PAID
CLM0001502,MBR108541,2026-03-26,INSTITUTIONAL,E11.9,831.62,PAID
CLM0001503,MBR106674,2026-01-23,DENTAL,N39.0,2125.59,PAID
CLM0001504,MBR103313,2026-03-27,PROFESSIONAL,N39.0,,PAID
CLM0001505,MBR100581,2026-01-31,DENTAL,F41.1,2444.88,PAID
CLM0001506,MBR106786,2026-06-09,PROFESSIONAL,K21.9,3777.25,PENDED
CLM0001507,MBR106080,2026-04-28,PHARMACY,K21.9,1439.05,PAID
CLM0001508,MBR102458,2026-05-14,PHARMACY,K21.9,230.77,PAID
CLM0001509,MBR104805,2026-03-04,PROFESSIONAL,M54.5,3520.51,PAID
CLM0001510,MBR101641,2026-01-19,DENTAL,E78.5,3531.72,PAID
CLM0001511,MBR106130,2026-05-28,PHARMACY,N39.0,216.72,PAID
CLM0001512,MBR105547,2026-04-11,PHARMACY,R51.9,4178.30,PAID
CLM0001513,MBR104905,2026-02-20,PHARMACY,I10,,PAID
CLM0001514,MBR101952,2026-03-26,PHARMACY,F41.1,2251.69,PENDED
CLM0001515,MBR101085,2026-05-11,PROFESSIONAL,K21.9,3988.09,PAID
CLM0001516,MBR107243,2026-04-01,PROFESSIONAL,R51.9,4843.91,PAID
CLM0001517,MBR109125,2026-05-02,DENTAL,J45.909,3643.86,PAID
CLM0001518,MBR100312,2026-06-28,PROFESSIONAL,I10,3071.29,PAID
CLM0001519,MBR102825,2026-05-22,PROFESSIONAL,R51.9,2952.42,DENIED
CLM0001520,MBR106736,2026-01-19,PROFESSIONAL,I10,1298.98,DENIED
CLM0001521,MBR101534,2026-06-07,PROFESSIONAL,M54.5,4628.99,PAID
CLM0001522,MBR108408,2026-07-30,DENTAL,E78.5,1204.19,PAID
CLM0001523,MBR109512,2026-07-06,PHARMACY,N39.0,995.93,PAID
CLM0001524,MBR107943,2026-01-07,INSTITUTIONAL,F41.1,2873.89,PAID
CLM0001525,MBR101242,2026-01-21,DENTAL,J45.909,1607.07,PAID
CLM0001526,MBR107898,2026-07-17,DENTAL,N39.0,4757.34,PAID
CLM0001527,MBR108916,2026-04-02,INSTITUTIONAL,S82.401A,2600.98,PAID
CLM0001528,MBR108982,2026-06-05,PROFESSIONAL,S82.401A,4163.00,PAID
CLM0001529,MBR102494,2026-01-25,INSTITUTIONAL,J45.909,1634.12,PAID
CLM0001530,MBR109409,2026-08-16,PHARMACY,F41.1,3390.69,PAID
CLM0001531,MBR109661,2026-03-29,PHARMACY,,4639.85,PAID
CLM0001532,MBR104139,2026-05-31,DENTAL,E78.5,3389.35,PAID
CLM0001533,MBR107983,2026-06-10,PROFESSIONAL,M54.5,679.55,PAID
CLM0001534,MBR101402,2026-03-21,INSTITUTIONAL,Z00.00,684.12,PAID
CLM0001535,MBR102852,2026-03-23,DENTAL,K21.9,2844.70,DENIED
CLM0001536,MBR101282,2026-06-20,PHARMACY,E11.9,3556.43,PAID
CLM0001537,MBR101872,2026-03-21,PHARMACY,E78.5,3797.52,PAID
CLM0001538,MBR104398,2026-06-22,PROFESSIONAL,R51.9,4750.41,PAID
CLM0001539,MBR106103,2026-03-09,PROFESSIONAL,M54.5,691.53,PENDED
CLM0001540,MBR106133,2026-05-17,PHARMACY,J06.9,2930.88,PAID
CLM0001541,MBR102929,2026-07-25,PROFESSIONAL,F41.1,2763.05,PAID
CLM0001542,MBR100682,2026-05-07,DENTAL,S82.401A,3405.75,PAID
CLM0001543,MBR100243,2026-04-17,PHARMACY,E11.9,73.75,PAID
CLM0001544,MBR108549,2026-03-03,PHARMACY,J45.909,1315.51,PAID
CLM0001545,MBR104557,2026-05-06,DENTAL,R51.9,2514.57,DENIED
CLM0001546,MBR101667,2026-04-16,PROFESSIONAL,J45.909,3638.30,PAID
CLM0001547,MBR106523,2026-01-23,DENTAL,M54.5,831.85,PENDED
CLM0001548,MBR106370,2026-06-04,DENTAL,R51.9,,DENIED
CLM0001549,MBR104333,2026-05-01,DENTAL,I10,1243.60,PAID
CLM0001550,MBR105947,2026-02-26,PHARMACY,E78.5,282.62,PAID
CLM0001551,MBR108486,2026-01-27,DENTAL,S82.401A,4160.73,PAID
CLM0001552,MBR105607,2026-01-10,INSTITUTIONAL,Z00.00,,PAID
CLM0001553,MBR106888,2026-08-09,PROFESSIONAL,,4344.58,PAID
CLM0001554,MBR109696,2026-05-18,PROFESSIONAL,J06.9,3347.98,PAID
CLM0001555,MBR109329,2026-02-25,PHARMACY,M54.5,4315.89,PAID
CLM0001556,MBR105812,2026-01-07,PROFESSIONAL,K21.9,1703.61,PAID
CLM0001557,MBR100040,2026-07-28,PHARMACY,Z00.00,510.17,PENDED
CLM0001558,MBR108629,2026-08-21,PROFESSIONAL,J06.9,2042.43,PAID
CLM0001559,MBR101103,2026-05-22,PROFESSIONAL,Z00.00,3517.65,PAID
CLM0001560,MBR107015,2026-08-03,DENTAL,M54.5,2190.03,PAID
CLM0001561,MBR101779,2026-02-07,DENTAL,E78.5,1907.25,PAID
CLM0001562,MBR109033,2026-02-16,PHARMACY,E78.5,985.92,PAID
CLM0001563,MBR107545,2026-05-11,DENTAL,E78.5,3627.19,PAID
CLM0001564,MBR107548,2026-08-19,INSTITUTIONAL,M54.5,1685.08,PAID
CLM0001565,MBR107148,2026-04-25,PROFESSIONAL,S82.401A,4682.24,PAID
CLM0001566,MBR102231,2026-06-18,DENTAL,S82.401A,1982.12,DENIED
CLM0001567,MBR103422,2026-08-03,PHARMACY,S82.401A,2471.73,PAID
CLM0001568,MBR107826,2026-07-25,INSTITUTIONAL,,3490.48,PENDED
CLM0001569,MBR105830,2026-01-24,DENTAL,E78.5,630.02,PAID
CLM0001570,MBR101882,2026-05-10,PROFESSIONAL,S82.401A,4431.66,PAID
CLM0001571,MBR104250,2026-02-23,DENTAL,I10,3375.68,PAID
CLM0001572,MBR106954,2026-07-29,PROFESSIONAL,Z00.00,1665.34,PENDED
CLM0001573,MBR106679,2026-02-23,DENTAL,E11.9,2995.81,PAID
CLM0001574,MBR106780,2026-01-14,PHARMACY,I10,4470.40,PAID
CLM0001575,MBR109317,2026-05-26,PROFESSIONAL,K21.9,1743.73,PAID
CLM0001576,MBR105108,2026-04-30,PROFESSIONAL,J45.909,848.58,PAID
CLM0001577,MBR106981,2026-05-30,PROFESSIONAL,J45.909,245.81,DENIED
CLM0001578,MBR102742,2026-05-13,INSTITUTIONAL,J06.9,1752.43,PAID
CLM0001579,MBR103610,2026-07-12,PROFESSIONAL,J45.909,4942.81,DENIED
CLM0001580,MBR105054,2026-01-07,INSTITUTIONAL,E78.5,3908.68,PAID
CLM0001581,MBR108986,2026-06-20,DENTAL,R51.9,2465.73,DENIED
CLM0001582,MBR109369,2026-01-19,PROFESSIONAL,,2962.36,PAID
CLM0001583,MBR108297,2026-01-18,PROFESSIONAL,F41.1,3942.18,PAID
CLM0001584,MBR100913,2026-04-10,DENTAL,E11.9,531.61,PAID
CLM0001585,MBR108437,2026-07-05,PROFESSIONAL,J06.9,1295.58,PAID
CLM0001586,MBR101997,2026-01-22,PROFESSIONAL,M54.5,1235.38,PAID
CLM0001587,MBR101742,2026-04-21,PROFESSIONAL,J06.9,4584.28,DENIED
CLM0001588,MBR104151,2026-02-20,PHARMACY,J45.909,326.47,PAID
CLM0001589,MBR104032,2026-06-09,PHARMACY,S82.401A,1066.76,PAID
CLM0001590,MBR103836,2026-05-22,PROFESSIONAL,J45.909,4445.21,PAID
CLM0001591,MBR101343,2026-03-03,PHARMACY,J06.9,4067.18,PAID
CLM0001592,MBR100020,2026-04-30,INSTITUTIONAL,E11.9,2360.54,PAID
CLM0001593,MBR105421,2026-01-28,PROFESSIONAL,K21.9,1282.29,PAID
CLM0001594,MBR101998,2026-02-07,PROFESSIONAL,K21.9,1406.46,DENIED
CLM0001595,MBR104611,2026-08-01,INSTITUTIONAL,E11.9,4243.94,PAID
CLM0001596,MBR102908,2026-03-03,PROFESSIONAL,S82.401A,3489.23,PENDED
CLM0001597,MBR107291,2026-02-21,PROFESSIONAL,K21.9,704.00,PENDED
CLM0001598,MBR103865,2026-03-13,INSTITUTIONAL,E11.9,2603.83,DENIED
CLM0001599,MBR100899,2026-08-28,PROFESSIONAL,I10,3776.71,PAID
CLM0001600,MBR105759,2026-05-05,INSTITUTIONAL,M54.5,2419.08,PAID
CLM0001601,MBR100417,2026-07-23,DENTAL,N39.0,1250.43,PAID
CLM0001602,MBR105690,2026-07-06,INSTITUTIONAL,S82.401A,3991.02,PAID
CLM0001603,MBR101995,2026-04-20,INSTITUTIONAL,R51.9,4087.12,DENIED
CLM0001604,MBR106953,2026-04-02,INSTITUTIONAL,J06.9,3410.03,PENDED
CLM0001605,MBR102701,2026-01-23,INSTITUTIONAL,E11.9,3679.72,PAID
CLM0001606,MBR100334,2026-04-09,PROFESSIONAL,F41.1,1986.69,PENDED
CLM0001607,MBR100554,2026-06-18,PROFESSIONAL,M54.5,4958.74,PAID
CLM0001608,MBR100374,2026-06-24,PROFESSIONAL,K21.9,4526.67,PAID
CLM0001609,MBR108374,2026-01-12,PROFESSIONAL,N39.0,2500.80,PAID
CLM0001610,MBR109610,2026-06-06,PHARMACY,E78.5,4471.17,PAID
CLM0001611,MBR100265,2026-05-16,DENTAL,J06.9,4568.87,PENDED
CLM0001612,MBR107535,2026-05-13,INSTITUTIONAL,R51.9,3489.98,PAID
CLM0001613,MBR101885,2026-01-20,PHARMACY,M54.5,3770.20,PAID
CLM0001614,MBR103501,2026-08-10,PHARMACY,S82.401A,1217.37,PAID
CLM0001615,MBR100043,2026-01-09,PHARMACY,E78.5,3444.68,PENDED
CLM0001616,MBR107513,2026-05-29,PHARMACY,R51.9,614.48,PAID
CLM0001617,MBR101531,2026-01-06,PHARMACY,F41.1,1327.86,DENIED
CLM0001618,MBR105502,2026-06-27,INSTITUTIONAL,N39.0,1724.74,DENIED
CLM0001619,MBR103290,2026-07-17,PROFESSIONAL,E78.5,4773.18,PAID
CLM0001620,MBR103474,2026-03-12,INSTITUTIONAL,Z00.00,230.56,DENIED
CLM0001621,MBR107373,2026-07-31,PROFESSIONAL,Z00.00,1463.71,PAID
CLM0001622,MBR107550,2026-08-27,PROFESSIONAL,Z00.00,4223.50,PAID
CLM0001623,MBR101368,2026-06-22,INSTITUTIONAL,J45.909,,PAID
CLM0001624,MBR105275,2026-08-14,PROFESSIONAL,I10,591.43,PAID
CLM0001625,MBR105541,2026-06-09,INSTITUTIONAL,J45.909,3734.42,PAID
CLM0001626,MBR106802,2026-05-11,DENTAL,K21.9,3395.59,PENDED
CLM0001627,MBR109886,2026-02-14,DENTAL,S82.401A,1056.39,PAID
CLM0001628,MBR109002,2026-06-15,PROFESSIONAL,Z00.00,1451.38,PAID
CLM0001629,MBR108885,2026-05-28,DENTAL,K21.9,4581.92,PAID
CLM0001630,MBR104445,2026-05-27,DENTAL,F41.1,680.66,PAID
CLM0001631,MBR100897,2026-05-16,PROFESSIONAL,J45.909,4187.22,PAID
CLM0001632,MBR109129,2026-04-01,PHARMACY,E78.5,4562.63,PAID
CLM0001633,MBR107630,2026-06-27,INSTITUTIONAL,N39.0,3333.37,PENDED
CLM0001634,MBR106920,2026-05-27,DENTAL,S82.401A,78.96,PAID
CLM0001635,MBR107680,2026-05-04,PHARMACY,N39.0,2612.04,DENIED
CLM0001636,MBR109251,2026-01-20,PROFESSIONAL,I10,1272.59,PENDED
CLM0001637,MBR106930,2026-05-27,PROFESSIONAL,E78.5,633.72,PAID
CLM0001638,MBR101130,2026-04-13,DENTAL,K21.9,3420.13,PAID
CLM0001639,MBR100260,2026-04-10,DENTAL,E78.5,3871.36,PAID
CLM0001640,MBR102357,2026-08-31,DENTAL,M54.5,2799.52,PAID
CLM0001641,MBR103345,2026-06-07,PROFESSIONAL,E11.9,3313.14,DENIED
CLM0001642,MBR108997,2026-03-27,INSTITUTIONAL,N39.0,4917.34,PAID
CLM0001643,MBR108358,2026-07-27,PHARMACY,Z00.00,830.90,PAID
CLM0001644,MBR106606,2026-05-04,PROFESSIONAL,I10,4970.31,PAID
CLM0001645,MBR107477,2026-01-18,DENTAL,F41.1,4128.91,PAID
CLM0001646,MBR109584,2026-03-11,PROFESSIONAL,F41.1,4405.23,PAID
CLM0001647,MBR109384,2026-06-30,PHARMACY,Z00.00,4864.04,PAID
CLM0001648,MBR100640,2026-02-02,INSTITUTIONAL,J45.909,2135.93,PENDED
CLM0001649,MBR107824,2026-06-12,PROFESSIONAL,J45.909,2552.68,PAID
CLM0001650,MBR101662,2026-08-02,PROFESSIONAL,F41.1,1647.92,DENIED
CLM0001651,MBR104750,2026-02-25,PROFESSIONAL,N39.0,3429.03,PAID
CLM0001652,MBR105361,2026-07-05,INSTITUTIONAL,E11.9,828.12,PAID
CLM0001653,MBR108158,2026-01-08,PROFESSIONAL,F41.1,3625.21,PAID
CLM0001654,MBR108398,2026-02-10,PHARMACY,E78.5,3394.19,PENDED
CLM0001655,MBR105854,2026-03-22,PROFESSIONAL,J45.909,3790.80,PAID
CLM0001656,MBR103605,2026-08-15,DENTAL,S82.401A,2797.17,PAID
CLM0001657,MBR107526,2026-08-13,DENTAL,S82.401A,896.50,PENDED
CLM0001658,MBR100324,2026-08-13,DENTAL,S82.401A,1653.29,PAID
CLM0001659,MBR100959,2026-05-25,DENTAL,I10,4931.27,PAID
CLM0001660,MBR107713,2026-08-02,PROFESSIONAL,E11.9,1055.64,PAID
CLM0001661,MBR105282,2026-07-15,PROFESSIONAL,,2379.56,DENIED
CLM0001662,MBR103171,2026-04-11,PROFESSIONAL,F41.1,1840.87,DENIED
CLM0001663,MBR104889,2026-05-07,INSTITUTIONAL,S82.401A,1482.40,PAID
CLM0001664,MBR109273,2026-08-10,PROFESSIONAL,E78.5,506.71,PAID
CLM0001665,MBR107864,2026-03-17,PROFESSIONAL,J06.9,556.78,DENIED
CLM0001666,MBR104391,2026-01-06,DENTAL,I10,1277.78,PAID
CLM0001667,MBR109731,2026-02-17,PROFESSIONAL,M54.5,4751.13,PAID
CLM0001668,MBR104644,2026-06-10,DENTAL,K21.9,1093.93,DENIED
CLM0001669,MBR104189,2026-08-15,PROFESSIONAL,N39.0,3746.87,PAID
CLM0001670,MBR107974,2026-03-14,PHARMACY,R51.9,,PAID
CLM0001671,MBR105351,2026-05-19,PROFESSIONAL,R51.9,3466.68,PAID
CLM0001672,MBR105531,2026-05-13,PROFESSIONAL,I10,3186.86,PAID
CLM0001673,MBR100217,2026-03-10,DENTAL,K21.9,4228.31,DENIED
CLM0001674,MBR106390,2026-03-28,PHARMACY,R51.9,1725.21,PAID
CLM0001675,MBR104995,2026-07-25,INSTITUTIONAL,R51.9,2369.59,PAID
CLM0001676,MBR103493,2026-03-07,INSTITUTIONAL,E11.9,3348.77,PAID
CLM0001677,MBR105958,2026-01-31,PHARMACY,N39.0,4132.42,PAID
CLM0001678,MBR108505,2026-05-01,INSTITUTIONAL,Z00.00,824.25,PAID
CLM0001679,MBR103580,2026-03-10,PHARMACY,Z00.00,4498.10,DENIED
CLM0001680,MBR103262,2026-03-15,DENTAL,E11.9,2237.89,PAID
CLM0001681,MBR102379,2026-08-22,PROFESSIONAL,N39.0,4627.14,PENDED
CLM0001682,MBR104553,2026-03-31,PROFESSIONAL,M54.5,2031.11,PENDED
CLM0001683,MBR108833,2026-06-15,PHARMACY,K21.9,1754.96,PAID
CLM0001684,MBR107201,2026-01-05,INSTITUTIONAL,Z00.00,552.06,PENDED
CLM0001685,MBR108178,2026-05-30,PROFESSIONAL,Z00.00,4313.97,PAID
CLM0001686,MBR108447,2026-08-20,PHARMACY,N39.0,3328.24,PAID
CLM0001687,MBR104953,2026-02-25,DENTAL,K21.9,3219.18,PAID
CLM0001688,MBR105389,2026-07-13,PROFESSIONAL,J06.9,306.04,DENIED
CLM0001689,MBR108715,2026-06-13,PROFESSIONAL,J45.909,1126.93,DENIED
CLM0001690,MBR101495,2026-08-11,INSTITUTIONAL,F41.1,3103.31,PAID
CLM0001691,MBR107863,2026-06-03,PHARMACY,N39.0,832.43,PAID
CLM0001692,MBR104672,2026-06-27,PROFESSIONAL,F41.1,2520.36,PENDED
CLM0001693,MBR100737,2026-04-26,PROFESSIONAL,I10,4924.40,DENIED
CLM0001694,MBR106088,2026-08-10,PHARMACY,S82.401A,3355.47,PAID
CLM0001695,MBR109428,2026-03-31,PROFESSIONAL,E11.9,4167.46,PAID
CLM0001696,MBR106634,2026-01-12,INSTITUTIONAL,K21.9,1851.55,PAID
CLM0001697,MBR108650,2026-04-26,PHARMACY,R51.9,3982.46,PAID
CLM0001698,MBR105915,2026-04-02,PROFESSIONAL,F41.1,1008.31,PENDED
CLM0001699,MBR107982,2026-08-20,PHARMACY,E11.9,3599.63,PENDED
CLM0001700,MBR103754,2026-04-08,INSTITUTIONAL,S82.401A,1065.94,PAID
CLM0001701,MBR104659,2026-08-20,PHARMACY,J45.909,989.79,PAID
CLM0001702,MBR104617,2026-04-17,PROFESSIONAL,N39.0,4975.78,PAID
CLM0001703,MBR103487,2026-02-07,DENTAL,E11.9,1166.86,PAID
CLM0001704,MBR106369,2026-06-04,PHARMACY,M54.5,3934.76,PAID
CLM0001705,MBR108979,2026-04-19,PHARMACY,E11.9,1314.73,PENDED
CLM0001706,MBR104005,2026-06-05,PHARMACY,Z00.00,4210.43,PENDED
CLM0001707,MBR102084,2026-06-04,INSTITUTIONAL,J45.909,950.50,PENDED
CLM0001708,MBR100622,2026-04-23,DENTAL,E11.9,2351.98,PAID
CLM0001709,MBR109045,2026-01-17,INSTITUTIONAL,M54.5,1972.51,PAID
CLM0001710,MBR104604,2026-07-31,PHARMACY,R51.9,2571.88,PAID
CLM0001711,MBR107285,2026-06-28,INSTITUTIONAL,N39.0,307.30,DENIED
CLM0001712,MBR106677,2026-01-31,PHARMACY,N39.0,2298.99,PAID
CLM0001713,MBR102204,2026-06-04,INSTITUTIONAL,K21.9,137.83,PAID
CLM0001714,MBR109159,2026-03-23,INSTITUTIONAL,R51.9,1127.29,PENDED
CLM0001715,MBR104010,2026-08-24,PROFESSIONAL,E11.9,71.93,PAID
CLM0001716,MBR106782,2026-02-08,PHARMACY,K21.9,3069.45,PAID
CLM0001717,MBR103040,2026-03-15,DENTAL,S82.401A,3015.15,PAID
CLM0001718,MBR106809,2026-06-23,PROFESSIONAL,Z00.00,1997.72,PAID
CLM0001719,MBR105063,2026-06-01,INSTITUTIONAL,K21.9,1908.90,DENIED
CLM0001720,MBR104767,2026-05-27,PROFESSIONAL,J45.909,3877.36,PAID
CLM0001721,MBR108980,2026-03-02,PHARMACY,N39.0,2267.14,DENIED
CLM0001722,MBR101782,2026-02-08,DENTAL,S82.401A,1722.53,PENDED
CLM0001723,MBR104657,2026-04-08,PHARMACY,E11.9,3709.04,PAID
CLM0001724,MBR103434,2026-05-23,INSTITUTIONAL,E11.9,986.96,PAID
CLM0001725,MBR102172,2026-04-01,PROFESSIONAL,F41.1,2624.66,PAID
CLM0001726,MBR105392,2026-05-16,PROFESSIONAL,N39.0,2596.55,DENIED
CLM0001727,MBR109922,2026-05-27,PHARMACY,Z00.00,3218.72,PENDED
CLM0001728,MBR102321,2026-01-01,PHARMACY,S82.401A,650.05,DENIED
CLM0001729,MBR103536,2026-08-08,PHARMACY,J06.9,4709.29,PAID
CLM0001730,MBR102103,2026-01-19,DENTAL,E78.5,425.05,PENDED
CLM0001731,MBR101713,2026-06-15,PHARMACY,F41.1,3353.59,PAID
CLM0001732,MBR100685,2026-06-22,DENTAL,F41.1,3515.98,PAID
CLM0001733,MBR102286,2026-05-05,PHARMACY,I10,4461.58,PENDED
CLM0001734,MBR102878,2026-03-04,PROFESSIONAL,R51.9,1337.57,PAID
CLM0001735,MBR109483,2026-05-17,INSTITUTIONAL,J45.909,774.49,DENIED
CLM0001736,MBR100079,2026-08-27,PROFESSIONAL,I10,4453.78,PAID
CLM0001737,MBR100721,2026-04-04,INSTITUTIONAL,E11.9,1652.04,PAID
CLM0001738,MBR105101,2026-04-08,INSTITUTIONAL,J06.9,188.54,PAID
CLM0001739,MBR107830,2026-07-04,DENTAL,E11.9,3697.43,PAID
CLM0001740,MBR104049,2026-04-08,INSTITUTIONAL,,3707.11,PAID
CLM0001741,MBR103761,2026-06-18,PROFESSIONAL,F41.1,3601.28,DENIED
CLM0001742,MBR107438,2026-01-26,INSTITUTIONAL,Z00.00,1226.85,PAID
CLM0001743,MBR102517,2026-01-29,DENTAL,J06.9,3799.95,PAID
CLM0001744,MBR101320,2026-06-14,PHARMACY,E78.5,1187.43,PAID
CLM0001745,MBR105876,2026-07-31,DENTAL,M54.5,2306.61,PAID
CLM0001746,MBR105526,2026-08-11,PROFESSIONAL,K21.9,774.98,PAID
CLM0001747,MBR106426,2026-06-13,PROFESSIONAL,K21.9,616.36,PAID
CLM0001748,MBR101498,2026-08-16,INSTITUTIONAL,R51.9,4157.74,PAID
CLM0001749,MBR105411,2026-02-12,INSTITUTIONAL,J06.9,2548.38,DENIED
CLM0001750,MBR106768,2026-05-31,PROFESSIONAL,Z00.00,3095.82,PAID
CLM0001751,MBR103530,2026-02-01,INSTITUTIONAL,F41.1,2107.00,DENIED
CLM0001752,MBR109723,2026-07-30,INSTITUTIONAL,E11.9,444.47,PAID
CLM0001753,MBR107541,2026-08-07,PROFESSIONAL,F41.1,3244.81,PAID
CLM0001754,MBR108243,2026-04-25,INSTITUTIONAL,S82.401A,4862.72,PAID
CLM0001755,MBR107010,2026-02-27,INSTITUTIONAL,R51.9,2865.68,PAID
CLM0001756,MBR106456,2026-02-16,PROFESSIONAL,F41.1,2600.50,PAID
CLM0001757,MBR101857,2026-07-14,INSTITUTIONAL,K21.9,1222.24,DENIED
CLM0001758,MBR106270,2026-02-16,PROFESSIONAL,E11.9,196.58,PAID
CLM0001759,MBR109375,2026-07-01,INSTITUTIONAL,Z00.00,2261.59,PAID
CLM0001760,MBR106107,2026-03-12,PROFESSIONAL,S82.401A,156.82,PAID
CLM0001761,MBR102313,2026-04-12,DENTAL,F41.1,2949.25,PAID
CLM0001762,MBR105707,2026-02-27,PROFESSIONAL,E11.9,694.09,PAID
CLM0001763,MBR101351,2026-01-08,PROFESSIONAL,J45.909,837.57,PAID
CLM0001764,MBR103382,2026-06-12,PROFESSIONAL,R51.9,3494.33,PAID
CLM0001765,MBR107300,2026-06-11,PHARMACY,M54.5,924.42,DENIED
CLM0001766,MBR102110,2026-07-20,PROFESSIONAL,I10,3441.78,PENDED
CLM0001767,MBR101157,2026-07-03,DENTAL,I10,4427.50,PAID
CLM0001768,MBR101353,2026-06-02,PHARMACY,E78.5,2915.02,PAID
CLM0001769,MBR105829,2026-08-31,DENTAL,K21.9,3426.46,DENIED
CLM0001770,MBR100490,2026-03-22,INSTITUTIONAL,K21.9,2227.36,PENDED
CLM0001771,MBR102076,2026-06-10,PHARMACY,I10,4476.16,PENDED
CLM0001772,MBR108247,2026-08-21,PROFESSIONAL,J45.909,4769.20,DENIED
CLM0001773,MBR100552,2026-01-15,PROFESSIONAL,E78.5,3198.62,PAID
CLM0001774,MBR101368,2026-08-13,PROFESSIONAL,N39.0,4928.81,PAID
CLM0001775,MBR108107,2026-03-04,INSTITUTIONAL,S82.401A,1103.41,PAID
CLM0001776,MBR106316,2026-03-21,DENTAL,N39.0,,PAID
CLM0001777,MBR106499,2026-07-12,INSTITUTIONAL,N39.0,2159.52,PENDED
CLM0001778,MBR109453,2026-05-06,INSTITUTIONAL,E11.9,4950.64,PAID
CLM0001779,MBR104272,2026-01-08,DENTAL,M54.5,4520.00,DENIED
CLM0001780,MBR105837,2026-07-06,DENTAL,F41.1,3176.93,PAID
CLM0001781,MBR104992,2026-08-29,PHARMACY,J06.9,2777.08,DENIED
CLM0001782,MBR104019,2026-06-20,INSTITUTIONAL,I10,3138.35,PENDED
CLM0001783,MBR102567,2026-04-10,PHARMACY,N39.0,4883.50,DENIED
CLM0001784,MBR104905,2026-03-26,PROFESSIONAL,R51.9,1731.42,PAID
CLM0001785,MBR107046,2026-04-25,DENTAL,K21.9,1096.71,PAID
CLM0001786,MBR105302,2026-08-14,PROFESSIONAL,I10,1051.26,DENIED
CLM0001787,MBR104860,2026-03-06,DENTAL,F41.1,3461.66,PAID
CLM0001788,MBR104837,2026-07-30,PROFESSIONAL,E11.9,4787.86,PAID
CLM0001789,MBR101831,2026-04-16,PHARMACY,K21.9,2235.32,PENDED
CLM0001790,MBR101730,2026-03-12,PHARMACY,J06.9,2711.37,PAID
CLM0001791,MBR109396,2026-07-07,PROFESSIONAL,F41.1,3452.06,PAID
CLM0001792,MBR104582,2026-06-10,PROFESSIONAL,E78.5,3570.84,PAID
CLM0001793,MBR105520,2026-03-13,PROFESSIONAL,E11.9,270.49,DENIED
CLM0001794,MBR109194,2026-01-12,DENTAL,J45.909,2093.75,PAID
CLM0001795,MBR105232,2026-06-19,PROFESSIONAL,K21.9,4032.61,PAID
CLM0001796,MBR105243,2026-06-26,DENTAL,S82.401A,2705.01,PAID
CLM0001797,MBR106899,2026-05-24,INSTITUTIONAL,E78.5,2646.87,DENIED
CLM0001798,MBR106511,2026-03-28,PROFESSIONAL,M54.5,2863.43,PAID
CLM0001799,MBR109952,2026-01-07,PHARMACY,R51.9,587.70,PAID
CLM0001800,MBR102208,2026-05-14,DENTAL,N39.0,4243.85,PAID
CLM0001801,MBR100547,2026-01-19,DENTAL,Z00.00,175.54,PAID
CLM0001802,MBR106169,2026-07-28,PHARMACY,N39.0,,PAID
CLM0001803,MBR105786,2026-03-20,INSTITUTIONAL,E11.9,2882.33,DENIED
CLM0001804,MBR105455,2026-08-30,PROFESSIONAL,N39.0,1120.10,PENDED
CLM0001805,MBR105806,2026-08-09,PROFESSIONAL,E11.9,2676.48,PENDED
CLM0001806,MBR101832,2026-01-03,DENTAL,I10,1363.56,PAID
CLM0001807,MBR109800,2026-03-30,PHARMACY,J06.9,3826.17,PAID
CLM0001808,MBR108706,2026-05-08,PHARMACY,,4675.88,PENDED
CLM0001809,MBR105676,2026-02-14,DENTAL,Z00.00,3795.62,PAID
CLM0001810,MBR105043,2026-03-11,PROFESSIONAL,J45.909,3912.52,PAID
CLM0001811,MBR108783,2026-05-11,DENTAL,N39.0,4514.13,PENDED
CLM0001812,MBR100999,2026-03-25,PHARMACY,R51.9,3899.38,PAID
CLM0001813,MBR105034,2026-02-06,PHARMACY,K21.9,1056.14,PAID
CLM0001814,MBR108309,2026-05-11,PHARMACY,R51.9,4639.31,PAID
CLM0001815,MBR104096,2026-04-11,PHARMACY,E78.5,3099.73,PAID
CLM0001816,MBR101146,2026-04-08,PHARMACY,J06.9,3232.07,PAID
CLM0001817,MBR101096,2026-08-28,PHARMACY,Z00.00,1656.82,DENIED
CLM0001818,MBR108855,2026-01-05,PHARMACY,K21.9,2663.12,PAID
CLM0001819,MBR101524,2026-05-07,PHARMACY,E11.9,1005.90,PAID
CLM0001820,MBR109861,2026-05-06,PHARMACY,S82.401A,,PENDED
CLM0001821,MBR109686,2026-03-10,PROFESSIONAL,J45.909,1467.47,PAID
CLM0001822,MBR103213,2026-01-08,PROFESSIONAL,S82.401A,3793.88,PAID
CLM0001823,MBR101167,2026-04-30,DENTAL,S82.401A,1205.37,PAID
CLM0001824,MBR108728,2026-08-07,INSTITUTIONAL,E78.5,2774.34,PENDED
CLM0001825,MBR105086,2026-07-04,DENTAL,E78.5,1151.99,PAID
CLM0001826,MBR107525,2026-08-25,PROFESSIONAL,J06.9,2787.01,PAID
CLM0001827,MBR108426,2026-03-16,INSTITUTIONAL,K21.9,2765.95,PAID
CLM0001828,MBR108941,2026-08-01,INSTITUTIONAL,K21.9,255.64,PAID
CLM0001829,MBR108579,2026-01-24,DENTAL,F41.1,352.10,PAID
CLM0001830,MBR103274,2026-04-30,PHARMACY,N39.0,2880.57,PAID
CLM0001831,MBR103744,2026-07-06,PHARMACY,N39.0,1962.16,PAID
CLM0001832,MBR109705,2026-08-09,DENTAL,S82.401A,2558.60,PAID
CLM0001833,MBR104068,2026-05-15,PROFESSIONAL,K21.9,3908.15,DENIED
CLM0001834,MBR102270,2026-07-29,DENTAL,K21.9,1412.33,PAID
CLM0001835,MBR107576,2026-07-02,INSTITUTIONAL,R51.9,4648.00,PAID
CLM0001836,MBR107286,2026-03-08,PROFESSIONAL,R51.9,3280.71,PAID
CLM0001837,MBR106792,2026-03-13,DENTAL,J45.909,654.88,PAID
CLM0001838,MBR108147,2026-06-12,PHARMACY,E78.5,1339.83,PAID
CLM0001839,MBR109999,2026-07-17,PROFESSIONAL,M54.5,1239.77,PAID
CLM0001840,MBR102455,2026-07-28,PROFESSIONAL,K21.9,423.17,PAID
CLM0001841,MBR107745,2026-01-21,PHARMACY,J45.909,1109.45,DENIED
CLM0001842,MBR108295,2026-06-12,DENTAL,Z00.00,197.90,PAID
CLM0001843,MBR107272,2026-04-22,DENTAL,M54.5,3011.67,PAID
CLM0001844,MBR106763,2026-07-11,INSTITUTIONAL,F41.1,638.57,PAID
CLM0001845,MBR105203,2026-08-28,PROFESSIONAL,E78.5,1270.62,PAID
CLM0001846,MBR109452,2026-02-14,PHARMACY,S82.401A,4755.41,PAID
CLM0001847,MBR109858,2026-08-05,PROFESSIONAL,I10,1943.21,PENDED
CLM0001848,MBR102391,2026-06-08,INSTITUTIONAL,J45.909,2567.42,DENIED
CLM0001849,MBR105115,2026-06-24,INSTITUTIONAL,R51.9,407.60,PAID
CLM0001850,MBR104792,2026-08-03,PHARMACY,S82.401A,4048.38,PAID
CLM0001851,MBR104490,2026-06-05,PHARMACY,J06.9,4286.14,PAID
CLM0001852,MBR101813,2026-03-03,DENTAL,Z00.00,646.10,PAID
CLM0001853,MBR100612,2026-06-24,INSTITUTIONAL,Z00.00,3591.59,PAID
CLM0001854,MBR105616,2026-07-13,DENTAL,J06.9,4248.87,PAID
CLM0001855,MBR107966,2026-04-14,PROFESSIONAL,I10,3682.65,DENIED
CLM0001856,MBR103161,2026-05-28,DENTAL,K21.9,129.12,PAID
CLM0001857,MBR100493,2026-07-02,PHARMACY,Z00.00,4918.23,PAID
CLM0001858,MBR102633,2026-04-13,DENTAL,E11.9,3343.79,PAID
CLM0001859,MBR105590,2026-01-24,DENTAL,N39.0,2986.51,PAID
CLM0001860,MBR107713,2026-05-08,PROFESSIONAL,E78.5,4606.08,PAID
CLM0001861,MBR104533,2026-04-24,PROFESSIONAL,K21.9,4061.19,DENIED
CLM0001862,MBR106570,2026-07-07,PROFESSIONAL,Z00.00,3539.94,PAID
CLM0001863,MBR107626,2026-03-15,INSTITUTIONAL,K21.9,3132.92,PAID
CLM0001864,MBR101282,2026-07-27,DENTAL,R51.9,2433.98,PENDED
CLM0001865,MBR101156,2026-02-21,PROFESSIONAL,F41.1,2846.92,PAID
CLM0001866,MBR109475,2026-07-24,PROFESSIONAL,I10,4501.53,PAID
CLM0001867,MBR108206,2026-07-19,PROFESSIONAL,F41.1,434.43,PAID
CLM0001868,MBR100896,2026-02-23,DENTAL,J06.9,4957.60,PENDED
CLM0001869,MBR107107,2026-02-03,DENTAL,F41.1,4149.51,PAID
CLM0001870,MBR100737,2026-08-28,INSTITUTIONAL,R51.9,1909.96,PAID
CLM0001871,MBR101146,2026-02-12,DENTAL,J45.909,4440.61,PENDED
CLM0001872,MBR108803,2026-03-24,DENTAL,I10,3172.46,PAID
CLM0001873,MBR106783,2026-06-25,PHARMACY,I10,971.92,PAID
CLM0001874,MBR109948,2026-01-11,DENTAL,I10,3635.35,PAID
CLM0001875,MBR108204,2026-03-11,PHARMACY,M54.5,175.78,DENIED
CLM0001876,MBR105217,2026-03-28,PHARMACY,E11.9,197.44,PAID
CLM0001877,MBR104468,2026-08-10,PROFESSIONAL,J45.909,3300.81,PAID
CLM0001878,MBR103155,2026-06-07,PHARMACY,M54.5,1082.22,PAID
CLM0001879,MBR108510,2026-03-07,DENTAL,Z00.00,4952.72,DENIED
CLM0001880,MBR103685,2026-03-05,INSTITUTIONAL,F41.1,,PAID
CLM0001881,MBR103071,2026-01-21,PHARMACY,K21.9,,PAID
CLM0001882,MBR108624,2026-08-28,DENTAL,M54.5,472.56,PENDED
CLM0001883,MBR100963,2026-03-28,PHARMACY,,1592.52,DENIED
CLM0001884,MBR107238,2026-04-23,PROFESSIONAL,R51.9,4095.98,PAID
CLM0001885,MBR108270,2026-03-10,PROFESSIONAL,Z00.00,1505.84,PAID
CLM0001886,MBR103180,2026-07-01,DENTAL,J06.9,493.25,PAID
CLM0001887,MBR107536,2026-03-19,PROFESSIONAL,E78.5,2231.72,PAID
CLM0001888,MBR109780,2026-08-05,DENTAL,E78.5,215.75,PAID
CLM0001889,MBR101358,2026-07-06,PROFESSIONAL,J06.9,69.21,PAID
CLM0001890,MBR101434,2026-07-23,PROFESSIONAL,E11.9,4297.96,DENIED
CLM0001891,MBR102598,2026-05-15,PROFESSIONAL,,433.51,PAID
CLM0001892,MBR104398,2026-02-24,INSTITUTIONAL,S82.401A,2479.29,PAID
CLM0001893,MBR106950,2026-03-13,INSTITUTIONAL,E11.9,586.92,PAID
CLM0001894,MBR105225,2026-01-16,PROFESSIONAL,R51.9,623.71,PAID
CLM0001895,MBR103915,2026-04-30,DENTAL,E11.9,2927.15,PAID
CLM0001896,MBR101661,2026-01-14,PROFESSIONAL,K21.9,2369.63,DENIED
CLM0001897,MBR102523,2026-07-04,PROFESSIONAL,F41.1,449.08,DENIED
CLM0001898,MBR101047,2026-01-11,PHARMACY,J45.909,2493.01,PAID
CLM0001899,MBR103664,2026-03-13,DENTAL,E78.5,2531.55,PAID
CLM0001900,MBR104726,2026-04-22,DENTAL,Z00.00,4412.26,PAID
CLM0001901,MBR100238,2026-02-21,DENTAL,N39.0,2006.83,PAID
CLM0001902,MBR101344,2026-06-07,PROFESSIONAL,E11.9,4345.72,DENIED
CLM0001903,MBR102448,2026-08-16,PHARMACY,Z00.00,1436.68,DENIED
CLM0001904,MBR109457,2026-05-17,DENTAL,S82.401A,3468.05,PAID
CLM0001905,MBR103508,2026-03-28,PHARMACY,K21.9,4883.90,DENIED
CLM0001906,MBR107605,2026-03-22,DENTAL,R51.9,1185.05,PAID
CLM0001907,MBR102327,2026-08-02,INSTITUTIONAL,R51.9,3300.91,PAID
CLM0001908,MBR104439,2026-01-26,PHARMACY,M54.5,4081.11,PAID
CLM0001909,MBR102760,2026-05-17,PHARMACY,F41.1,1651.58,PAID
CLM0001910,MBR103409,2026-08-31,INSTITUTIONAL,S82.401A,2739.50,PAID
CLM0001911,MBR101344,2026-07-19,PROFESSIONAL,R51.9,3432.85,PAID
CLM0001912,MBR106543,2026-07-24,DENTAL,R51.9,2613.59,PAID
CLM0001913,MBR108439,2026-03-14,PHARMACY,I10,1685.19,PAID
CLM0001914,MBR108578,2026-08-08,PROFESSIONAL,,3073.72,DENIED
CLM0001915,MBR108000,2026-04-16,DENTAL,R51.9,4197.62,PAID
CLM0001916,MBR102288,2026-05-24,PROFESSIONAL,J06.9,3838.77,PAID
CLM0001917,MBR103230,2026-04-20,PROFESSIONAL,Z00.00,765.51,PAID
CLM0001918,MBR106486,2026-05-26,PROFESSIONAL,J45.909,143.21,PAID
CLM0001919,MBR108033,2026-02-09,PHARMACY,M54.5,582.15,PAID
CLM0001920,MBR101642,2026-03-21,PROFESSIONAL,M54.5,2975.79,PAID
CLM0001921,MBR105509,2026-03-28,PROFESSIONAL,J06.9,4056.34,PAID
CLM0001922,MBR101788,2026-01-31,PROFESSIONAL,F41.1,1170.95,PAID
CLM0001923,MBR109182,2026-03-26,DENTAL,I10,2349.38,PAID
CLM0001924,MBR109918,2026-02-07,PHARMACY,I10,939.84,PAID
CLM0001925,MBR105554,2026-04-09,INSTITUTIONAL,F41.1,748.64,PAID
CLM0001926,MBR104230,2026-08-25,INSTITUTIONAL,N39.0,894.41,PAID
CLM0001927,MBR108907,2026-05-26,PHARMACY,F41.1,4252.38,PAID
CLM0001928,MBR102577,2026-04-03,INSTITUTIONAL,E78.5,838.77,PAID
CLM0001929,MBR103550,2026-08-09,PHARMACY,E11.9,452.27,PAID
CLM0001930,MBR103525,2026-06-25,PROFESSIONAL,R51.9,945.84,DENIED
CLM0001931,MBR106796,2026-07-02,PROFESSIONAL,J45.909,3504.20,PAID
CLM0001932,MBR109024,2026-08-09,PROFESSIONAL,I10,2460.44,PAID
CLM0001933,MBR102978,2026-02-10,INSTITUTIONAL,J06.9,2958.41,PAID
CLM0001934,MBR101093,2026-03-13,PROFESSIONAL,J45.909,3806.12,PAID
CLM0001935,MBR100086,2026-08-21,PHARMACY,I10,2329.91,PAID
CLM0001936,MBR105593,2026-03-13,PROFESSIONAL,E11.9,2850.14,DENIED
CLM0001937,MBR100890,2026-01-01,DENTAL,E11.9,1698.04,DENIED
CLM0001938,MBR102820,2026-07-18,INSTITUTIONAL,F41.1,,PAID
CLM0001939,MBR105425,2026-08-16,PROFESSIONAL,E78.5,3289.99,PAID
CLM0001940,MBR103833,2026-05-29,INSTITUTIONAL,Z00.00,4204.38,PAID
CLM0001941,MBR105319,2026-06-25,PROFESSIONAL,,2838.54,PAID
CLM0001942,MBR100287,2026-05-07,PROFESSIONAL,M54.5,4374.39,DENIED
CLM0001943,MBR108554,2026-04-30,INSTITUTIONAL,J45.909,2300.91,PAID
CLM0001944,MBR109397,2026-03-28,DENTAL,R51.9,197.79,PAID
CLM0001945,MBR105799,2026-02-18,PHARMACY,S82.401A,3054.53,PENDED
CLM0001946,MBR105331,2026-03-18,PROFESSIONAL,J45.909,4641.90,PENDED
CLM0001947,MBR101360,2026-01-24,PROFESSIONAL,K21.9,4465.33,DENIED
CLM0001948,MBR107139,2026-04-11,PHARMACY,M54.5,,PAID
CLM0001949,MBR106327,2026-03-26,INSTITUTIONAL,S82.401A,972.70,PAID
CLM0001950,MBR105128,2026-06-12,PROFESSIONAL,M54.5,3200.21,PAID
CLM0001951,MBR105812,2026-06-24,PROFESSIONAL,F41.1,1462.74,PAID
CLM0001952,MBR104824,2026-03-09,INSTITUTIONAL,J45.909,1368.65,PAID
CLM0001953,MBR102733,2026-05-11,PROFESSIONAL,E78.5,1497.80,DENIED
CLM0001954,MBR100284,2026-07-30,DENTAL,J45.909,,PAID
CLM0001955,MBR108679,2026-02-11,INSTITUTIONAL,R51.9,3421.52,PAID
CLM0001956,MBR105287,2026-04-13,PROFESSIONAL,,2220.52,PAID
CLM0001957,MBR101862,2026-05-06,PHARMACY,Z00.00,235.96,PAID
CLM0001958,MBR102568,2026-06-20,PROFESSIONAL,F41.1,664.40,PENDED
CLM0001959,MBR104556,2026-03-20,PHARMACY,E78.5,1355.22,DENIED
CLM0001960,MBR101459,2026-02-16,PHARMACY,Z00.00,3584.27,PAID
CLM0001961,MBR100083,2026-04-03,INSTITUTIONAL,R51.9,1984.78,PAID
CLM0001962,MBR109262,2026-08-03,PHARMACY,J06.9,322.48,PAID
CLM0001963,MBR106347,2026-06-30,DENTAL,E78.5,1502.41,PAID
CLM0001964,MBR103862,2026-08-27,DENTAL,K21.9,2374.88,PAID
CLM0001965,MBR100955,2026-03-17,PROFESSIONAL,J45.909,1057.62,PAID
CLM0001966,MBR103389,2026-06-07,INSTITUTIONAL,J06.9,2143.15,PAID
CLM0001967,MBR106042,2026-04-12,PROFESSIONAL,R51.9,3199.84,PAID
CLM0001968,MBR105429,2026-02-02,PHARMACY,E78.5,528.22,PAID
CLM0001969,MBR109488,2026-01-19,PROFESSIONAL,J06.9,2293.53,PAID
CLM0001970,MBR100206,2026-07-08,INSTITUTIONAL,N39.0,956.12,PAID
CLM0001971,MBR106783,2026-03-14,INSTITUTIONAL,I10,3818.99,PENDED
CLM0001972,MBR108190,2026-01-30,PROFESSIONAL,I10,2506.88,PAID
CLM0001973,MBR103940,2026-07-13,DENTAL,S82.401A,4057.86,PAID
CLM0001974,MBR103391,2026-06-13,INSTITUTIONAL,Z00.00,623.77,PENDED
CLM0001975,MBR103357,2026-06-30,PHARMACY,E78.5,1048.60,DENIED
CLM0001976,MBR109614,2026-05-16,PROFESSIONAL,S82.401A,,PAID
CLM0001977,MBR105299,2026-07-24,INSTITUTIONAL,R51.9,,PAID
CLM0001978,MBR108875,2026-03-01,PHARMACY,E11.9,2784.51,PAID
CLM0001979,MBR104654,2026-03-19,DENTAL,J45.909,2274.19,PAID
CLM0001980,MBR109959,2026-08-22,PROFESSIONAL,E78.5,1693.57,PAID
CLM0001981,MBR106046,2026-05-11,INSTITUTIONAL,K21.9,3496.24,DENIED
CLM0001982,MBR107446,2026-04-30,INSTITUTIONAL,I10,,PAID
CLM0001983,MBR109644,2026-02-14,INSTITUTIONAL,E11.9,656.77,DENIED
CLM0001984,MBR108844,2026-04-18,PROFESSIONAL,J06.9,2303.01,PENDED
CLM0001985,MBR106749,2026-07-02,DENTAL,E11.9,329.61,DENIED
CLM0001986,MBR102400,2026-02-16,PHARMACY,F41.1,4046.15,PAID
CLM0001987,MBR100825,2026-08-23,DENTAL,K21.9,4914.62,PAID
CLM0001988,MBR100097,2026-05-03,PROFESSIONAL,,1844.45,PAID
CLM0001989,MBR108200,2026-02-04,PHARMACY,E11.9,4029.64,PAID
CLM0001990,MBR109499,2026-07-16,PHARMACY,J06.9,3747.31,PENDED
CLM0001991,MBR103085,2026-08-19,PROFESSIONAL,R51.9,1910.50,PENDED
CLM0001992,MBR101976,2026-05-08,INSTITUTIONAL,E78.5,2749.12,PAID
CLM0001993,MBR100752,2026-07-13,DENTAL,F41.1,1912.70,PAID
CLM0001994,MBR105425,2026-05-28,PROFESSIONAL,Z00.00,2422.34,PAID
CLM0001995,MBR105988,2026-05-30,INSTITUTIONAL,R51.9,4180.12,PENDED
CLM0001996,MBR106645,2026-05-20,PROFESSIONAL,J45.909,4602.90,PAID
CLM0001997,MBR107054,2026-02-07,PROFESSIONAL,F41.1,2566.03,PAID
CLM0001998,MBR105162,2026-07-16,PHARMACY,R51.9,1032.51,PAID
CLM0001999,MBR104908,2026-02-27,DENTAL,F41.1,2527.37,PAID
CLM0002000,MBR103443,2026-03-24,INSTITUTIONAL,E11.9,4231.78,PAID
CLM0002001,MBR104775,2026-05-31,INSTITUTIONAL,R51.9,2554.87,PAID
CLM0002002,MBR100050,2026-02-03,PROFESSIONAL,N39.0,1938.45,PAID
CLM0002003,MBR108081,2026-06-18,PHARMACY,Z00.00,1942.97,PENDED
CLM0002004,MBR104236,2026-08-27,PROFESSIONAL,I10,4044.36,PAID
CLM0002005,MBR100992,2026-05-25,PROFESSIONAL,J45.909,538.68,PENDED
CLM0002006,MBR106322,2026-07-18,PROFESSIONAL,J06.9,3631.96,PAID
CLM0002007,MBR105915,2026-07-18,DENTAL,Z00.00,4863.83,PAID
CLM0002008,MBR107473,2026-01-29,INSTITUTIONAL,F41.1,290.90,PAID
CLM0002009,MBR109759,2026-07-15,DENTAL,,4072.73,PAID
CLM0002010,MBR103833,2026-02-20,PROFESSIONAL,Z00.00,3011.66,PAID
CLM0002011,MBR103203,2026-08-28,INSTITUTIONAL,N39.0,1512.76,PAID
CLM0002012,MBR101226,2026-01-05,DENTAL,,1248.53,PAID
CLM0002013,MBR101716,2026-01-06,INSTITUTIONAL,,3290.30,PENDED
CLM0002014,MBR107423,2026-06-02,DENTAL,M54.5,706.85,PAID
CLM0002015,MBR107246,2026-04-10,PHARMACY,S82.401A,181.65,PENDED
CLM0002016,MBR104651,2026-02-04,DENTAL,R51.9,,PAID
CLM0002017,MBR101580,2026-04-10,PROFESSIONAL,J06.9,1598.44,DENIED
CLM0002018,MBR100916,2026-02-24,DENTAL,J45.909,1442.84,PAID
CLM0002019,MBR100018,2026-06-26,DENTAL,J06.9,4905.35,PAID
CLM0002020,MBR102023,2026-07-16,PROFESSIONAL,E78.5,678.83,PENDED
CLM0002021,MBR100662,2026-01-09,PROFESSIONAL,M54.5,3096.89,PENDED
CLM0002022,MBR102919,2026-08-26,INSTITUTIONAL,S82.401A,2303.34,PAID
CLM0002023,MBR108494,2026-06-07,PROFESSIONAL,N39.0,2418.56,DENIED
CLM0002024,MBR105053,2026-07-06,PROFESSIONAL,E11.9,3792.43,PAID
CLM0002025,MBR108719,2026-04-09,PROFESSIONAL,E11.9,,PAID
CLM0002026,MBR105751,2026-07-15,INSTITUTIONAL,F41.1,2015.88,DENIED
CLM0002027,MBR101292,2026-05-20,DENTAL,F41.1,2546.70,PAID
CLM0002028,MBR107178,2026-06-29,PHARMACY,,4807.58,PAID
CLM0002029,MBR103043,2026-02-17,PROFESSIONAL,Z00.00,1435.56,PAID
CLM0002030,MBR106620,2026-06-21,DENTAL,,1408.29,DENIED
CLM0002031,MBR107717,2026-04-13,PHARMACY,N39.0,3371.75,PAID
CLM0002032,MBR108084,2026-02-02,INSTITUTIONAL,,3234.59,DENIED
CLM0002033,MBR109588,2026-03-14,DENTAL,I10,2713.77,DENIED
CLM0002034,MBR106962,2026-02-25,PHARMACY,R51.9,4128.75,PAID
CLM0002035,MBR109751,2026-03-26,PROFESSIONAL,R51.9,4871.03,PAID
CLM0002036,MBR106791,2026-07-15,PROFESSIONAL,F41.1,1666.62,PAID
CLM0002037,MBR102111,2026-06-21,PROFESSIONAL,R51.9,1365.36,PENDED
CLM0002038,MBR100847,2026-03-22,DENTAL,J45.909,3878.00,DENIED
CLM0002039,MBR103569,2026-06-23,INSTITUTIONAL,S82.401A,2965.48,PAID
CLM0002040,MBR100552,2026-08-27,DENTAL,I10,3470.19,PENDED
CLM0002041,MBR100228,2026-08-29,DENTAL,K21.9,1681.11,PAID
CLM0002042,MBR103997,2026-06-01,DENTAL,E78.5,3838.80,PAID
CLM0002043,MBR108742,2026-07-13,PROFESSIONAL,F41.1,1494.71,PAID
CLM0002044,MBR101491,2026-07-19,PHARMACY,J06.9,913.66,PAID
CLM0002045,MBR103744,2026-04-07,PROFESSIONAL,N39.0,2981.08,PAID
CLM0002046,MBR101032,2026-08-11,DENTAL,Z00.00,4194.79,PAID
CLM0002047,MBR108892,2026-05-29,DENTAL,E78.5,3217.43,PAID
CLM0002048,MBR104609,2026-02-15,PHARMACY,E11.9,725.21,PAID
CLM0002049,MBR103049,2026-04-26,PROFESSIONAL,J06.9,1692.35,PAID
CLM0002050,MBR100379,2026-02-02,INSTITUTIONAL,,2219.57,PAID
CLM0002051,MBR106332,2026-08-25,PHARMACY,Z00.00,2033.81,PENDED
CLM0002052,MBR105467,2026-05-11,PROFESSIONAL,J45.909,1400.36,DENIED
CLM0002053,MBR107610,2026-02-09,INSTITUTIONAL,M54.5,3221.99,PAID
CLM0002054,MBR101720,2026-07-06,DENTAL,Z00.00,1723.52,PAID
CLM0002055,MBR101996,2026-03-20,DENTAL,R51.9,3014.22,PAID
CLM0002056,MBR108470,2026-03-03,INSTITUTIONAL,E11.9,2688.27,PAID
CLM0002057,MBR105939,2026-06-30,PHARMACY,J06.9,2872.80,PAID
CLM0002058,MBR109035,2026-04-12,PHARMACY,J06.9,1894.61,PAID
CLM0002059,MBR101383,2026-02-26,PROFESSIONAL,F41.1,1292.23,PENDED
CLM0002060,MBR102559,2026-06-26,PROFESSIONAL,R51.9,1070.35,PENDED
CLM0002061,MBR106200,2026-06-04,PROFESSIONAL,F41.1,3377.85,PAID
CLM0002062,MBR106888,2026-05-31,PROFESSIONAL,F41.1,4654.22,DENIED
CLM0002063,MBR105861,2026-06-12,PHARMACY,N39.0,2364.49,PAID
CLM0002064,MBR101341,2026-01-09,DENTAL,K21.9,2161.27,PENDED
CLM0002065,MBR101115,2026-07-26,PROFESSIONAL,S82.401A,1279.49,PAID
CLM0002066,MBR108670,2026-07-25,DENTAL,,722.66,PAID
CLM0002067,MBR107054,2026-04-19,INSTITUTIONAL,F41.1,2989.36,PAID
CLM0002068,MBR105424,2026-02-26,PROFESSIONAL,K21.9,2852.38,PAID
CLM0002069,MBR106759,2026-01-23,PHARMACY,J06.9,4785.94,PAID
CLM0002070,MBR105415,2026-03-25,DENTAL,R51.9,3316.43,PAID
CLM0002071,MBR107726,2026-01-16,DENTAL,R51.9,2105.87,PAID
CLM0002072,MBR106552,2026-02-08,PROFESSIONAL,E78.5,2174.18,PAID
CLM0002073,MBR100173,2026-03-25,PROFESSIONAL,J06.9,3879.67,PAID
CLM0002074,MBR109212,2026-05-03,INSTITUTIONAL,M54.5,956.66,PAID
CLM0002075,MBR105714,2026-03-11,PROFESSIONAL,S82.401A,117.79,PENDED
CLM0002076,MBR105093,2026-07-15,PHARMACY,E78.5,1495.98,PAID
CLM0002077,MBR101423,2026-05-14,DENTAL,J06.9,684.21,PENDED
CLM0002078,MBR101363,2026-08-19,PROFESSIONAL,K21.9,364.96,PAID
CLM0002079,MBR102101,2026-02-10,DENTAL,K21.9,1287.43,PAID
CLM0002080,MBR106014,2026-05-13,DENTAL,Z00.00,164.08,PAID
CLM0002081,MBR106564,2026-05-22,DENTAL,N39.0,177.15,DENIED
CLM0002082,MBR107519,2026-03-05,DENTAL,,3331.44,PAID
CLM0002083,MBR105568,2026-07-22,INSTITUTIONAL,F41.1,605.22,DENIED
CLM0002084,MBR106825,2026-05-28,PHARMACY,I10,1562.58,PAID
CLM0002085,MBR102062,2026-05-24,PHARMACY,S82.401A,635.37,PAID
CLM0002086,MBR100775,2026-03-18,PROFESSIONAL,I10,932.37,PENDED
CLM0002087,MBR106886,2026-08-26,PHARMACY,E78.5,288.33,PAID
CLM0002088,MBR100274,2026-03-14,DENTAL,J06.9,1553.34,DENIED
CLM0002089,MBR109375,2026-06-23,PHARMACY,K21.9,3839.55,PENDED
CLM0002090,MBR108110,2026-01-14,PROFESSIONAL,N39.0,4009.47,PAID
CLM0002091,MBR102674,2026-08-13,PROFESSIONAL,Z00.00,1299.34,PAID
CLM0002092,MBR102644,2026-08-08,INSTITUTIONAL,J45.909,2140.36,PAID
CLM0002093,MBR108915,2026-04-02,PROFESSIONAL,M54.5,3251.44,PAID
CLM0002094,MBR108341,2026-07-27,PHARMACY,E78.5,3826.83,PAID
CLM0002095,MBR102710,2026-08-23,INSTITUTIONAL,N39.0,3647.32,DENIED
CLM0002096,MBR102529,2026-08-31,PROFESSIONAL,Z00.00,362.93,DENIED
CLM0002097,MBR109254,2026-01-22,PHARMACY,J06.9,3311.02,PENDED
CLM0002098,MBR102077,2026-08-28,PHARMACY,J45.909,3646.94,PAID
CLM0002099,MBR108683,2026-03-06,PROFESSIONAL,M54.5,4325.91,PAID
CLM0002100,MBR103416,2026-01-03,PROFESSIONAL,Z00.00,1899.75,PAID
CLM0002101,MBR105312,2026-02-01,PROFESSIONAL,R51.9,2825.43,PAID
CLM0002102,MBR109545,2026-05-30,INSTITUTIONAL,E78.5,1770.53,DENIED
CLM0002103,MBR100740,2026-03-19,INSTITUTIONAL,E78.5,4157.52,PAID
CLM0002104,MBR103865,2026-05-01,INSTITUTIONAL,N39.0,4626.91,PAID
CLM0002105,MBR101085,2026-03-01,INSTITUTIONAL,S82.401A,332.70,DENIED
CLM0002106,MBR103015,2026-03-11,DENTAL,E78.5,956.05,PENDED
CLM0002107,MBR103511,2026-05-11,PHARMACY,E11.9,3842.06,PAID
CLM0002108,MBR100698,2026-05-14,PROFESSIONAL,S82.401A,2311.42,PAID
CLM0002109,MBR107234,2026-02-18,PHARMACY,J06.9,,PAID
CLM0002110,MBR103200,2026-08-20,INSTITUTIONAL,F41.1,2289.54,PENDED
CLM0002111,MBR101544,2026-02-09,PHARMACY,S82.401A,309.09,PAID
CLM0002112,MBR107544,2026-02-26,PHARMACY,J06.9,4314.60,PAID
CLM0002113,MBR107968,2026-06-13,PHARMACY,M54.5,3346.12,PAID
CLM0002114,MBR108706,2026-06-28,PROFESSIONAL,E11.9,4191.69,PAID
CLM0002115,MBR109381,2026-02-16,PHARMACY,Z00.00,4260.90,PAID
CLM0002116,MBR109750,2026-06-16,PHARMACY,I10,1848.55,PAID
CLM0002117,MBR108609,2026-07-13,DENTAL,I10,4496.80,DENIED
CLM0002118,MBR104192,2026-03-20,PROFESSIONAL,K21.9,713.59,PAID
CLM0002119,MBR109646,2026-06-02,PROFESSIONAL,N39.0,3391.11,PAID
CLM0002120,MBR102558,2026-03-30,PROFESSIONAL,I10,4363.02,DENIED
CLM0002121,MBR105087,2026-06-21,PROFESSIONAL,J45.909,1631.58,PAID
CLM0002122,MBR109939,2026-01-20,PROFESSIONAL,J45.909,2904.55,PAID
CLM0002123,MBR101418,2026-08-31,DENTAL,E78.5,,PENDED
CLM0002124,MBR104148,2026-03-16,PHARMACY,M54.5,4491.59,PAID
CLM0002125,MBR103131,2026-02-15,INSTITUTIONAL,K21.9,4105.46,PAID
CLM0002126,MBR105974,2026-03-25,PHARMACY,N39.0,4739.11,PAID
CLM0002127,MBR108831,2026-02-27,DENTAL,F41.1,3288.29,PENDED
CLM0002128,MBR102342,2026-06-27,INSTITUTIONAL,R51.9,4640.87,PAID
CLM0002129,MBR106367,2026-02-14,PROFESSIONAL,E78.5,4749.04,PAID
CLM0002130,MBR106657,2026-05-26,PROFESSIONAL,Z00.00,3503.73,DENIED
CLM0002131,MBR107654,2026-04-01,DENTAL,J45.909,202.33,PAID
CLM0002132,MBR104610,2026-07-25,PROFESSIONAL,N39.0,4935.08,PAID
CLM0002133,MBR109019,2026-07-05,PHARMACY,F41.1,2860.34,PAID
CLM0002134,MBR107795,2026-01-03,PROFESSIONAL,Z00.00,2704.43,PAID
CLM0002135,MBR101262,2026-06-15,INSTITUTIONAL,Z00.00,351.68,PENDED
CLM0002136,MBR109169,2026-03-11,PROFESSIONAL,I10,4119.93,PAID
CLM0002137,MBR103542,2026-07-11,DENTAL,M54.5,4551.83,PAID
CLM0002138,MBR105171,2026-08-22,PHARMACY,R51.9,1020.61,PAID
CLM0002139,MBR101671,2026-02-06,PHARMACY,J45.909,4473.92,PENDED
CLM0002140,MBR106293,2026-08-03,PROFESSIONAL,M54.5,2257.11,PENDED
CLM0002141,MBR107828,2026-01-13,DENTAL,N39.0,4631.93,DENIED
CLM0002142,MBR107451,2026-02-16,PROFESSIONAL,Z00.00,4081.12,PAID
CLM0002143,MBR105842,2026-08-17,PROFESSIONAL,I10,1319.30,DENIED
CLM0002144,MBR100510,2026-01-08,DENTAL,K21.9,,PAID
CLM0002145,MBR100458,2026-03-18,DENTAL,Z00.00,491.68,PAID
CLM0002146,MBR104922,2026-02-16,PROFESSIONAL,K21.9,4639.39,PAID
CLM0002147,MBR105160,2026-02-21,PHARMACY,Z00.00,2707.14,PAID
CLM0002148,MBR108778,2026-06-15,INSTITUTIONAL,R51.9,2001.85,PENDED
CLM0002149,MBR100235,2026-04-05,PROFESSIONAL,R51.9,654.73,DENIED
CLM0002150,MBR102735,2026-02-27,PROFESSIONAL,K21.9,2383.45,PAID
CLM0002151,MBR100313,2026-04-23,PHARMACY,M54.5,2999.40,DENIED
CLM0002152,MBR103778,2026-01-31,PROFESSIONAL,E11.9,138.73,PAID
CLM0002153,MBR105277,2026-06-01,INSTITUTIONAL,J45.909,3135.15,PAID
CLM0002154,MBR109440,2026-05-13,PHARMACY,M54.5,1840.79,PENDED
CLM0002155,MBR105772,2026-08-08,PROFESSIONAL,J45.909,3089.31,PAID
CLM0002156,MBR109361,2026-03-12,INSTITUTIONAL,J06.9,1843.36,PAID
CLM0002157,MBR100612,2026-06-13,PHARMACY,J06.9,4053.48,DENIED
CLM0002158,MBR103305,2026-03-04,INSTITUTIONAL,I10,1844.66,PAID
CLM0002159,MBR109696,2026-05-26,PHARMACY,J06.9,3675.85,DENIED
CLM0002160,MBR108701,2026-04-03,PROFESSIONAL,N39.0,3964.55,PAID
CLM0002161,MBR100437,2026-07-17,PROFESSIONAL,J45.909,1587.77,PENDED
CLM0002162,MBR101016,2026-05-01,PROFESSIONAL,S82.401A,2811.13,PAID
CLM0002163,MBR102911,2026-01-22,PHARMACY,J45.909,510.70,PAID
CLM0002164,MBR109861,2026-07-02,INSTITUTIONAL,E11.9,,DENIED
CLM0002165,MBR108889,2026-03-31,PHARMACY,E11.9,1186.91,PAID
CLM0002166,MBR107407,2026-06-17,PHARMACY,S82.401A,2164.17,PAID
CLM0002167,MBR103014,2026-02-26,INSTITUTIONAL,J45.909,180.47,PENDED
CLM0002168,MBR108067,2026-03-12,PROFESSIONAL,N39.0,4812.09,PAID
CLM0002169,MBR102514,2026-07-03,PROFESSIONAL,E11.9,231.23,PAID
CLM0002170,MBR107207,2026-08-13,DENTAL,E11.9,3691.11,PENDED
CLM0002171,MBR102001,2026-02-21,DENTAL,J06.9,191.59,PAID
CLM0002172,MBR107708,2026-05-24,DENTAL,J06.9,3498.95,PAID
CLM0002173,MBR107555,2026-04-27,DENTAL,J45.909,2590.90,DENIED
CLM0002174,MBR104113,2026-06-25,PHARMACY,Z00.00,4926.25,PAID
CLM0002175,MBR101128,2026-02-05,PROFESSIONAL,E11.9,505.45,PENDED
CLM0002176,MBR109563,2026-05-29,PROFESSIONAL,E11.9,1116.92,PENDED
CLM0002177,MBR103996,2026-03-13,DENTAL,K21.9,4428.18,PENDED
CLM0002178,MBR100989,2026-03-13,INSTITUTIONAL,M54.5,546.92,PAID
CLM0002179,MBR102300,2026-03-17,PROFESSIONAL,N39.0,,DENIED
CLM0002180,MBR107872,2026-06-24,DENTAL,K21.9,3123.50,PAID
CLM0002181,MBR104952,2026-03-22,PROFESSIONAL,M54.5,1305.66,PAID
CLM0002182,MBR109362,2026-04-28,DENTAL,N39.0,950.04,PAID
CLM0002183,MBR107796,2026-04-23,PROFESSIONAL,Z00.00,1275.62,PENDED
CLM0002184,MBR100822,2026-07-25,PROFESSIONAL,I10,714.71,DENIED
CLM0002185,MBR105913,2026-05-17,INSTITUTIONAL,F41.1,1604.27,PAID
CLM0002186,MBR100295,2026-03-02,PROFESSIONAL,S82.401A,4038.94,PAID
CLM0002187,MBR105251,2026-02-08,PHARMACY,S82.401A,4172.38,PAID
CLM0002188,MBR106935,2026-03-10,PROFESSIONAL,J45.909,,PAID
CLM0002189,MBR107637,2026-06-02,PROFESSIONAL,M54.5,2714.15,PAID
CLM0002190,MBR106362,2026-01-13,INSTITUTIONAL,S82.401A,2104.01,PAID
CLM0002191,MBR100852,2026-01-16,PHARMACY,R51.9,400.68,PAID
CLM0002192,MBR107245,2026-06-29,PHARMACY,J45.909,2739.76,PAID
CLM0002193,MBR102015,2026-06-25,PHARMACY,E11.9,151.13,PENDED
CLM0002194,MBR106966,2026-01-05,DENTAL,S82.401A,768.08,PENDED
CLM0002195,MBR105741,2026-01-26,PROFESSIONAL,J06.9,4605.71,PAID
CLM0002196,MBR100430,2026-01-21,INSTITUTIONAL,E11.9,2658.87,PAID
CLM0002197,MBR109828,2026-02-27,INSTITUTIONAL,I10,47.45,PENDED
CLM0002198,MBR105956,2026-06-03,DENTAL,J06.9,2114.90,PAID
CLM0002199,MBR107821,2026-04-17,PHARMACY,S82.401A,4557.78,PAID
CLM0002200,MBR103712,2026-05-13,PROFESSIONAL,E78.5,1575.69,PAID
CLM0002201,MBR109610,2026-02-12,INSTITUTIONAL,M54.5,2032.76,PAID
CLM0002202,MBR108545,2026-08-08,DENTAL,J06.9,3558.17,PAID
CLM0002203,MBR109601,2026-03-19,INSTITUTIONAL,M54.5,489.69,DENIED
CLM0002204,MBR104386,2026-08-01,INSTITUTIONAL,E78.5,1339.89,PAID
CLM0002205,MBR106530,2026-01-05,INSTITUTIONAL,S82.401A,2257.08,DENIED
CLM0002206,MBR100203,2026-04-01,PROFESSIONAL,J06.9,3495.57,PAID
CLM0002207,MBR107000,2026-03-10,DENTAL,R51.9,4949.57,PAID
CLM0002208,MBR102888,2026-04-05,PHARMACY,M54.5,4597.52,PAID
CLM0002209,MBR108836,2026-05-03,PHARMACY,E78.5,4833.37,PAID
CLM0002210,MBR101362,2026-05-31,PHARMACY,N39.0,2152.85,PAID
CLM0002211,MBR105706,2026-05-25,PROFESSIONAL,K21.9,4172.55,PAID
CLM0002212,MBR105595,2026-02-03,INSTITUTIONAL,R51.9,4489.36,PAID
CLM0002213,MBR104384,2026-04-23,DENTAL,E11.9,2918.39,PAID
CLM0002214,MBR100282,2026-07-25,PROFESSIONAL,K21.9,2578.11,PAID
CLM0002215,MBR108395,2026-04-24,PROFESSIONAL,F41.1,3254.44,PAID
CLM0002216,MBR104232,2026-05-24,DENTAL,S82.401A,,DENIED
CLM0002217,MBR105528,2026-05-02,DENTAL,Z00.00,3253.72,PAID
CLM0002218,MBR103577,2026-07-11,DENTAL,,4907.04,PAID
CLM0002219,MBR105225,2026-04-29,INSTITUTIONAL,R51.9,4477.92,PAID
CLM0002220,MBR105752,2026-07-20,PHARMACY,E11.9,1471.19,PENDED
CLM0002221,MBR108034,2026-04-28,INSTITUTIONAL,N39.0,3871.39,DENIED
CLM0002222,MBR108453,2026-06-09,DENTAL,,511.29,PAID
CLM0002223,MBR102321,2026-07-29,INSTITUTIONAL,Z00.00,1121.54,PAID
CLM0002224,MBR104790,2026-04-24,PROFESSIONAL,N39.0,1748.82,PAID
CLM0002225,MBR102168,2026-03-02,PROFESSIONAL,M54.5,861.93,DENIED
CLM0002226,MBR102445,2026-05-07,DENTAL,F41.1,2220.36,PENDED
CLM0002227,MBR108335,2026-08-15,PROFESSIONAL,E11.9,1444.20,PAID
CLM0002228,MBR107099,2026-03-14,PROFESSIONAL,S82.401A,902.41,PAID
CLM0002229,MBR105876,2026-07-18,DENTAL,J06.9,1585.84,DENIED
CLM0002230,MBR101982,2026-08-19,PHARMACY,M54.5,,PENDED
CLM0002231,MBR101186,2026-03-14,DENTAL,E11.9,2987.38,PENDED
CLM0002232,MBR108575,2026-08-23,PHARMACY,Z00.00,2595.79,PAID
CLM0002233,MBR106859,2026-08-04,PHARMACY,Z00.00,1820.20,PAID
CLM0002234,MBR102442,2026-02-05,DENTAL,J45.909,2506.81,PAID
CLM0002235,MBR109361,2026-03-07,DENTAL,S82.401A,3932.27,PENDED
CLM0002236,MBR109393,2026-06-01,PHARMACY,M54.5,1593.37,DENIED
CLM0002237,MBR109726,2026-06-01,PHARMACY,F41.1,3119.41,PAID
CLM0002238,MBR102732,2026-03-21,INSTITUTIONAL,N39.0,3822.21,PENDED
CLM0002239,MBR108850,2026-04-07,INSTITUTIONAL,E78.5,2023.70,PAID
CLM0002240,MBR105117,2026-01-08,DENTAL,N39.0,2414.84,PAID
CLM0002241,MBR109783,2026-03-24,PROFESSIONAL,J45.909,2508.88,PENDED
CLM0002242,MBR103911,2026-02-07,INSTITUTIONAL,J45.909,4427.14,PAID
CLM0002243,MBR108438,2026-06-15,PHARMACY,K21.9,4344.72,PAID
CLM0002244,MBR106768,2026-04-20,DENTAL,J06.9,4625.13,PAID
CLM0002245,MBR101775,2026-05-16,PHARMACY,J06.9,4997.03,PAID
CLM0002246,MBR107273,2026-05-07,PROFESSIONAL,F41.1,536.56,PAID
CLM0002247,MBR104441,2026-07-13,PROFESSIONAL,F41.1,612.08,PAID
CLM0002248,MBR100863,2026-08-26,DENTAL,Z00.00,220.73,PAID
CLM0002249,MBR100451,2026-04-20,PHARMACY,E78.5,3469.06,PAID
CLM0002250,MBR101096,2026-02-07,PHARMACY,J45.909,4989.24,PAID
CLM0002251,MBR100677,2026-01-31,PHARMACY,I10,3289.59,DENIED
CLM0002252,MBR108873,2026-04-06,PROFESSIONAL,Z00.00,1529.07,PENDED
CLM0002253,MBR105856,2026-06-27,PHARMACY,J06.9,1068.97,PENDED
CLM0002254,MBR108930,2026-05-25,INSTITUTIONAL,S82.401A,3606.74,PAID
CLM0002255,MBR103058,2026-05-15,INSTITUTIONAL,N39.0,4286.46,PAID
CLM0002256,MBR103005,2026-08-12,PHARMACY,J45.909,4146.39,PENDED
CLM0002257,MBR108220,2026-05-01,PROFESSIONAL,E11.9,4025.67,PAID
CLM0002258,MBR104662,2026-03-27,INSTITUTIONAL,K21.9,1341.31,PAID
CLM0002259,MBR107667,2026-08-25,PROFESSIONAL,F41.1,1719.31,PENDED
CLM0002260,MBR104107,2026-05-04,DENTAL,F41.1,4788.66,PAID
CLM0002261,MBR108389,2026-01-14,PROFESSIONAL,E11.9,4523.20,PAID
CLM0002262,MBR103103,2026-06-07,PHARMACY,N39.0,4556.01,DENIED
CLM0002263,MBR106452,2026-01-11,DENTAL,S82.401A,1509.76,PAID
CLM0002264,MBR102756,2026-08-28,DENTAL,J45.909,4141.36,PAID
CLM0002265,MBR107791,2026-07-26,PHARMACY,F41.1,,PAID
CLM0002266,MBR100591,2026-05-26,PROFESSIONAL,,3444.63,PAID
CLM0002267,MBR108777,2026-06-19,PHARMACY,S82.401A,228.60,DENIED
CLM0002268,MBR107438,2026-01-11,PROFESSIONAL,N39.0,913.96,PAID
CLM0002269,MBR103165,2026-06-08,INSTITUTIONAL,E11.9,1745.27,PAID
CLM0002270,MBR106889,2026-07-25,PHARMACY,I10,3254.38,PAID
CLM0002271,MBR103752,2026-02-01,PHARMACY,S82.401A,3434.23,PAID
CLM0002272,MBR101795,2026-02-26,PROFESSIONAL,E11.9,2905.79,PAID
CLM0002273,MBR104245,2026-06-20,PROFESSIONAL,E78.5,1510.93,PAID
CLM0002274,MBR103452,2026-08-08,PROFESSIONAL,I10,1324.97,PAID
CLM0002275,MBR102202,2026-06-26,PHARMACY,E11.9,1575.51,PAID
CLM0002276,MBR107260,2026-01-31,INSTITUTIONAL,J06.9,4051.04,PAID
CLM0002277,MBR102407,2026-08-12,PROFESSIONAL,F41.1,4638.99,DENIED
CLM0002278,MBR107731,2026-07-22,PROFESSIONAL,K21.9,1942.22,PAID
CLM0002279,MBR107222,2026-08-22,DENTAL,,3905.06,PAID
CLM0002280,MBR107138,2026-07-09,INSTITUTIONAL,J06.9,1878.43,PAID
CLM0002281,MBR103488,2026-07-01,INSTITUTIONAL,J06.9,1419.97,PAID
CLM0002282,MBR105550,2026-06-27,PROFESSIONAL,Z00.00,620.96,PAID
CLM0002283,MBR101618,2026-06-20,PROFESSIONAL,R51.9,1701.20,PAID
CLM0002284,MBR105938,2026-02-23,PROFESSIONAL,I10,2609.91,DENIED
CLM0002285,MBR109941,2026-05-25,PROFESSIONAL,E11.9,3788.09,PENDED
CLM0002286,MBR100887,2026-06-01,PHARMACY,M54.5,699.62,DENIED
CLM0002287,MBR104668,2026-05-08,DENTAL,F41.1,4768.78,DENIED
CLM0002288,MBR103113,2026-02-20,DENTAL,K21.9,3426.39,PAID
CLM0002289,MBR102587,2026-07-08,PHARMACY,I10,4484.50,PAID
CLM0002290,MBR108911,2026-02-05,PROFESSIONAL,Z00.00,480.35,PAID
CLM0002291,MBR100642,2026-06-11,INSTITUTIONAL,S82.401A,837.71,PENDED
CLM0002292,MBR100345,2026-04-17,INSTITUTIONAL,R51.9,52.00,PAID
CLM0002293,MBR102259,2026-02-03,PROFESSIONAL,J06.9,3413.02,PAID
CLM0002294,MBR109419,2026-07-25,PHARMACY,K21.9,2532.58,PAID
CLM0002295,MBR109479,2026-05-14,PROFESSIONAL,S82.401A,2843.77,PAID
CLM0002296,MBR107174,2026-06-02,PROFESSIONAL,,52.07,PAID
CLM0002297,MBR101305,2026-02-10,PROFESSIONAL,Z00.00,2512.36,PAID
CLM0002298,MBR109323,2026-03-29,PROFESSIONAL,E11.9,3168.80,PAID
CLM0002299,MBR109871,2026-05-25,DENTAL,J06.9,1470.06,DENIED
CLM0002300,MBR109618,2026-02-17,INSTITUTIONAL,R51.9,3638.90,PAID
CLM0002301,MBR107955,2026-07-20,INSTITUTIONAL,S82.401A,3417.16,DENIED
CLM0002302,MBR107085,2026-01-23,PHARMACY,M54.5,1356.05,DENIED
CLM0002303,MBR109069,2026-02-04,PROFESSIONAL,E11.9,2827.03,PAID
CLM0002304,MBR108498,2026-02-03,PROFESSIONAL,I10,,PAID
CLM0002305,MBR108996,2026-05-28,PHARMACY,M54.5,554.97,PAID
CLM0002306,MBR109764,2026-01-10,INSTITUTIONAL,J06.9,1121.92,PENDED
CLM0002307,MBR107263,2026-08-24,PHARMACY,K21.9,3847.27,PAID
CLM0002308,MBR106587,2026-08-10,INSTITUTIONAL,Z00.00,2646.74,PENDED
CLM0002309,MBR106407,2026-03-08,PROFESSIONAL,Z00.00,3344.12,PAID
CLM0002310,MBR105336,2026-05-25,DENTAL,S82.401A,3553.72,PAID
CLM0002311,MBR109839,2026-08-22,INSTITUTIONAL,K21.9,3628.22,PAID
CLM0002312,MBR100875,2026-01-09,PHARMACY,M54.5,122.87,PAID
CLM0002313,MBR106542,2026-07-04,PHARMACY,,,PAID
CLM0002314,MBR104425,2026-05-23,DENTAL,E11.9,4513.96,PAID
CLM0002315,MBR108970,2026-07-17,INSTITUTIONAL,S82.401A,3561.38,PAID
CLM0002316,MBR107300,2026-08-16,PHARMACY,J45.909,1707.44,PAID
CLM0002317,MBR109705,2026-08-12,DENTAL,I10,972.89,PENDED
CLM0002318,MBR108084,2026-06-07,PROFESSIONAL,E11.9,1862.84,PAID
CLM0002319,MBR107893,2026-02-24,PROFESSIONAL,E78.5,3107.31,DENIED
CLM0002320,MBR109322,2026-03-07,PHARMACY,S82.401A,57.79,PENDED
CLM0002321,MBR100936,2026-01-20,PHARMACY,N39.0,929.86,PAID
CLM0002322,MBR101716,2026-08-22,DENTAL,K21.9,1978.00,PAID
CLM0002323,MBR103150,2026-05-21,PHARMACY,J45.909,4913.68,PAID
CLM0002324,MBR103882,2026-05-29,INSTITUTIONAL,M54.5,2131.18,PAID
CLM0002325,MBR101868,2026-01-23,PROFESSIONAL,I10,991.88,PAID
CLM0002326,MBR104508,2026-03-15,DENTAL,J06.9,2380.81,PAID
CLM0002327,MBR100416,2026-04-20,PROFESSIONAL,Z00.00,4424.22,DENIED
CLM0002328,MBR104536,2026-04-27,PROFESSIONAL,S82.401A,4152.16,PAID
CLM0002329,MBR102860,2026-02-07,INSTITUTIONAL,I10,,PAID
CLM0002330,MBR100981,2026-08-20,PHARMACY,R51.9,4444.99,DENIED
CLM0002331,MBR107079,2026-04-10,PROFESSIONAL,Z00.00,2804.22,PENDED
CLM0002332,MBR105046,2026-03-15,DENTAL,E78.5,581.27,PAID
CLM0002333,MBR102392,2026-04-07,PROFESSIONAL,N39.0,3717.58,PAID
CLM0002334,MBR105361,2026-03-04,DENTAL,I10,564.56,PAID
CLM0002335,MBR105883,2026-02-06,PROFESSIONAL,I10,1398.54,PAID
CLM0002336,MBR102487,2026-01-11,DENTAL,K21.9,942.81,PAID
CLM0002337,MBR101295,2026-04-22,PROFESSIONAL,N39.0,,PAID
CLM0002338,MBR101614,2026-02-22,PROFESSIONAL,J45.909,1095.51,DENIED
CLM0002339,MBR102211,2026-08-19,DENTAL,J06.9,2108.87,DENIED
CLM0002340,MBR106315,2026-05-08,DENTAL,E78.5,1280.56,PAID
CLM0002341,MBR108056,2026-07-28,INSTITUTIONAL,J06.9,4519.57,PAID
CLM0002342,MBR109733,2026-03-12,PROFESSIONAL,J06.9,2520.78,PAID
CLM0002343,MBR102638,2026-03-25,DENTAL,I10,1473.17,PAID
CLM0002344,MBR109532,2026-01-24,PROFESSIONAL,E11.9,1703.40,PAID
CLM0002345,MBR100522,2026-07-09,PROFESSIONAL,E78.5,3202.50,PAID
CLM0002346,MBR103331,2026-04-08,PROFESSIONAL,N39.0,760.60,PAID
CLM0002347,MBR103949,2026-02-10,INSTITUTIONAL,J45.909,3923.44,PAID
CLM0002348,MBR108783,2026-04-21,PHARMACY,J06.9,4922.15,PAID
CLM0002349,MBR105363,2026-03-22,INSTITUTIONAL,F41.1,2237.47,PAID
CLM0002350,MBR107614,2026-02-27,PHARMACY,Z00.00,887.41,DENIED
CLM0002351,MBR107289,2026-06-07,PROFESSIONAL,,3665.82,DENIED
CLM0002352,MBR101811,2026-07-24,PHARMACY,J06.9,4583.95,PAID
CLM0002353,MBR105120,2026-03-26,PROFESSIONAL,Z00.00,4886.90,PAID
CLM0002354,MBR108015,2026-05-25,DENTAL,E78.5,3262.15,PAID
CLM0002355,MBR107383,2026-03-25,PROFESSIONAL,I10,2340.11,PAID
CLM0002356,MBR101703,2026-06-04,DENTAL,M54.5,2373.10,PAID
CLM0002357,MBR101559,2026-06-20,DENTAL,Z00.00,217.12,PAID
CLM0002358,MBR108185,2026-08-06,PROFESSIONAL,M54.5,2927.38,PAID
CLM0002359,MBR103559,2026-08-17,INSTITUTIONAL,E11.9,510.27,DENIED
CLM0002360,MBR105381,2026-02-28,INSTITUTIONAL,N39.0,3230.13,PAID
CLM0002361,MBR102330,2026-01-07,PROFESSIONAL,F41.1,3751.73,PAID
CLM0002362,MBR102878,2026-06-27,PROFESSIONAL,E11.9,1331.36,PAID
CLM0002363,MBR106647,2026-07-28,PROFESSIONAL,E78.5,1573.19,PAID
CLM0002364,MBR106195,2026-02-20,PROFESSIONAL,E11.9,2033.36,PENDED
CLM0002365,MBR108529,2026-05-16,PROFESSIONAL,N39.0,3790.35,PENDED
CLM0002366,MBR102459,2026-05-27,PROFESSIONAL,M54.5,2134.43,PAID
CLM0002367,MBR107203,2026-02-08,PROFESSIONAL,,4569.01,PAID
CLM0002368,MBR107100,2026-08-16,PROFESSIONAL,Z00.00,224.64,PAID
CLM0002369,MBR100150,2026-01-21,PHARMACY,I10,4947.24,DENIED
CLM0002370,MBR104375,2026-04-23,DENTAL,K21.9,,PAID
CLM0002371,MBR109432,2026-07-23,PHARMACY,I10,3121.50,PENDED
CLM0002372,MBR103405,2026-07-16,PROFESSIONAL,R51.9,2867.32,DENIED
CLM0002373,MBR106747,2026-08-15,PHARMACY,N39.0,1059.18,PENDED
CLM0002374,MBR105351,2026-03-27,PROFESSIONAL,K21.9,1549.64,PAID
CLM0002375,MBR108289,2026-08-06,PROFESSIONAL,E78.5,3878.76,PAID
CLM0002376,MBR102796,2026-02-05,PROFESSIONAL,S82.401A,780.81,PAID
CLM0002377,MBR109192,2026-05-06,DENTAL,J45.909,2319.43,PAID
CLM0002378,MBR103337,2026-01-26,PHARMACY,K21.9,3591.22,PENDED
CLM0002379,MBR109501,2026-03-01,PROFESSIONAL,J06.9,192.94,PAID
CLM0002380,MBR108417,2026-03-10,PHARMACY,R51.9,51.19,PAID
CLM0002381,MBR102711,2026-06-02,INSTITUTIONAL,J06.9,1874.12,PAID
CLM0002382,MBR107881,2026-05-20,PROFESSIONAL,S82.401A,3521.61,PENDED
CLM0002383,MBR108049,2026-03-06,DENTAL,M54.5,330.31,PAID
CLM0002384,MBR109172,2026-06-21,PHARMACY,J06.9,4577.94,DENIED
CLM0002385,MBR108831,2026-07-08,PROFESSIONAL,E11.9,4192.19,PAID
CLM0002386,MBR100666,2026-07-20,PROFESSIONAL,K21.9,2477.22,PAID
CLM0002387,MBR103909,2026-03-12,DENTAL,R51.9,3065.23,PAID
CLM0002388,MBR102869,2026-05-14,PHARMACY,I10,3190.44,DENIED
CLM0002389,MBR109900,2026-02-14,PHARMACY,F41.1,4182.43,PAID
CLM0002390,MBR100449,2026-03-04,PHARMACY,J06.9,736.23,PAID
CLM0002391,MBR104633,2026-08-28,INSTITUTIONAL,R51.9,4454.73,PAID
CLM0002392,MBR104436,2026-04-30,DENTAL,K21.9,73.80,PAID
CLM0002393,MBR109373,2026-05-27,INSTITUTIONAL,I10,1415.85,PENDED
CLM0002394,MBR107162,2026-06-28,PROFESSIONAL,J06.9,3558.28,PAID
CLM0002395,MBR108689,2026-07-07,INSTITUTIONAL,J45.909,3733.11,PAID
CLM0002396,MBR108411,2026-06-28,PHARMACY,I10,3263.10,PAID
CLM0002397,MBR102287,2026-03-29,PROFESSIONAL,M54.5,,PAID
CLM0002398,MBR102242,2026-03-08,PHARMACY,F41.1,327.87,PAID
CLM0002399,MBR104266,2026-05-11,PROFESSIONAL,K21.9,354.17,PAID
CLM0002400,MBR109827,2026-06-18,INSTITUTIONAL,J45.909,4319.90,PENDED
CLM0002401,MBR102455,2026-06-06,PROFESSIONAL,R51.9,4626.87,DENIED
CLM0002402,MBR107547,2026-01-20,DENTAL,M54.5,1414.22,PAID
CLM0002403,MBR102781,2026-07-25,PROFESSIONAL,K21.9,698.68,DENIED
CLM0002404,MBR108616,2026-05-29,DENTAL,N39.0,2176.91,PENDED
CLM0002405,MBR106333,2026-02-03,PHARMACY,M54.5,4673.51,PAID
CLM0002406,MBR103460,2026-06-27,DENTAL,I10,1756.94,PAID
CLM0002407,MBR105436,2026-02-03,PHARMACY,E78.5,3601.00,PAID
CLM0002408,MBR104363,2026-07-17,DENTAL,J06.9,,DENIED
CLM0002409,MBR104358,2026-08-19,INSTITUTIONAL,E11.9,2966.60,PAID
CLM0002410,MBR107961,2026-07-27,INSTITUTIONAL,R51.9,510.61,PAID
CLM0002411,MBR104363,2026-05-26,PHARMACY,Z00.00,1393.06,PENDED
CLM0002412,MBR100675,2026-06-20,PROFESSIONAL,S82.401A,4952.15,PAID
CLM0002413,MBR107185,2026-04-05,PROFESSIONAL,M54.5,1508.52,PENDED
CLM0002414,MBR105811,2026-02-11,INSTITUTIONAL,,3772.05,PENDED
CLM0002415,MBR109429,2026-08-17,DENTAL,F41.1,1226.52,PAID
CLM0002416,MBR103650,2026-07-31,PHARMACY,F41.1,1899.49,PAID
CLM0002417,MBR102830,2026-01-10,PROFESSIONAL,J45.909,1406.98,DENIED
CLM0002418,MBR109896,2026-01-07,PROFESSIONAL,F41.1,4102.31,PAID
CLM0002419,MBR102239,2026-04-10,DENTAL,N39.0,1150.73,PAID
CLM0002420,MBR106954,2026-07-31,PROFESSIONAL,S82.401A,3704.82,PENDED
CLM0002421,MBR106709,2026-08-04,DENTAL,N39.0,4335.37,PAID
CLM0002422,MBR100962,2026-02-10,PHARMACY,M54.5,342.40,PAID
CLM0002423,MBR105404,2026-06-01,PHARMACY,K21.9,2912.24,PAID
CLM0002424,MBR107831,2026-03-30,PHARMACY,N39.0,4296.41,PAID
CLM0002425,MBR109228,2026-04-18,DENTAL,Z00.00,3291.39,PAID
CLM0002426,MBR104796,2026-08-18,DENTAL,E78.5,119.67,PAID
CLM0002427,MBR102544,2026-06-26,PROFESSIONAL,R51.9,4362.58,PENDED
CLM0002428,MBR108235,2026-01-06,PHARMACY,I10,1149.42,PAID
CLM0002429,MBR103697,2026-05-26,DENTAL,M54.5,4248.50,DENIED
CLM0002430,MBR107303,2026-04-19,PROFESSIONAL,J06.9,856.61,PAID
CLM0002431,MBR109407,2026-07-11,DENTAL,Z00.00,3593.88,PAID
CLM0002432,MBR101039,2026-05-14,INSTITUTIONAL,E11.9,3951.22,PAID
CLM0002433,MBR107815,2026-01-13,PROFESSIONAL,E11.9,783.34,PAID
CLM0002434,MBR109003,2026-01-02,PHARMACY,M54.5,3193.22,PAID
CLM0002435,MBR107677,2026-08-01,DENTAL,S82.401A,1544.84,PAID
CLM0002436,MBR102796,2026-07-07,PROFESSIONAL,E78.5,2637.54,PENDED
CLM0002437,MBR106361,2026-05-24,PROFESSIONAL,E78.5,1173.97,PAID
CLM0002438,MBR108231,2026-03-01,PROFESSIONAL,J06.9,3119.35,PAID
CLM0002439,MBR102692,2026-08-18,PHARMACY,K21.9,1561.24,PENDED
CLM0002440,MBR100280,2026-05-31,PROFESSIONAL,K21.9,1139.71,PENDED
CLM0002441,MBR104788,2026-06-03,DENTAL,F41.1,1203.71,PENDED
CLM0002442,MBR104234,2026-08-02,INSTITUTIONAL,K21.9,4113.20,PAID
CLM0002443,MBR104147,2026-01-18,DENTAL,N39.0,4414.49,PAID
CLM0002444,MBR103564,2026-04-18,PROFESSIONAL,J06.9,936.84,PENDED
CLM0002445,MBR100877,2026-03-01,INSTITUTIONAL,I10,4853.43,PAID
CLM0002446,MBR103486,2026-01-16,DENTAL,J45.909,2229.98,PAID
CLM0002447,MBR107299,2026-08-19,PROFESSIONAL,E78.5,3885.54,PAID
CLM0002448,MBR105061,2026-03-08,PHARMACY,E11.9,3561.26,DENIED
CLM0002449,MBR108139,2026-08-23,DENTAL,N39.0,3788.00,PAID
CLM0002450,MBR106193,2026-07-16,INSTITUTIONAL,I10,3820.67,PAID
CLM0002451,MBR102477,2026-01-10,DENTAL,E11.9,1826.19,PAID
CLM0002452,MBR108320,2026-08-10,DENTAL,Z00.00,4048.11,PENDED
CLM0002453,MBR104237,2026-08-17,PROFESSIONAL,R51.9,3744.16,PAID
CLM0002454,MBR102855,2026-07-04,DENTAL,J06.9,228.53,PAID
CLM0002455,MBR108486,2026-02-17,PROFESSIONAL,E78.5,1549.95,PAID
CLM0002456,MBR107537,2026-01-13,PHARMACY,N39.0,3673.06,PAID
CLM0002457,MBR103516,2026-07-06,PROFESSIONAL,J06.9,2015.54,PAID
CLM0002458,MBR104626,2026-02-03,INSTITUTIONAL,K21.9,2745.05,DENIED
CLM0002459,MBR104029,2026-05-09,DENTAL,S82.401A,2760.98,PENDED
CLM0002460,MBR103271,2026-08-02,PROFESSIONAL,K21.9,3892.48,DENIED
CLM0002461,MBR104782,2026-03-27,DENTAL,J45.909,113.91,PENDED
CLM0002462,MBR100938,2026-06-10,PHARMACY,I10,3308.25,PAID
CLM0002463,MBR108456,2026-08-05,DENTAL,I10,2475.49,PAID
CLM0002464,MBR108678,2026-02-04,DENTAL,R51.9,4274.97,PENDED
CLM0002465,MBR109250,2026-08-13,PHARMACY,I10,788.91,PAID
CLM0002466,MBR106065,2026-01-28,PHARMACY,R51.9,1189.67,PENDED
CLM0002467,MBR107701,2026-06-04,PROFESSIONAL,F41.1,4579.30,PAID
CLM0002468,MBR107001,2026-04-10,PROFESSIONAL,R51.9,480.57,PAID
CLM0002469,MBR105352,2026-03-20,INSTITUTIONAL,M54.5,2826.51,PENDED
CLM0002470,MBR105911,2026-01-21,INSTITUTIONAL,J45.909,734.26,PAID
CLM0002471,MBR107396,2026-08-20,PROFESSIONAL,Z00.00,2638.99,PAID
CLM0002472,MBR106626,2026-04-15,PHARMACY,M54.5,2039.31,PAID
CLM0002473,MBR102588,2026-08-01,PHARMACY,F41.1,160.72,PENDED
CLM0002474,MBR103944,2026-05-10,PHARMACY,R51.9,549.89,PAID
CLM0002475,MBR106609,2026-08-24,PROFESSIONAL,E11.9,3151.15,PAID
CLM0002476,MBR106758,2026-03-14,PHARMACY,N39.0,177.87,PAID
CLM0002477,MBR107352,2026-06-15,DENTAL,E78.5,4481.03,PAID
CLM0002478,MBR108329,2026-05-22,PHARMACY,,3886.80,PAID
CLM0002479,MBR102091,2026-07-02,DENTAL,J06.9,,PAID
CLM0002480,MBR109193,2026-04-11,DENTAL,R51.9,2679.71,DENIED
CLM0002481,MBR109855,2026-04-21,PHARMACY,E11.9,145.31,PENDED
CLM0002482,MBR101500,2026-05-27,PROFESSIONAL,Z00.00,2109.19,PAID
CLM0002483,MBR106617,2026-04-19,DENTAL,M54.5,1100.25,PAID
CLM0002484,MBR100174,2026-08-17,INSTITUTIONAL,S82.401A,590.55,PAID
CLM0002485,MBR100234,2026-03-22,INSTITUTIONAL,J06.9,2521.78,PAID
CLM0002486,MBR102537,2026-04-06,INSTITUTIONAL,J06.9,1599.20,PAID
CLM0002487,MBR104485,2026-08-14,INSTITUTIONAL,J45.909,1421.07,PAID
CLM0002488,MBR108902,2026-02-25,DENTAL,J45.909,4938.11,PAID
CLM0002489,MBR103022,2026-05-11,DENTAL,,412.23,PAID
CLM0002490,MBR103078,2026-05-27,PROFESSIONAL,Z00.00,665.33,PAID
CLM0002491,MBR103255,2026-07-23,PROFESSIONAL,M54.5,286.56,DENIED
CLM0002492,MBR102359,2026-07-24,DENTAL,R51.9,2015.17,DENIED
CLM0002493,MBR109472,2026-07-20,DENTAL,K21.9,609.18,PAID
CLM0002494,MBR101255,2026-05-16,PROFESSIONAL,F41.1,2055.11,PAID
CLM0002495,MBR109432,2026-05-18,DENTAL,J45.909,4211.19,PAID
CLM0002496,MBR106465,2026-03-14,PROFESSIONAL,M54.5,2973.58,DENIED
CLM0002497,MBR101274,2026-02-20,INSTITUTIONAL,,4639.76,PAID
CLM0002498,MBR103550,2026-01-11,PROFESSIONAL,N39.0,4234.53,PAID
CLM0002499,MBR109366,2026-01-27,PROFESSIONAL,K21.9,272.82,PAID
CLM0002500,MBR105014,2026-03-06,PHARMACY,S82.401A,,PAID
CLM0002501,MBR105189,2026-02-04,INSTITUTIONAL,F41.1,4395.20,PENDED
CLM0002502,MBR105573,2026-05-20,INSTITUTIONAL,N39.0,170.20,PAID
CLM0002503,MBR108270,2026-01-06,PROFESSIONAL,F41.1,1409.18,PAID
CLM0002504,MBR100055,2026-08-12,INSTITUTIONAL,E11.9,4767.95,PAID
CLM0002505,MBR101477,2026-04-01,PHARMACY,M54.5,2372.19,PENDED
CLM0002506,MBR109838,2026-08-27,PHARMACY,I10,1305.85,PENDED
CLM0002507,MBR100384,2026-07-24,INSTITUTIONAL,F41.1,,PENDED
CLM0002508,MBR106241,2026-05-17,INSTITUTIONAL,F41.1,368.01,PAID
CLM0002509,MBR108656,2026-02-25,PHARMACY,S82.401A,2742.38,PAID
CLM0002510,MBR104364,2026-06-28,PHARMACY,K21.9,2413.55,PAID
CLM0002511,MBR104446,2026-08-17,DENTAL,M54.5,1872.25,DENIED
CLM0002512,MBR104454,2026-05-18,DENTAL,E78.5,3796.74,PENDED
CLM0002513,MBR103641,2026-04-19,INSTITUTIONAL,M54.5,4254.21,PAID
CLM0002514,MBR100772,2026-05-11,PROFESSIONAL,Z00.00,3091.14,PAID
CLM0002515,MBR100598,2026-08-06,INSTITUTIONAL,J45.909,822.64,PAID
CLM0002516,MBR103144,2026-03-23,PROFESSIONAL,S82.401A,1025.75,PAID
CLM0002517,MBR100781,2026-08-03,PROFESSIONAL,Z00.00,447.22,PAID
CLM0002518,MBR107644,2026-03-11,PHARMACY,J06.9,4763.61,PENDED
CLM0002519,MBR108031,2026-07-06,PROFESSIONAL,J06.9,1127.29,PAID
CLM0002520,MBR105569,2026-06-28,PHARMACY,E78.5,4599.55,PAID
CLM0002521,MBR105037,2026-01-18,PHARMACY,N39.0,2532.62,PAID
CLM0002522,MBR100035,2026-07-26,PHARMACY,I10,4385.82,DENIED
CLM0002523,MBR101136,2026-04-29,DENTAL,K21.9,4170.17,PAID
CLM0002524,MBR108440,2026-03-05,INSTITUTIONAL,F41.1,2617.12,PAID
CLM0002525,MBR102348,2026-06-27,INSTITUTIONAL,I10,299.77,PAID
CLM0002526,MBR100812,2026-07-12,DENTAL,J45.909,3475.83,PAID
CLM0002527,MBR107770,2026-05-11,PROFESSIONAL,,2904.55,PAID
CLM0002528,MBR109642,2026-01-19,PROFESSIONAL,E11.9,3981.00,PAID
CLM0002529,MBR105312,2026-07-20,INSTITUTIONAL,E11.9,4991.22,PAID
CLM0002530,MBR103619,2026-08-23,DENTAL,R51.9,2542.16,PAID
CLM0002531,MBR103521,2026-06-27,PHARMACY,E78.5,4572.94,DENIED
CLM0002532,MBR109635,2026-01-01,DENTAL,,3915.42,PAID
CLM0002533,MBR109765,2026-01-06,PROFESSIONAL,F41.1,4555.12,PENDED
CLM0002534,MBR109169,2026-07-29,DENTAL,I10,73.79,PENDED
CLM0002535,MBR106550,2026-01-18,INSTITUTIONAL,,,PAID
CLM0002536,MBR102065,2026-08-20,PROFESSIONAL,M54.5,321.74,DENIED
CLM0002537,MBR108224,2026-06-08,INSTITUTIONAL,E11.9,119.90,DENIED
CLM0002538,MBR101839,2026-06-24,PHARMACY,F41.1,4624.71,PAID
CLM0002539,MBR106759,2026-05-25,PROFESSIONAL,N39.0,3819.52,PAID
CLM0002540,MBR105268,2026-02-07,DENTAL,,1469.24,PAID
CLM0002541,MBR101611,2026-03-20,DENTAL,M54.5,1713.09,DENIED
CLM0002542,MBR102437,2026-08-06,PHARMACY,K21.9,3114.54,PAID
CLM0002543,MBR104936,2026-07-12,PHARMACY,N39.0,2607.50,PAID
CLM0002544,MBR101234,2026-02-25,DENTAL,R51.9,3545.04,DENIED
CLM0002545,MBR101758,2026-06-30,INSTITUTIONAL,Z00.00,4159.05,PAID
CLM0002546,MBR107730,2026-08-12,INSTITUTIONAL,M54.5,475.73,PAID
CLM0002547,MBR106319,2026-06-27,PHARMACY,E11.9,4481.50,PAID
CLM0002548,MBR102259,2026-08-12,PHARMACY,J06.9,262.28,PAID
CLM0002549,MBR105407,2026-01-16,INSTITUTIONAL,Z00.00,1437.05,PAID
CLM0002550,MBR102634,2026-07-18,INSTITUTIONAL,J45.909,235.52,PENDED
CLM0002551,MBR109343,2026-02-08,DENTAL,M54.5,1704.58,PAID
CLM0002552,MBR104739,2026-05-09,DENTAL,J06.9,2437.69,DENIED
CLM0002553,MBR109784,2026-08-18,DENTAL,R51.9,2703.32,PAID
CLM0002554,MBR109292,2026-07-29,PROFESSIONAL,S82.401A,1971.53,PAID
CLM0002555,MBR107238,2026-03-22,DENTAL,Z00.00,1733.61,PENDED
CLM0002556,MBR103024,2026-05-08,PHARMACY,J45.909,1294.99,PAID
CLM0002557,MBR100467,2026-07-26,INSTITUTIONAL,F41.1,2270.27,PAID
CLM0002558,MBR107223,2026-06-18,DENTAL,M54.5,4050.95,PENDED
CLM0002559,MBR107671,2026-03-18,INSTITUTIONAL,E78.5,748.12,PAID
CLM0002560,MBR104993,2026-02-08,PROFESSIONAL,I10,2323.87,DENIED
CLM0002561,MBR105771,2026-05-07,PHARMACY,Z00.00,4728.55,PAID
CLM0002562,MBR102180,2026-03-08,DENTAL,K21.9,4974.05,PAID
CLM0002563,MBR108787,2026-08-09,PHARMACY,S82.401A,1099.64,PAID
CLM0002564,MBR103651,2026-01-08,DENTAL,K21.9,3230.39,PAID
CLM0002565,MBR106383,2026-04-15,PROFESSIONAL,K21.9,2280.95,PAID
CLM0002566,MBR109498,2026-05-09,DENTAL,S82.401A,,PAID
CLM0002567,MBR102950,2026-07-04,PROFESSIONAL,F41.1,2128.49,PAID
CLM0002568,MBR107328,2026-03-26,DENTAL,R51.9,762.75,PENDED
CLM0002569,MBR106431,2026-05-03,DENTAL,K21.9,2692.53,PAID
CLM0002570,MBR105574,2026-03-24,PHARMACY,J06.9,2606.62,PAID
CLM0002571,MBR109675,2026-06-19,PROFESSIONAL,I10,4805.60,PENDED
CLM0002572,MBR104623,2026-02-19,INSTITUTIONAL,J06.9,2742.14,PENDED
CLM0002573,MBR109839,2026-07-22,PROFESSIONAL,J45.909,3016.30,PAID
CLM0002574,MBR103110,2026-04-18,PHARMACY,E11.9,189.96,PENDED
CLM0002575,MBR101073,2026-08-28,PHARMACY,E11.9,4017.86,PENDED
CLM0002576,MBR103889,2026-08-09,DENTAL,I10,2675.03,PAID
CLM0002577,MBR100761,2026-06-25,PHARMACY,K21.9,2313.16,PAID
CLM0002578,MBR107895,2026-05-30,PROFESSIONAL,R51.9,1631.26,PAID
CLM0002579,MBR102918,2026-03-21,PROFESSIONAL,M54.5,127.41,PAID
CLM0002580,MBR100629,2026-03-06,DENTAL,K21.9,1383.29,PAID
CLM0002581,MBR104408,2026-04-27,DENTAL,M54.5,4367.61,DENIED
CLM0002582,MBR104750,2026-01-04,PHARMACY,S82.401A,1188.56,PENDED
CLM0002583,MBR101604,2026-08-10,PHARMACY,F41.1,2619.76,PAID
CLM0002584,MBR103380,2026-02-19,PHARMACY,E11.9,2174.02,PAID
CLM0002585,MBR108214,2026-08-04,INSTITUTIONAL,S82.401A,3806.80,PENDED
CLM0002586,MBR101160,2026-04-28,PHARMACY,S82.401A,3147.31,PAID
CLM0002587,MBR103410,2026-07-05,INSTITUTIONAL,R51.9,3658.35,PAID
CLM0002588,MBR105234,2026-08-17,INSTITUTIONAL,M54.5,3627.33,PENDED
CLM0002589,MBR106305,2026-02-22,PHARMACY,S82.401A,2710.11,PAID
CLM0002590,MBR102863,2026-05-04,INSTITUTIONAL,K21.9,1107.13,PAID
CLM0002591,MBR106541,2026-02-15,PROFESSIONAL,I10,3125.69,PAID
CLM0002592,MBR105759,2026-06-19,PROFESSIONAL,J45.909,3340.33,PAID
CLM0002593,MBR102521,2026-08-05,DENTAL,R51.9,528.64,PENDED
CLM0002594,MBR105618,2026-02-24,PROFESSIONAL,E11.9,1811.80,PENDED
CLM0002595,MBR107153,2026-02-26,PHARMACY,R51.9,450.37,PAID
CLM0002596,MBR109543,2026-01-25,PHARMACY,R51.9,3808.16,PENDED
CLM0002597,MBR102194,2026-03-23,PROFESSIONAL,,1121.19,PAID
CLM0002598,MBR104618,2026-06-29,PROFESSIONAL,F41.1,4161.37,PAID
CLM0002599,MBR102219,2026-04-15,INSTITUTIONAL,R51.9,3567.81,PAID
CLM0002600,MBR104055,2026-04-15,PHARMACY,F41.1,409.05,PAID
CLM0002601,MBR102817,2026-03-22,PROFESSIONAL,,1855.67,PAID
CLM0002602,MBR100850,2026-08-07,PHARMACY,S82.401A,751.14,PENDED
CLM0002603,MBR108674,2026-05-25,INSTITUTIONAL,F41.1,3250.74,DENIED
CLM0002604,MBR107281,2026-03-08,PROFESSIONAL,K21.9,790.73,PAID
CLM0002605,MBR102794,2026-06-17,INSTITUTIONAL,E11.9,1541.62,PAID
CLM0002606,MBR106308,2026-03-25,DENTAL,N39.0,2850.80,PAID
CLM0002607,MBR103368,2026-06-08,DENTAL,J45.909,2307.02,PAID
CLM0002608,MBR104217,2026-06-18,DENTAL,J45.909,4592.75,PAID
CLM0002609,MBR102380,2026-04-28,DENTAL,Z00.00,4935.90,DENIED
CLM0002610,MBR109873,2026-06-03,INSTITUTIONAL,E78.5,3811.83,PENDED
CLM0002611,MBR108907,2026-04-22,INSTITUTIONAL,I10,2925.00,PAID
CLM0002612,MBR102719,2026-04-18,PROFESSIONAL,J45.909,92.01,PAID
CLM0002613,MBR101931,2026-06-28,PROFESSIONAL,I10,3441.54,PENDED
CLM0002614,MBR106959,2026-06-04,PROFESSIONAL,E11.9,4505.19,PAID
CLM0002615,MBR103676,2026-06-16,INSTITUTIONAL,K21.9,3008.94,DENIED
CLM0002616,MBR106895,2026-03-15,PHARMACY,E11.9,4753.22,PAID
CLM0002617,MBR105902,2026-06-21,DENTAL,J06.9,4419.02,PAID
CLM0002618,MBR105969,2026-04-24,INSTITUTIONAL,N39.0,4750.85,PAID
CLM0002619,MBR108484,2026-04-16,PROFESSIONAL,J45.909,2636.14,PAID
CLM0002620,MBR108975,2026-06-20,INSTITUTIONAL,M54.5,1536.50,PAID
CLM0002621,MBR103819,2026-06-26,PROFESSIONAL,M54.5,2334.18,PENDED
CLM0002622,MBR109065,2026-03-18,INSTITUTIONAL,R51.9,4772.26,DENIED
CLM0002623,MBR103267,2026-01-10,DENTAL,I10,4196.19,PAID
CLM0002624,MBR101085,2026-07-30,DENTAL,I10,3064.13,DENIED
CLM0002625,MBR101676,2026-05-27,PHARMACY,N39.0,4353.62,PAID
CLM0002626,MBR102144,2026-05-22,PROFESSIONAL,R51.9,1738.65,PAID
CLM0002627,MBR101181,2026-04-18,PHARMACY,E11.9,3959.45,PAID
CLM0002628,MBR100089,2026-03-05,PROFESSIONAL,Z00.00,169.03,PENDED
CLM0002629,MBR102487,2026-02-28,PHARMACY,Z00.00,37.62,DENIED
CLM0002630,MBR101763,2026-04-28,PROFESSIONAL,R51.9,4855.55,PAID
CLM0002631,MBR108196,2026-01-31,PROFESSIONAL,E78.5,4482.45,PAID
CLM0002632,MBR102545,2026-07-14,INSTITUTIONAL,M54.5,1259.01,PAID
CLM0002633,MBR107200,2026-04-21,PROFESSIONAL,M54.5,2769.78,PAID
CLM0002634,MBR103035,2026-06-09,INSTITUTIONAL,R51.9,4726.59,DENIED
CLM0002635,MBR107130,2026-03-06,PHARMACY,R51.9,4997.39,PAID
CLM0002636,MBR104771,2026-03-13,DENTAL,N39.0,3854.23,PAID
CLM0002637,MBR100853,2026-08-22,PHARMACY,J45.909,1128.57,DENIED
CLM0002638,MBR107294,2026-06-03,PROFESSIONAL,R51.9,4070.69,PAID
CLM0002639,MBR104423,2026-01-15,PROFESSIONAL,S82.401A,4115.08,PAID
CLM0002640,MBR101889,2026-02-05,DENTAL,K21.9,4469.64,PENDED
CLM0002641,MBR103353,2026-07-27,DENTAL,Z00.00,2525.74,PAID
CLM0002642,MBR109814,2026-05-09,INSTITUTIONAL,Z00.00,4998.08,PAID
CLM0002643,MBR101849,2026-01-30,INSTITUTIONAL,E11.9,2982.81,DENIED
CLM0002644,MBR102829,2026-07-05,PROFESSIONAL,E11.9,1290.57,DENIED
CLM0002645,MBR108726,2026-02-05,DENTAL,E78.5,4600.50,PAID
CLM0002646,MBR100704,2026-07-23,PROFESSIONAL,Z00.00,684.11,PAID
CLM0002647,MBR106968,2026-04-26,PROFESSIONAL,F41.1,4270.62,PAID
CLM0002648,MBR108460,2026-07-29,PHARMACY,E11.9,1619.61,DENIED
CLM0002649,MBR102459,2026-08-16,INSTITUTIONAL,S82.401A,580.35,DENIED
CLM0002650,MBR102694,2026-03-03,PHARMACY,E78.5,2789.00,PAID
CLM0002651,MBR108192,2026-02-16,PROFESSIONAL,K21.9,959.87,PAID
CLM0002652,MBR107239,2026-01-23,PROFESSIONAL,E78.5,1930.23,PAID
CLM0002653,MBR109623,2026-06-26,PHARMACY,N39.0,3956.98,DENIED
CLM0002654,MBR109421,2026-01-18,DENTAL,F41.1,245.32,PAID
CLM0002655,MBR107170,2026-06-13,DENTAL,E78.5,3314.14,PAID
CLM0002656,MBR103644,2026-05-14,PROFESSIONAL,J45.909,4380.67,PENDED
CLM0002657,MBR107790,2026-01-30,PROFESSIONAL,R51.9,4666.71,PENDED
CLM0002658,MBR104041,2026-03-06,INSTITUTIONAL,K21.9,2396.33,PAID
CLM0002659,MBR108389,2026-04-13,PROFESSIONAL,S82.401A,4891.52,PAID
CLM0002660,MBR108598,2026-05-24,DENTAL,J06.9,2125.79,PAID
CLM0002661,MBR103195,2026-07-02,PHARMACY,J06.9,4745.35,PAID
CLM0002662,MBR104421,2026-03-17,INSTITUTIONAL,J45.909,929.31,PAID
CLM0002663,MBR108457,2026-02-15,DENTAL,R51.9,3192.17,PAID
CLM0002664,MBR105864,2026-08-19,PHARMACY,E11.9,2828.30,PAID
CLM0002665,MBR105424,2026-07-23,INSTITUTIONAL,J45.909,3527.83,PAID
CLM0002666,MBR102305,2026-01-01,PROFESSIONAL,N39.0,2832.06,PAID
CLM0002667,MBR100173,2026-01-31,PROFESSIONAL,E11.9,4037.62,PENDED
CLM0002668,MBR108213,2026-03-31,INSTITUTIONAL,M54.5,4395.06,PAID
CLM0002669,MBR101023,2026-01-09,DENTAL,R51.9,2255.03,DENIED
CLM0002670,MBR102776,2026-08-30,DENTAL,K21.9,4309.70,PAID
CLM0002671,MBR102846,2026-06-27,PROFESSIONAL,M54.5,2558.98,PAID
CLM0002672,MBR102472,2026-07-09,PHARMACY,Z00.00,3681.68,PAID
CLM0002673,MBR103932,2026-02-20,DENTAL,F41.1,3951.12,DENIED
CLM0002674,MBR104788,2026-02-17,DENTAL,N39.0,174.39,PAID
CLM0002675,MBR106298,2026-01-16,DENTAL,F41.1,1041.67,PAID
CLM0002676,MBR100567,2026-05-10,DENTAL,J06.9,4525.63,PAID
CLM0002677,MBR102962,2026-03-20,PROFESSIONAL,M54.5,557.89,PAID
CLM0002678,MBR107533,2026-01-15,PROFESSIONAL,M54.5,1432.08,PAID
CLM0002679,MBR100038,2026-02-14,PHARMACY,Z00.00,3717.27,PAID
CLM0002680,MBR102944,2026-06-11,DENTAL,J45.909,1314.26,PAID
CLM0002681,MBR104559,2026-03-24,PHARMACY,Z00.00,1268.00,PAID
CLM0002682,MBR104948,2026-06-13,PHARMACY,J06.9,260.49,PAID
CLM0002683,MBR102735,2026-05-01,PHARMACY,Z00.00,3888.98,PAID
CLM0002684,MBR108954,2026-04-13,INSTITUTIONAL,R51.9,455.04,DENIED
CLM0002685,MBR101191,2026-08-25,INSTITUTIONAL,Z00.00,191.09,PAID
CLM0002686,MBR100622,2026-08-30,PROFESSIONAL,I10,2221.67,PENDED
CLM0002687,MBR108678,2026-01-18,PROFESSIONAL,K21.9,3623.73,PAID
CLM0002688,MBR100435,2026-01-24,DENTAL,Z00.00,2990.10,PAID
CLM0002689,MBR108806,2026-03-31,INSTITUTIONAL,R51.9,2347.32,PAID
CLM0002690,MBR107643,2026-05-14,INSTITUTIONAL,R51.9,281.18,PENDED
CLM0002691,MBR105616,2026-05-11,PROFESSIONAL,Z00.00,3562.44,PAID
CLM0002692,MBR100555,2026-04-25,INSTITUTIONAL,,170.53,PENDED
CLM0002693,MBR100984,2026-03-04,PROFESSIONAL,N39.0,2849.96,PAID
CLM0002694,MBR107608,2026-07-29,DENTAL,,2991.68,PAID
CLM0002695,MBR100501,2026-01-11,PROFESSIONAL,J06.9,1032.92,PAID
CLM0002696,MBR106866,2026-05-27,INSTITUTIONAL,E11.9,4534.68,PAID
CLM0002697,MBR109352,2026-01-19,PROFESSIONAL,E78.5,1702.03,PENDED
CLM0002698,MBR101959,2026-08-28,PHARMACY,,4841.76,DENIED
CLM0002699,MBR100580,2026-01-21,PROFESSIONAL,M54.5,2569.47,PAID
CLM0002700,MBR102892,2026-03-01,PROFESSIONAL,N39.0,2298.26,PAID
CLM0002701,MBR104278,2026-08-03,PHARMACY,M54.5,3789.90,PAID
CLM0002702,MBR104810,2026-08-18,PROFESSIONAL,F41.1,4372.33,DENIED
CLM0002703,MBR103200,2026-05-02,PROFESSIONAL,J06.9,1243.93,PAID
CLM0002704,MBR100214,2026-07-26,PHARMACY,K21.9,288.62,PAID
CLM0002705,MBR105196,2026-03-26,INSTITUTIONAL,I10,4560.91,PAID
CLM0002706,MBR109153,2026-07-27,PROFESSIONAL,M54.5,4284.97,PAID
CLM0002707,MBR106228,2026-05-10,PROFESSIONAL,Z00.00,890.15,PAID
CLM0002708,MBR105877,2026-07-02,PHARMACY,Z00.00,3451.22,PAID
CLM0002709,MBR104881,2026-05-12,DENTAL,J45.909,,PAID
CLM0002710,MBR100002,2026-02-16,PROFESSIONAL,F41.1,1066.28,PAID
CLM0002711,MBR108039,2026-07-03,PROFESSIONAL,N39.0,,PAID
CLM0002712,MBR100519,2026-02-28,PROFESSIONAL,E78.5,4633.02,PAID
CLM0002713,MBR105743,2026-01-01,PROFESSIONAL,M54.5,3481.45,PAID
CLM0002714,MBR106649,2026-02-10,INSTITUTIONAL,S82.401A,3023.32,PAID
CLM0002715,MBR107413,2026-07-05,DENTAL,F41.1,2468.87,PAID
CLM0002716,MBR100227,2026-01-12,PHARMACY,I10,1918.56,DENIED
CLM0002717,MBR108356,2026-06-25,PROFESSIONAL,Z00.00,279.57,PAID
CLM0002718,MBR108344,2026-06-05,DENTAL,J45.909,2265.56,PAID
CLM0002719,MBR108980,2026-01-03,PROFESSIONAL,J06.9,824.33,DENIED
CLM0002720,MBR102314,2026-01-14,PHARMACY,K21.9,938.13,PAID
CLM0002721,MBR108720,2026-07-16,DENTAL,,3797.14,PAID
CLM0002722,MBR108854,2026-05-11,INSTITUTIONAL,Z00.00,795.25,PAID
CLM0002723,MBR108715,2026-05-15,DENTAL,J45.909,3238.02,PAID
CLM0002724,MBR109091,2026-08-10,PHARMACY,,4797.93,DENIED
CLM0002725,MBR104248,2026-07-21,PROFESSIONAL,F41.1,3557.08,PAID
CLM0002726,MBR102448,2026-07-31,DENTAL,K21.9,2205.54,PAID
CLM0002727,MBR100614,2026-08-08,INSTITUTIONAL,N39.0,2537.39,DENIED
CLM0002728,MBR107872,2026-04-26,INSTITUTIONAL,J06.9,2639.37,PAID
CLM0002729,MBR106259,2026-03-08,INSTITUTIONAL,F41.1,1933.08,PAID
CLM0002730,MBR109133,2026-01-28,PHARMACY,F41.1,3414.62,PENDED
CLM0002731,MBR102203,2026-01-17,INSTITUTIONAL,J45.909,51.93,PENDED
CLM0002732,MBR105353,2026-02-04,PROFESSIONAL,,2605.30,PAID
CLM0002733,MBR102391,2026-02-18,PROFESSIONAL,J06.9,2415.03,DENIED
CLM0002734,MBR109267,2026-02-14,PHARMACY,Z00.00,4889.01,PAID
CLM0002735,MBR106272,2026-08-17,PROFESSIONAL,E78.5,4880.10,PAID
CLM0002736,MBR104630,2026-01-06,INSTITUTIONAL,E11.9,4496.56,PAID
CLM0002737,MBR103701,2026-03-22,DENTAL,R51.9,1670.16,PAID
CLM0002738,MBR109418,2026-05-27,PROFESSIONAL,M54.5,4231.94,PAID
CLM0002739,MBR101129,2026-02-15,DENTAL,K21.9,236.15,DENIED
CLM0002740,MBR107804,2026-06-06,PROFESSIONAL,N39.0,1452.59,PENDED
CLM0002741,MBR105674,2026-02-28,DENTAL,K21.9,4749.58,PAID
CLM0002742,MBR107665,2026-07-30,PHARMACY,R51.9,4528.57,PAID
CLM0002743,MBR103160,2026-01-01,INSTITUTIONAL,E11.9,3690.48,PAID
CLM0002744,MBR103062,2026-08-30,PHARMACY,Z00.00,4910.32,PAID
CLM0002745,MBR106871,2026-07-16,PHARMACY,J06.9,3807.19,PAID
CLM0002746,MBR101720,2026-01-28,PHARMACY,J45.909,2835.72,PAID
CLM0002747,MBR103127,2026-08-20,PROFESSIONAL,E11.9,1618.75,PAID
CLM0002748,MBR106748,2026-05-23,INSTITUTIONAL,M54.5,3034.45,DENIED
CLM0002749,MBR103698,2026-03-27,DENTAL,E11.9,4230.23,PAID
CLM0002750,MBR104829,2026-05-03,PROFESSIONAL,J06.9,2008.99,PENDED
CLM0002751,MBR105657,2026-04-30,PHARMACY,E11.9,1991.36,PAID
CLM0002752,MBR104664,2026-07-08,DENTAL,F41.1,1361.48,PAID
CLM0002753,MBR107925,2026-05-30,PROFESSIONAL,N39.0,3310.78,PAID
CLM0002754,MBR102248,2026-05-01,PROFESSIONAL,E11.9,4337.68,PAID
CLM0002755,MBR102722,2026-07-14,PROFESSIONAL,J06.9,1182.46,PAID
CLM0002756,MBR107281,2026-02-12,INSTITUTIONAL,F41.1,509.58,DENIED
CLM0002757,MBR108450,2026-04-10,PHARMACY,J06.9,4611.71,PAID
CLM0002758,MBR105494,2026-08-28,INSTITUTIONAL,E11.9,3593.89,PAID
CLM0002759,MBR102595,2026-01-03,PHARMACY,S82.401A,2540.97,PAID
CLM0002760,MBR105807,2026-04-04,INSTITUTIONAL,F41.1,4369.63,PAID
CLM0002761,MBR105254,2026-03-09,DENTAL,M54.5,1642.21,PAID
CLM0002762,MBR101902,2026-03-15,PHARMACY,F41.1,4779.21,PENDED
CLM0002763,MBR100095,2026-06-04,INSTITUTIONAL,Z00.00,1710.94,PAID
CLM0002764,MBR108155,2026-06-09,PROFESSIONAL,K21.9,,DENIED
CLM0002765,MBR108316,2026-03-21,PHARMACY,R51.9,3575.31,PAID
CLM0002766,MBR108558,2026-07-13,PHARMACY,M54.5,2843.41,PAID
CLM0002767,MBR105901,2026-05-18,PHARMACY,I10,,PAID
CLM0002768,MBR104424,2026-05-26,PHARMACY,M54.5,2569.57,PAID
CLM0002769,MBR106229,2026-04-16,PROFESSIONAL,F41.1,238.44,DENIED
CLM0002770,MBR108872,2026-06-04,PROFESSIONAL,J45.909,2669.93,PAID
CLM0002771,MBR102510,2026-05-21,DENTAL,E11.9,895.94,PAID
CLM0002772,MBR100574,2026-03-14,PROFESSIONAL,E78.5,294.53,PAID
CLM0002773,MBR108694,2026-05-30,PROFESSIONAL,R51.9,2357.18,PAID
CLM0002774,MBR109782,2026-07-25,PROFESSIONAL,M54.5,3896.17,PAID
CLM0002775,MBR106729,2026-06-09,PHARMACY,Z00.00,1763.42,PAID
CLM0002776,MBR108123,2026-03-20,PROFESSIONAL,J06.9,3646.60,PAID
CLM0002777,MBR101162,2026-05-25,PHARMACY,J06.9,,PAID
CLM0002778,MBR105502,2026-07-03,DENTAL,R51.9,493.78,PAID
CLM0002779,MBR101665,2026-06-15,DENTAL,N39.0,,PENDED
CLM0002780,MBR100594,2026-01-13,PROFESSIONAL,I10,4009.29,PAID
CLM0002781,MBR106611,2026-01-13,DENTAL,R51.9,1759.12,PAID
CLM0002782,MBR104166,2026-07-29,DENTAL,S82.401A,2461.53,PAID
CLM0002783,MBR108683,2026-01-13,PROFESSIONAL,E78.5,4375.20,DENIED
CLM0002784,MBR104518,2026-06-12,PROFESSIONAL,F41.1,1217.26,PENDED
CLM0002785,MBR106055,2026-04-29,DENTAL,K21.9,1923.44,PAID
CLM0002786,MBR106391,2026-01-29,PROFESSIONAL,K21.9,3876.05,PAID
CLM0002787,MBR100580,2026-03-09,INSTITUTIONAL,Z00.00,4501.38,PAID
CLM0002788,MBR102853,2026-06-04,PROFESSIONAL,N39.0,1210.72,PAID
CLM0002789,MBR109004,2026-04-10,INSTITUTIONAL,F41.1,2592.06,PENDED
CLM0002790,MBR100800,2026-03-22,INSTITUTIONAL,E11.9,1886.44,DENIED
CLM0002791,MBR108765,2026-06-22,INSTITUTIONAL,N39.0,4273.04,PENDED
CLM0002792,MBR108761,2026-03-15,PHARMACY,J45.909,1615.28,PENDED
CLM0002793,MBR101849,2026-01-11,PHARMACY,J06.9,189.89,PAID
CLM0002794,MBR100481,2026-05-31,INSTITUTIONAL,M54.5,1311.56,PAID
CLM0002795,MBR109798,2026-01-30,DENTAL,I10,2210.31,PENDED
CLM0002796,MBR101250,2026-06-22,INSTITUTIONAL,M54.5,4720.88,PAID
CLM0002797,MBR106214,2026-06-16,PROFESSIONAL,M54.5,3061.47,PENDED
CLM0002798,MBR102487,2026-08-18,PROFESSIONAL,S82.401A,3043.20,PAID
CLM0002799,MBR102696,2026-07-04,PROFESSIONAL,F41.1,2766.88,PAID
CLM0002800,MBR107268,2026-06-06,PHARMACY,J45.909,193.63,PENDED
CLM0002801,MBR103961,2026-08-20,INSTITUTIONAL,F41.1,1988.13,PENDED
CLM0002802,MBR106157,2026-05-12,PROFESSIONAL,K21.9,3007.35,PAID
CLM0002803,MBR102658,2026-05-18,PROFESSIONAL,M54.5,4576.55,PAID
CLM0002804,MBR109691,2026-07-31,INSTITUTIONAL,J45.909,825.37,PAID
CLM0002805,MBR104051,2026-03-31,PROFESSIONAL,E11.9,1290.48,PAID
CLM0002806,MBR100035,2026-03-26,DENTAL,N39.0,3007.24,PENDED
CLM0002807,MBR102068,2026-06-08,DENTAL,J45.909,3807.27,DENIED
CLM0002808,MBR107148,2026-08-31,INSTITUTIONAL,S82.401A,421.30,PENDED
CLM0002809,MBR106696,2026-03-11,PROFESSIONAL,J45.909,3887.86,PAID
CLM0002810,MBR109645,2026-04-25,INSTITUTIONAL,F41.1,3653.03,PENDED
CLM0002811,MBR103280,2026-02-04,DENTAL,S82.401A,2170.23,PAID
CLM0002812,MBR103254,2026-05-18,PHARMACY,J06.9,3922.97,PAID
CLM0002813,MBR107783,2026-06-12,INSTITUTIONAL,Z00.00,3964.46,PAID
CLM0002814,MBR108038,2026-06-22,PROFESSIONAL,N39.0,4157.85,DENIED
CLM0002815,MBR108195,2026-07-05,PHARMACY,F41.1,3965.18,PAID
CLM0002816,MBR108673,2026-02-22,PHARMACY,M54.5,1986.00,PAID
CLM0002817,MBR101051,2026-02-06,PROFESSIONAL,E78.5,4062.51,PAID
CLM0002818,MBR107988,2026-05-05,INSTITUTIONAL,J06.9,1335.70,PAID
CLM0002819,MBR108545,2026-03-26,PHARMACY,E78.5,3770.13,DENIED
CLM0002820,MBR101502,2026-01-21,DENTAL,S82.401A,3496.00,PAID
CLM0002821,MBR103785,2026-06-14,DENTAL,M54.5,4619.79,PAID
CLM0002822,MBR107895,2026-05-05,PROFESSIONAL,J45.909,2832.92,PAID
CLM0002823,MBR103424,2026-05-25,PHARMACY,E78.5,3507.09,PAID
CLM0002824,MBR108506,2026-05-13,DENTAL,S82.401A,606.59,PAID
CLM0002825,MBR103012,2026-02-17,PHARMACY,N39.0,999.06,PAID
CLM0002826,MBR107922,2026-02-10,INSTITUTIONAL,M54.5,417.31,PAID
CLM0002827,MBR102419,2026-08-26,DENTAL,N39.0,4265.21,PAID
CLM0002828,MBR102842,2026-04-02,INSTITUTIONAL,M54.5,4169.06,PAID
CLM0002829,MBR108621,2026-02-23,DENTAL,E78.5,257.45,PENDED
CLM0002830,MBR106950,2026-04-03,DENTAL,J06.9,31.34,PAID
CLM0002831,MBR104817,2026-03-19,PROFESSIONAL,I10,2545.31,DENIED
CLM0002832,MBR102476,2026-08-05,PROFESSIONAL,F41.1,1960.83,PAID
CLM0002833,MBR108019,2026-07-10,PROFESSIONAL,K21.9,4555.71,DENIED
CLM0002834,MBR102949,2026-07-13,INSTITUTIONAL,Z00.00,3421.36,PAID
CLM0002835,MBR104202,2026-04-04,DENTAL,E78.5,828.63,PENDED
CLM0002836,MBR102796,2026-02-20,DENTAL,I10,389.90,PAID
CLM0002837,MBR107922,2026-05-06,DENTAL,R51.9,2545.33,PENDED
CLM0002838,MBR106213,2026-07-21,PROFESSIONAL,K21.9,4552.73,PAID
CLM0002839,MBR106348,2026-06-29,INSTITUTIONAL,J06.9,4517.41,PAID
CLM0002840,MBR102525,2026-01-18,PHARMACY,Z00.00,798.33,PAID
CLM0002841,MBR106962,2026-08-30,INSTITUTIONAL,F41.1,2247.61,DENIED
CLM0002842,MBR108032,2026-05-20,INSTITUTIONAL,Z00.00,1707.62,PAID
CLM0002843,MBR105183,2026-04-11,INSTITUTIONAL,I10,418.59,PAID
CLM0002844,MBR109907,2026-03-05,PROFESSIONAL,F41.1,756.23,DENIED
CLM0002845,MBR105057,2026-03-07,INSTITUTIONAL,S82.401A,4946.42,PAID
CLM0002846,MBR105001,2026-02-09,DENTAL,K21.9,4046.84,PAID
CLM0002847,MBR100754,2026-01-15,INSTITUTIONAL,J45.909,754.95,PAID
CLM0002848,MBR100670,2026-08-01,PROFESSIONAL,M54.5,203.86,PAID
CLM0002849,MBR108849,2026-03-27,PHARMACY,J45.909,2894.71,DENIED
CLM0002850,MBR104478,2026-07-25,PROFESSIONAL,J06.9,1309.89,DENIED
CLM0002851,MBR109250,2026-05-17,DENTAL,M54.5,254.22,PAID
CLM0002852,MBR100979,2026-04-25,INSTITUTIONAL,J45.909,4450.71,PAID
CLM0002853,MBR106567,2026-06-04,PHARMACY,J06.9,307.14,PAID
CLM0002854,MBR101247,2026-07-21,DENTAL,R51.9,4618.68,PAID
CLM0002855,MBR104570,2026-08-21,PROFESSIONAL,E78.5,1334.88,DENIED
CLM0002856,MBR101156,2026-04-18,PROFESSIONAL,E78.5,1084.77,PAID
CLM0002857,MBR108131,2026-08-12,DENTAL,K21.9,2414.84,PAID
CLM0002858,MBR109098,2026-06-16,DENTAL,M54.5,107.04,PAID
CLM0002859,MBR106229,2026-02-28,PHARMACY,K21.9,3651.88,PAID
CLM0002860,MBR100608,2026-02-14,PROFESSIONAL,N39.0,3760.07,PAID
CLM0002861,MBR100527,2026-07-02,DENTAL,M54.5,2893.45,PENDED
CLM0002862,MBR106166,2026-06-10,PHARMACY,I10,986.05,PAID
CLM0002863,MBR109369,2026-07-07,PROFESSIONAL,N39.0,132.09,PAID
CLM0002864,MBR104965,2026-05-05,DENTAL,M54.5,2252.03,PAID
CLM0002865,MBR107685,2026-01-02,DENTAL,S82.401A,2563.90,PAID
CLM0002866,MBR100301,2026-01-05,PROFESSIONAL,R51.9,3467.17,PAID
CLM0002867,MBR101324,2026-05-18,INSTITUTIONAL,E78.5,2427.85,PAID
CLM0002868,MBR102568,2026-08-14,PROFESSIONAL,E78.5,779.05,PAID
CLM0002869,MBR106698,2026-08-20,INSTITUTIONAL,J45.909,4881.80,PAID
CLM0002870,MBR108811,2026-02-01,PROFESSIONAL,K21.9,2332.80,PAID
CLM0002871,MBR102880,2026-08-02,PHARMACY,J45.909,1258.14,PENDED
CLM0002872,MBR106012,2026-03-02,DENTAL,R51.9,4804.42,PAID
CLM0002873,MBR107597,2026-07-16,INSTITUTIONAL,M54.5,4310.23,PAID
CLM0002874,MBR106922,2026-05-11,PROFESSIONAL,F41.1,2418.59,DENIED
CLM0002875,MBR103600,2026-06-06,PROFESSIONAL,I10,1842.88,DENIED
CLM0002876,MBR106119,2026-04-27,PROFESSIONAL,N39.0,2682.40,PENDED
CLM0002877,MBR108768,2026-03-01,PROFESSIONAL,E78.5,4982.42,PAID
CLM0002878,MBR103389,2026-02-11,DENTAL,E11.9,4781.58,PAID
CLM0002879,MBR100001,2026-02-06,INSTITUTIONAL,N39.0,4810.61,PAID
CLM0002880,MBR104433,2026-07-06,INSTITUTIONAL,K21.9,,PAID
CLM0002881,MBR108289,2026-02-19,PHARMACY,J06.9,4281.80,PAID
CLM0002882,MBR104934,2026-04-22,DENTAL,R51.9,3248.64,PAID
CLM0002883,MBR100686,2026-07-17,INSTITUTIONAL,R51.9,3003.54,PAID
CLM0002884,MBR100525,2026-06-25,INSTITUTIONAL,R51.9,1087.84,PAID
CLM0002885,MBR109533,2026-03-09,PROFESSIONAL,J06.9,3634.42,DENIED
CLM0002886,MBR102998,2026-08-03,DENTAL,Z00.00,2802.28,PENDED
CLM0002887,MBR101300,2026-07-14,DENTAL,K21.9,1206.13,PAID
CLM0002888,MBR106210,2026-06-24,DENTAL,M54.5,1211.10,PAID
CLM0002889,MBR102469,2026-01-24,DENTAL,R51.9,1807.16,PAID
CLM0002890,MBR106722,2026-02-14,PHARMACY,Z00.00,130.26,PAID
CLM0002891,MBR105836,2026-06-10,INSTITUTIONAL,E11.9,4121.79,PAID
CLM0002892,MBR105956,2026-05-16,PROFESSIONAL,N39.0,3815.97,DENIED
CLM0002893,MBR107215,2026-03-07,DENTAL,F41.1,4939.51,PAID
CLM0002894,MBR104888,2026-05-11,PROFESSIONAL,S82.401A,2597.74,PAID
CLM0002895,MBR104523,2026-05-12,INSTITUTIONAL,N39.0,3514.14,DENIED
CLM0002896,MBR100438,2026-04-05,PROFESSIONAL,S82.401A,3031.88,PENDED
CLM0002897,MBR104650,2026-06-15,PHARMACY,M54.5,1270.11,PAID
CLM0002898,MBR109445,2026-08-24,PHARMACY,J45.909,2992.03,PAID
CLM0002899,MBR109437,2026-01-28,PROFESSIONAL,K21.9,1356.81,PENDED
CLM0002900,MBR108018,2026-05-21,INSTITUTIONAL,E11.9,2074.47,PAID
CLM0002901,MBR103185,2026-04-29,PHARMACY,I10,1665.15,PAID
CLM0002902,MBR102683,2026-07-04,PHARMACY,N39.0,1771.42,PAID
CLM0002903,MBR109775,2026-07-04,DENTAL,E11.9,4547.48,PAID
CLM0002904,MBR105912,2026-05-04,PHARMACY,J06.9,,PAID
CLM0002905,MBR103292,2026-01-30,PROFESSIONAL,K21.9,4253.72,PAID
CLM0002906,MBR104671,2026-07-18,PROFESSIONAL,N39.0,2529.12,DENIED
CLM0002907,MBR101986,2026-07-30,INSTITUTIONAL,K21.9,3310.18,PAID
CLM0002908,MBR103720,2026-03-13,DENTAL,Z00.00,4106.76,PAID
CLM0002909,MBR100465,2026-08-06,PROFESSIONAL,E78.5,2227.66,PENDED
CLM0002910,MBR101607,2026-08-23,PHARMACY,R51.9,3822.77,DENIED
CLM0002911,MBR102005,2026-03-08,DENTAL,S82.401A,3315.59,PAID
CLM0002912,MBR108062,2026-01-18,INSTITUTIONAL,K21.9,1980.71,PAID
CLM0002913,MBR107870,2026-07-25,PROFESSIONAL,J45.909,3640.61,PAID
CLM0002914,MBR108450,2026-07-23,DENTAL,E78.5,2901.07,PAID
CLM0002915,MBR100499,2026-02-02,PHARMACY,,1042.16,PAID
CLM0002916,MBR103385,2026-08-07,INSTITUTIONAL,F41.1,2071.96,PENDED
CLM0002917,MBR108157,2026-06-16,PROFESSIONAL,J06.9,2401.84,DENIED
CLM0002918,MBR105881,2026-01-01,PROFESSIONAL,Z00.00,2248.98,PAID
CLM0002919,MBR101240,2026-06-27,PROFESSIONAL,M54.5,2587.56,PAID
CLM0002920,MBR106180,2026-08-02,INSTITUTIONAL,K21.9,,DENIED
CLM0002921,MBR104294,2026-07-06,PROFESSIONAL,S82.401A,4087.92,PAID
CLM0002922,MBR109056,2026-08-22,PHARMACY,S82.401A,2019.34,PAID
CLM0002923,MBR105727,2026-08-22,PROFESSIONAL,R51.9,3149.27,PAID
CLM0002924,MBR108142,2026-08-29,PHARMACY,J06.9,2566.29,PENDED
CLM0002925,MBR107355,2026-01-02,PROFESSIONAL,K21.9,1527.64,PENDED
CLM0002926,MBR103252,2026-06-07,PHARMACY,S82.401A,973.32,PENDED
CLM0002927,MBR104537,2026-05-21,DENTAL,M54.5,1666.00,PAID
CLM0002928,MBR104552,2026-07-24,DENTAL,K21.9,3597.34,DENIED
CLM0002929,MBR106561,2026-06-01,DENTAL,E78.5,837.30,PAID
CLM0002930,MBR102582,2026-06-01,INSTITUTIONAL,M54.5,1777.92,PAID
CLM0002931,MBR100657,2026-04-28,PHARMACY,E78.5,858.98,PENDED
CLM0002932,MBR107649,2026-07-23,PROFESSIONAL,R51.9,4736.77,DENIED
CLM0002933,MBR100722,2026-03-19,INSTITUTIONAL,S82.401A,2206.19,PAID
CLM0002934,MBR103746,2026-04-25,PROFESSIONAL,J45.909,3895.38,PAID
CLM0002935,MBR101174,2026-02-08,PROFESSIONAL,M54.5,3451.72,PAID
CLM0002936,MBR103271,2026-08-13,DENTAL,F41.1,1743.34,PAID
CLM0002937,MBR108900,2026-08-06,DENTAL,N39.0,4779.46,PAID
CLM0002938,MBR107774,2026-05-30,DENTAL,E78.5,1680.80,PENDED
CLM0002939,MBR108881,2026-03-29,PHARMACY,J06.9,1533.05,PAID
CLM0002940,MBR106458,2026-03-30,INSTITUTIONAL,K21.9,3893.93,PENDED
CLM0002941,MBR109251,2026-05-11,PROFESSIONAL,R51.9,219.80,PAID
CLM0002942,MBR102905,2026-07-14,INSTITUTIONAL,S82.401A,3978.38,DENIED
CLM0002943,MBR101434,2026-01-12,PROFESSIONAL,M54.5,1631.48,PAID
CLM0002944,MBR102959,2026-02-21,PROFESSIONAL,S82.401A,2804.75,PAID
CLM0002945,MBR109125,2026-04-25,PHARMACY,F41.1,1281.43,PENDED
CLM0002946,MBR107915,2026-06-28,PHARMACY,N39.0,3657.38,PAID
CLM0002947,MBR103840,2026-08-26,DENTAL,,3589.00,PAID
CLM0002948,MBR100709,2026-05-27,PHARMACY,K21.9,3227.76,PAID
CLM0002949,MBR103999,2026-07-03,DENTAL,,4844.93,PAID
CLM0002950,MBR100211,2026-03-23,DENTAL,F41.1,1154.34,PENDED
CLM0002951,MBR102305,2026-04-24,PROFESSIONAL,S82.401A,3299.92,PAID
CLM0002952,MBR107023,2026-05-10,PHARMACY,K21.9,4503.87,PAID
CLM0002953,MBR100656,2026-05-22,PROFESSIONAL,N39.0,1372.93,PAID
CLM0002954,MBR109613,2026-07-26,PHARMACY,J45.909,1419.82,PAID
CLM0002955,MBR100180,2026-06-19,PROFESSIONAL,J45.909,1505.73,PENDED
CLM0002956,MBR101088,2026-03-15,PHARMACY,N39.0,,PENDED
CLM0002957,MBR108614,2026-07-30,DENTAL,M54.5,4284.98,DENIED
CLM0002958,MBR101252,2026-02-19,PROFESSIONAL,F41.1,459.78,PAID
CLM0002959,MBR109037,2026-04-13,PROFESSIONAL,K21.9,2621.14,PAID
CLM0002960,MBR103756,2026-07-19,INSTITUTIONAL,F41.1,586.29,PAID
CLM0002961,MBR107204,2026-03-11,DENTAL,J45.909,3787.37,PENDED
CLM0002962,MBR102907,2026-02-28,PROFESSIONAL,I10,595.34,PAID
CLM0002963,MBR106507,2026-01-17,PROFESSIONAL,F41.1,2193.57,PAID
CLM0002964,MBR107384,2026-02-26,DENTAL,M54.5,1984.51,PAID
CLM0002965,MBR106028,2026-06-28,PROFESSIONAL,N39.0,2270.43,DENIED
CLM0002966,MBR100193,2026-03-18,INSTITUTIONAL,I10,217.66,DENIED
CLM0002967,MBR107965,2026-02-27,PHARMACY,R51.9,4989.14,PAID
CLM0002968,MBR102393,2026-01-03,PHARMACY,N39.0,1696.92,PAID
CLM0002969,MBR105491,2026-06-07,DENTAL,N39.0,673.80,PAID
CLM0002970,MBR105533,2026-08-10,PROFESSIONAL,E78.5,4253.04,PAID
CLM0002971,MBR107859,2026-04-05,INSTITUTIONAL,Z00.00,3301.31,PAID
CLM0002972,MBR103065,2026-08-09,PROFESSIONAL,E78.5,2617.21,PAID
CLM0002973,MBR107070,2026-05-15,PROFESSIONAL,E11.9,1682.66,PAID
CLM0002974,MBR108273,2026-03-28,PROFESSIONAL,M54.5,723.70,PAID
CLM0002975,MBR101439,2026-08-23,PROFESSIONAL,J45.909,2471.44,PAID
CLM0002976,MBR108066,2026-01-10,INSTITUTIONAL,J06.9,2871.44,PAID
CLM0002977,MBR104694,2026-08-26,INSTITUTIONAL,K21.9,1390.05,PAID
CLM0002978,MBR108105,2026-07-04,DENTAL,F41.1,2627.99,PAID
CLM0002979,MBR109662,2026-04-20,PHARMACY,M54.5,3870.74,PENDED
CLM0002980,MBR105583,2026-01-01,PROFESSIONAL,K21.9,3585.58,PAID
CLM0002981,MBR108141,2026-06-18,PROFESSIONAL,N39.0,3638.60,PAID
CLM0002982,MBR108436,2026-05-08,PROFESSIONAL,M54.5,4758.87,PAID
CLM0002983,MBR108708,2026-07-26,PROFESSIONAL,N39.0,,PAID
CLM0002984,MBR100899,2026-05-13,PHARMACY,S82.401A,,PAID
CLM0002985,MBR105779,2026-07-12,DENTAL,E78.5,4899.79,PAID
CLM0002986,MBR104358,2026-08-28,PHARMACY,R51.9,4604.98,PAID
CLM0002987,MBR109010,2026-02-07,DENTAL,N39.0,1001.65,PENDED
CLM0002988,MBR108166,2026-01-09,DENTAL,K21.9,2455.35,DENIED
CLM0002989,MBR108023,2026-07-13,PHARMACY,E11.9,776.53,PAID
CLM0002990,MBR107097,2026-01-05,PROFESSIONAL,J06.9,4891.54,PAID
CLM0002991,MBR101385,2026-02-07,DENTAL,F41.1,,PAID
CLM0002992,MBR101543,2026-07-21,PROFESSIONAL,F41.1,3942.50,DENIED
CLM0002993,MBR105351,2026-04-29,INSTITUTIONAL,R51.9,3079.54,PAID
CLM0002994,MBR104814,2026-01-18,INSTITUTIONAL,J06.9,2701.60,DENIED
CLM0002995,MBR109272,2026-03-16,DENTAL,N39.0,2507.96,PAID
CLM0002996,MBR109111,2026-06-17,PROFESSIONAL,J06.9,1957.92,PAID
CLM0002997,MBR103126,2026-04-30,INSTITUTIONAL,Z00.00,2675.81,PAID
CLM0002998,MBR103233,2026-07-08,DENTAL,E11.9,1664.63,DENIED
CLM0002999,MBR100131,2026-04-13,DENTAL,S82.401A,3418.65,PENDED
CLM0003000,MBR103394,2026-06-10,DENTAL,I10,2977.98,DENIED
CLM0003001,MBR108998,2026-03-08,PROFESSIONAL,K21.9,4332.82,PENDED
CLM0003002,MBR101782,2026-08-13,PHARMACY,Z00.00,4831.92,PAID
CLM0003003,MBR100258,2026-02-20,INSTITUTIONAL,K21.9,2895.36,PAID
CLM0003004,MBR107046,2026-08-21,DENTAL,E11.9,2888.82,PAID
CLM0003005,MBR104397,2026-01-01,INSTITUTIONAL,Z00.00,4286.46,PAID
CLM0003006,MBR100776,2026-05-01,INSTITUTIONAL,M54.5,4574.11,PAID
CLM0003007,MBR105701,2026-01-25,PROFESSIONAL,E11.9,4612.42,PAID
CLM0003008,MBR107053,2026-06-08,DENTAL,K21.9,33.41,PAID
CLM0003009,MBR102331,2026-08-24,DENTAL,M54.5,3989.36,PAID
CLM0003010,MBR107651,2026-06-12,PROFESSIONAL,E11.9,4877.71,PAID
CLM0003011,MBR102713,2026-07-05,PROFESSIONAL,M54.5,2184.55,PAID
CLM0003012,MBR103827,2026-05-24,PHARMACY,,4042.82,PAID
CLM0003013,MBR102280,2026-03-01,PROFESSIONAL,N39.0,2250.86,PAID
CLM0003014,MBR102121,2026-01-21,PROFESSIONAL,S82.401A,1578.92,DENIED
CLM0003015,MBR105432,2026-06-20,PROFESSIONAL,K21.9,2945.11,PAID
CLM0003016,MBR108685,2026-06-12,PROFESSIONAL,E11.9,728.46,DENIED
CLM0003017,MBR103470,2026-07-20,PROFESSIONAL,R51.9,1169.61,PAID
CLM0003018,MBR100973,2026-08-08,PHARMACY,E78.5,3443.29,PAID
CLM0003019,MBR105072,2026-06-21,PROFESSIONAL,Z00.00,2772.50,PAID
CLM0003020,MBR103974,2026-06-19,PHARMACY,F41.1,3530.12,PAID
CLM0003021,MBR106775,2026-04-05,PHARMACY,E78.5,2475.42,PAID
CLM0003022,MBR106580,2026-02-28,INSTITUTIONAL,M54.5,,PAID
CLM0003023,MBR100074,2026-06-07,INSTITUTIONAL,J06.9,3448.90,PAID
CLM0003024,MBR108386,2026-01-15,PROFESSIONAL,K21.9,4596.07,PAID
CLM0003025,MBR102104,2026-06-24,DENTAL,K21.9,2602.76,DENIED
CLM0003026,MBR102488,2026-03-05,PHARMACY,S82.401A,678.38,PAID
CLM0003027,MBR109011,2026-02-20,PROFESSIONAL,E78.5,4934.59,PAID
CLM0003028,MBR101301,2026-08-19,PHARMACY,I10,,PAID
CLM0003029,MBR109138,2026-01-17,DENTAL,N39.0,4354.56,DENIED
CLM0003030,MBR107375,2026-03-31,INSTITUTIONAL,N39.0,144.88,PAID
CLM0003031,MBR101037,2026-03-17,PHARMACY,J06.9,2033.06,PAID
CLM0003032,MBR109858,2026-01-10,PHARMACY,S82.401A,3835.81,PAID
CLM0003033,MBR106046,2026-08-02,INSTITUTIONAL,I10,1196.40,PAID
CLM0003034,MBR104972,2026-07-17,PHARMACY,E78.5,1218.62,PAID
CLM0003035,MBR107340,2026-07-14,PHARMACY,E78.5,302.34,PAID
CLM0003036,MBR109809,2026-06-05,PROFESSIONAL,I10,,PAID
CLM0003037,MBR107906,2026-01-03,INSTITUTIONAL,E11.9,587.28,PAID
CLM0003038,MBR103602,2026-01-01,PROFESSIONAL,K21.9,4685.90,PENDED
CLM0003039,MBR106220,2026-04-15,DENTAL,I10,1028.83,PAID
CLM0003040,MBR109117,2026-06-15,INSTITUTIONAL,Z00.00,4527.95,PAID
CLM0003041,MBR108900,2026-07-11,INSTITUTIONAL,M54.5,4413.00,PAID
CLM0003042,MBR103087,2026-06-11,INSTITUTIONAL,E11.9,4412.16,PENDED
CLM0003043,MBR109770,2026-07-02,PHARMACY,F41.1,4737.27,DENIED
CLM0003044,MBR100465,2026-02-11,DENTAL,J06.9,96.79,DENIED
CLM0003045,MBR104773,2026-05-11,PHARMACY,J06.9,2695.73,PAID
CLM0003046,MBR107307,2026-06-14,INSTITUTIONAL,K21.9,2405.24,PAID
CLM0003047,MBR108044,2026-01-24,INSTITUTIONAL,N39.0,4012.18,PAID
CLM0003048,MBR104226,2026-03-11,PROFESSIONAL,J45.909,3148.75,PAID
CLM0003049,MBR102707,2026-01-08,PROFESSIONAL,F41.1,726.77,PAID
CLM0003050,MBR101759,2026-01-03,PROFESSIONAL,S82.401A,261.73,DENIED
CLM0003051,MBR103049,2026-07-29,PHARMACY,J45.909,4724.89,PAID
CLM0003052,MBR101932,2026-01-22,INSTITUTIONAL,J06.9,435.65,PAID
CLM0003053,MBR102751,2026-06-09,PROFESSIONAL,Z00.00,94.63,PAID
CLM0003054,MBR101839,2026-01-13,DENTAL,J06.9,182.01,DENIED
CLM0003055,MBR101319,2026-08-31,PROFESSIONAL,F41.1,3077.65,PAID
CLM0003056,MBR104485,2026-04-20,INSTITUTIONAL,J45.909,870.07,PAID
CLM0003057,MBR105167,2026-02-19,INSTITUTIONAL,R51.9,1307.11,PENDED
CLM0003058,MBR101870,2026-05-01,PHARMACY,J45.909,4109.68,PAID
CLM0003059,MBR108708,2026-01-19,INSTITUTIONAL,I10,1012.44,DENIED
CLM0003060,MBR105506,2026-04-02,PROFESSIONAL,E78.5,1159.98,PAID
CLM0003061,MBR106877,2026-03-28,PHARMACY,N39.0,2624.24,PAID
CLM0003062,MBR109264,2026-03-18,INSTITUTIONAL,R51.9,4108.84,PAID
CLM0003063,MBR101209,2026-03-12,DENTAL,M54.5,3462.03,PAID
CLM0003064,MBR101638,2026-01-21,PHARMACY,R51.9,2429.24,PENDED
CLM0003065,MBR108629,2026-04-24,PROFESSIONAL,R51.9,820.39,PAID
CLM0003066,MBR106865,2026-04-25,INSTITUTIONAL,Z00.00,365.55,PAID
CLM0003067,MBR108046,2026-03-10,PROFESSIONAL,M54.5,3801.95,PAID
CLM0003068,MBR107113,2026-03-24,DENTAL,E78.5,3155.00,PAID
CLM0003069,MBR101271,2026-02-14,INSTITUTIONAL,,2065.30,PAID
CLM0003070,MBR105065,2026-03-07,INSTITUTIONAL,J06.9,4921.18,PENDED
CLM0003071,MBR108609,2026-03-23,PHARMACY,J45.909,112.36,PAID
CLM0003072,MBR100350,2026-08-12,DENTAL,E11.9,1312.48,PENDED
CLM0003073,MBR109611,2026-03-17,INSTITUTIONAL,Z00.00,351.19,PAID
CLM0003074,MBR102818,2026-06-07,INSTITUTIONAL,J45.909,4132.69,DENIED
CLM0003075,MBR104944,2026-03-31,PROFESSIONAL,N39.0,4165.56,DENIED
CLM0003076,MBR105370,2026-08-04,PROFESSIONAL,J06.9,2881.01,PAID
CLM0003077,MBR108394,2026-08-10,INSTITUTIONAL,E11.9,813.48,PAID
CLM0003078,MBR103463,2026-07-18,DENTAL,M54.5,624.08,PENDED
CLM0003079,MBR101688,2026-07-10,DENTAL,F41.1,601.98,PAID
CLM0003080,MBR106976,2026-01-13,INSTITUTIONAL,E11.9,2612.61,PAID
CLM0003081,MBR105640,2026-07-11,PHARMACY,I10,3579.96,PAID
CLM0003082,MBR104646,2026-03-09,PHARMACY,J06.9,,PAID
CLM0003083,MBR101298,2026-03-08,INSTITUTIONAL,E11.9,2093.41,PAID
CLM0003084,MBR101675,2026-07-17,PROFESSIONAL,I10,1608.86,PAID
CLM0003085,MBR109648,2026-03-26,DENTAL,M54.5,3215.12,PAID
CLM0003086,MBR107015,2026-08-06,PHARMACY,K21.9,3647.12,PAID
CLM0003087,MBR108996,2026-07-18,PHARMACY,,542.74,PAID
CLM0003088,MBR106751,2026-07-18,PHARMACY,S82.401A,2601.18,PAID
CLM0003089,MBR102581,2026-02-11,PROFESSIONAL,I10,2044.89,PAID
CLM0003090,MBR100785,2026-07-09,PROFESSIONAL,M54.5,1488.37,PAID
CLM0003091,MBR109709,2026-03-14,PHARMACY,F41.1,1595.84,PAID
CLM0003092,MBR105912,2026-05-15,PHARMACY,I10,4028.85,PAID
CLM0003093,MBR105799,2026-06-21,DENTAL,N39.0,4683.45,DENIED
CLM0003094,MBR100456,2026-04-16,PHARMACY,S82.401A,1235.09,PAID
CLM0003095,MBR105578,2026-04-10,PROFESSIONAL,I10,2375.26,PAID
CLM0003096,MBR102391,2026-05-16,PROFESSIONAL,F41.1,3129.12,DENIED
CLM0003097,MBR102875,2026-01-02,INSTITUTIONAL,E11.9,1966.62,PAID
CLM0003098,MBR101588,2026-01-14,PROFESSIONAL,I10,4346.67,PENDED
CLM0003099,MBR104617,2026-07-04,PROFESSIONAL,I10,4126.70,PAID
CLM0003100,MBR101263,2026-04-18,INSTITUTIONAL,S82.401A,4263.77,PAID
CLM0003101,MBR102624,2026-07-21,INSTITUTIONAL,N39.0,3937.74,PAID
CLM0003102,MBR106665,2026-04-23,DENTAL,K21.9,1097.46,PAID
CLM0003103,MBR109938,2026-05-20,PHARMACY,J06.9,4216.11,PAID
CLM0003104,MBR101712,2026-07-06,DENTAL,S82.401A,3702.29,PAID
CLM0003105,MBR104431,2026-07-07,DENTAL,K21.9,1869.54,PAID
CLM0003106,MBR105068,2026-07-27,PHARMACY,F41.1,3770.84,PAID
CLM0003107,MBR104968,2026-03-11,PHARMACY,Z00.00,1513.55,PAID
CLM0003108,MBR107242,2026-08-19,PROFESSIONAL,J45.909,2694.43,PAID
CLM0003109,MBR107465,2026-01-31,PHARMACY,J06.9,645.37,DENIED
CLM0003110,MBR102802,2026-05-05,DENTAL,N39.0,4354.27,PENDED
CLM0003111,MBR102335,2026-03-13,INSTITUTIONAL,E78.5,1666.51,DENIED
CLM0003112,MBR100724,2026-01-21,DENTAL,S82.401A,1462.36,PAID
CLM0003113,MBR104946,2026-01-30,PROFESSIONAL,J06.9,307.52,PAID
CLM0003114,MBR108436,2026-02-08,DENTAL,S82.401A,3045.46,PENDED
CLM0003115,MBR100335,2026-06-06,DENTAL,R51.9,841.11,PENDED
CLM0003116,MBR100308,2026-04-19,PROFESSIONAL,F41.1,2133.07,PAID
CLM0003117,MBR103985,2026-07-27,INSTITUTIONAL,F41.1,2146.95,PAID
CLM0003118,MBR100164,2026-06-15,INSTITUTIONAL,E11.9,3714.67,PAID
CLM0003119,MBR103939,2026-03-16,PROFESSIONAL,S82.401A,4767.70,PAID
CLM0003120,MBR100146,2026-03-23,PROFESSIONAL,J45.909,671.75,PAID
CLM0003121,MBR106410,2026-03-27,PHARMACY,K21.9,3400.11,PENDED
CLM0003122,MBR103876,2026-08-20,PHARMACY,J45.909,2513.19,PAID
CLM0003123,MBR100337,2026-05-16,PHARMACY,J06.9,1871.05,PAID
CLM0003124,MBR106517,2026-08-27,DENTAL,K21.9,978.90,PAID
CLM0003125,MBR105798,2026-06-01,DENTAL,F41.1,2334.97,PENDED
CLM0003126,MBR104128,2026-06-24,DENTAL,,3917.91,PAID
CLM0003127,MBR101575,2026-06-13,PHARMACY,S82.401A,2666.06,PAID
CLM0003128,MBR108601,2026-03-14,PROFESSIONAL,N39.0,3422.44,PAID
CLM0003129,MBR105420,2026-01-03,PROFESSIONAL,K21.9,4079.77,PAID
CLM0003130,MBR101982,2026-07-21,PROFESSIONAL,E78.5,4727.41,PAID
CLM0003131,MBR106741,2026-04-11,PROFESSIONAL,E11.9,2438.45,PAID
CLM0003132,MBR106780,2026-06-11,INSTITUTIONAL,M54.5,3851.64,PAID
CLM0003133,MBR107178,2026-06-08,PHARMACY,E78.5,199.55,PAID
CLM0003134,MBR109640,2026-04-10,INSTITUTIONAL,E11.9,641.33,DENIED
CLM0003135,MBR109744,2026-07-15,PROFESSIONAL,F41.1,2759.38,PAID
CLM0003136,MBR103141,2026-02-22,PROFESSIONAL,J06.9,4643.25,PAID
CLM0003137,MBR102190,2026-03-08,PHARMACY,F41.1,3345.78,PAID
CLM0003138,MBR101706,2026-05-05,DENTAL,S82.401A,2700.47,PAID
CLM0003139,MBR100883,2026-07-03,PROFESSIONAL,E78.5,922.90,PAID
CLM0003140,MBR105469,2026-01-25,DENTAL,E78.5,4518.93,PAID
CLM0003141,MBR107921,2026-02-27,PROFESSIONAL,Z00.00,4984.67,DENIED
CLM0003142,MBR100082,2026-08-11,INSTITUTIONAL,E11.9,2521.89,PENDED
CLM0003143,MBR106053,2026-02-15,INSTITUTIONAL,K21.9,2163.40,PAID
CLM0003144,MBR100571,2026-08-29,PHARMACY,Z00.00,3714.63,DENIED
CLM0003145,MBR104869,2026-03-24,PROFESSIONAL,K21.9,1124.58,PAID
CLM0003146,MBR108893,2026-07-23,PHARMACY,K21.9,2726.02,PAID
CLM0003147,MBR108358,2026-02-03,INSTITUTIONAL,E78.5,4294.17,DENIED
CLM0003148,MBR107045,2026-04-13,PROFESSIONAL,M54.5,3923.13,PAID
CLM0003149,MBR102122,2026-07-01,PROFESSIONAL,R51.9,,PAID
CLM0003150,MBR105472,2026-07-29,DENTAL,E11.9,4964.93,PAID
CLM0003151,MBR107120,2026-08-29,DENTAL,J06.9,4999.65,PAID
CLM0003152,MBR109033,2026-07-30,PHARMACY,J45.909,2096.51,DENIED
CLM0003153,MBR106543,2026-05-03,DENTAL,E78.5,2518.64,PAID
CLM0003154,MBR100553,2026-01-24,INSTITUTIONAL,E78.5,3890.39,PENDED
CLM0003155,MBR100858,2026-05-10,PHARMACY,I10,2739.39,PENDED
CLM0003156,MBR103713,2026-07-19,PROFESSIONAL,R51.9,1334.23,PAID
CLM0003157,MBR109429,2026-06-07,PHARMACY,I10,2762.62,PAID
CLM0003158,MBR102210,2026-02-04,PHARMACY,K21.9,,PAID
CLM0003159,MBR106559,2026-07-31,DENTAL,F41.1,962.51,PAID
CLM0003160,MBR109931,2026-05-12,DENTAL,J45.909,2733.88,PAID
CLM0003161,MBR102929,2026-05-02,INSTITUTIONAL,E11.9,4566.14,PAID
CLM0003162,MBR100874,2026-06-06,PROFESSIONAL,S82.401A,1639.09,DENIED
CLM0003163,MBR106907,2026-06-02,PHARMACY,S82.401A,3179.94,PAID
CLM0003164,MBR108150,2026-02-21,PHARMACY,K21.9,4048.08,PENDED
CLM0003165,MBR103495,2026-06-28,PROFESSIONAL,J06.9,4719.61,PENDED
CLM0003166,MBR101780,2026-03-03,PHARMACY,Z00.00,696.47,DENIED
CLM0003167,MBR103501,2026-08-25,PHARMACY,F41.1,379.60,PAID
CLM0003168,MBR104072,2026-05-24,DENTAL,E11.9,1930.30,PAID
CLM0003169,MBR108025,2026-02-23,PROFESSIONAL,M54.5,4339.34,PAID
CLM0003170,MBR106958,2026-07-29,INSTITUTIONAL,F41.1,4539.64,PAID
CLM0003171,MBR102806,2026-04-27,DENTAL,M54.5,3224.15,PAID
CLM0003172,MBR109424,2026-01-09,INSTITUTIONAL,S82.401A,4881.04,PAID
CLM0003173,MBR106404,2026-04-08,PHARMACY,J45.909,753.67,PAID
CLM0003174,MBR102240,2026-07-15,PHARMACY,F41.1,,PAID
CLM0003175,MBR109033,2026-03-18,DENTAL,R51.9,1147.94,PAID
CLM0003176,MBR108155,2026-02-11,DENTAL,I10,1484.69,PAID
CLM0003177,MBR100192,2026-04-17,PHARMACY,K21.9,1920.69,PAID
CLM0003178,MBR100629,2026-03-24,INSTITUTIONAL,Z00.00,3429.58,PAID
CLM0003179,MBR106269,2026-08-16,DENTAL,J06.9,3839.60,PAID
CLM0003180,MBR107710,2026-07-06,PHARMACY,K21.9,,PAID
CLM0003181,MBR105585,2026-03-22,PROFESSIONAL,K21.9,117.60,PAID
CLM0003182,MBR109025,2026-06-11,PHARMACY,N39.0,3883.57,PENDED
CLM0003183,MBR104829,2026-06-11,PHARMACY,I10,2551.24,PAID
CLM0003184,MBR109013,2026-04-11,PHARMACY,I10,3097.66,DENIED
CLM0003185,MBR103135,2026-03-01,DENTAL,K21.9,3387.90,PAID
CLM0003186,MBR104838,2026-05-28,INSTITUTIONAL,S82.401A,3539.14,DENIED
CLM0003187,MBR101419,2026-02-14,PHARMACY,Z00.00,4664.87,DENIED
CLM0003188,MBR104663,2026-07-15,PROFESSIONAL,J06.9,2979.46,DENIED
CLM0003189,MBR103913,2026-06-07,PHARMACY,J06.9,1717.36,PAID
CLM0003190,MBR107897,2026-04-30,DENTAL,I10,4623.97,PAID
CLM0003191,MBR109894,2026-03-25,PHARMACY,,4208.11,PAID
CLM0003192,MBR108939,2026-02-16,PROFESSIONAL,E78.5,4932.44,PAID
CLM0003193,MBR106960,2026-02-22,PHARMACY,E11.9,3663.26,PAID
CLM0003194,MBR100872,2026-04-01,PROFESSIONAL,K21.9,4103.64,PAID
CLM0003195,MBR107320,2026-03-07,INSTITUTIONAL,N39.0,842.06,DENIED
CLM0003196,MBR107566,2026-05-04,PHARMACY,I10,2327.67,DENIED
CLM0003197,MBR100211,2026-02-19,INSTITUTIONAL,N39.0,,PENDED
CLM0003198,MBR101093,2026-04-17,PHARMACY,E78.5,1418.87,DENIED
CLM0003199,MBR105282,2026-01-12,INSTITUTIONAL,M54.5,696.84,PENDED
CLM0003200,MBR107883,2026-05-18,PROFESSIONAL,,1072.38,DENIED
CLM0003201,MBR100943,2026-07-10,INSTITUTIONAL,M54.5,1421.48,PENDED
CLM0003202,MBR107752,2026-02-08,INSTITUTIONAL,S82.401A,355.43,PAID
CLM0003203,MBR108089,2026-03-26,INSTITUTIONAL,E78.5,4431.22,PENDED
CLM0003204,MBR107278,2026-01-01,PROFESSIONAL,J06.9,2791.49,PENDED
CLM0003205,MBR104706,2026-07-08,INSTITUTIONAL,I10,382.73,PAID
CLM0003206,MBR108760,2026-02-25,DENTAL,E11.9,4158.50,PAID
CLM0003207,MBR108844,2026-05-01,PROFESSIONAL,R51.9,2477.24,PAID
CLM0003208,MBR103932,2026-03-17,INSTITUTIONAL,E11.9,3515.61,DENIED
CLM0003209,MBR105623,2026-04-18,PHARMACY,E11.9,1617.17,PAID
CLM0003210,MBR108728,2026-06-24,DENTAL,E78.5,1782.42,PAID
CLM0003211,MBR106548,2026-04-06,PHARMACY,R51.9,4783.01,DENIED
CLM0003212,MBR100551,2026-04-23,PHARMACY,M54.5,4140.51,PAID
CLM0003213,MBR105534,2026-08-24,PROFESSIONAL,R51.9,1055.16,PAID
CLM0003214,MBR106979,2026-07-24,PROFESSIONAL,J06.9,304.79,PAID
CLM0003215,MBR103260,2026-07-28,DENTAL,N39.0,3109.24,DENIED
CLM0003216,MBR101429,2026-03-16,PROFESSIONAL,I10,295.09,PAID
CLM0003217,MBR102669,2026-04-03,INSTITUTIONAL,E78.5,4040.02,PENDED
CLM0003218,MBR107869,2026-08-16,DENTAL,K21.9,4955.98,DENIED
CLM0003219,MBR102810,2026-05-01,PHARMACY,K21.9,4336.13,PAID
CLM0003220,MBR102418,2026-06-24,PROFESSIONAL,N39.0,2234.70,PAID
CLM0003221,MBR102514,2026-04-04,PROFESSIONAL,F41.1,314.37,PAID
CLM0003222,MBR102026,2026-02-05,PROFESSIONAL,M54.5,1756.83,PAID
CLM0003223,MBR103179,2026-01-13,PROFESSIONAL,F41.1,1906.37,PAID
CLM0003224,MBR101908,2026-04-13,INSTITUTIONAL,I10,442.43,PAID
CLM0003225,MBR109198,2026-01-04,INSTITUTIONAL,I10,235.91,PAID
CLM0003226,MBR102378,2026-03-10,PHARMACY,R51.9,2680.33,DENIED
CLM0003227,MBR109184,2026-06-30,DENTAL,S82.401A,2343.27,PAID
CLM0003228,MBR107501,2026-01-20,DENTAL,S82.401A,271.05,PAID
CLM0003229,MBR104036,2026-08-29,DENTAL,S82.401A,2834.28,PENDED
CLM0003230,MBR103829,2026-01-23,PROFESSIONAL,E11.9,2661.04,PAID
CLM0003231,MBR106571,2026-07-27,PROFESSIONAL,S82.401A,,PAID
CLM0003232,MBR104837,2026-07-08,PHARMACY,F41.1,1223.64,PENDED
CLM0003233,MBR101734,2026-08-20,DENTAL,K21.9,3462.84,PAID
CLM0003234,MBR106135,2026-05-31,DENTAL,,2617.70,PAID
CLM0003235,MBR105833,2026-02-21,PHARMACY,Z00.00,4552.85,DENIED
CLM0003236,MBR101498,2026-01-22,PROFESSIONAL,E78.5,1274.02,PAID
CLM0003237,MBR106675,2026-03-26,PHARMACY,M54.5,1817.56,PAID
CLM0003238,MBR107900,2026-01-21,DENTAL,N39.0,3387.80,DENIED
CLM0003239,MBR104121,2026-06-22,PROFESSIONAL,E78.5,2043.92,PAID
CLM0003240,MBR101672,2026-08-13,INSTITUTIONAL,E11.9,117.51,PAID
CLM0003241,MBR100842,2026-04-20,PHARMACY,M54.5,2227.61,PAID
CLM0003242,MBR102189,2026-02-15,PROFESSIONAL,J45.909,2553.20,PAID
CLM0003243,MBR100842,2026-03-12,INSTITUTIONAL,E11.9,66.37,PAID
CLM0003244,MBR105789,2026-01-05,PHARMACY,K21.9,658.23,PAID
CLM0003245,MBR107741,2026-03-22,PROFESSIONAL,E11.9,2757.30,DENIED
CLM0003246,MBR109308,2026-07-16,DENTAL,F41.1,123.65,PAID
CLM0003247,MBR107855,2026-04-17,DENTAL,E11.9,2369.94,PAID
CLM0003248,MBR107548,2026-04-22,INSTITUTIONAL,S82.401A,216.33,PAID
CLM0003249,MBR102080,2026-01-16,DENTAL,E11.9,2419.74,DENIED
CLM0003250,MBR100775,2026-05-06,DENTAL,F41.1,2257.02,PENDED
CLM0003251,MBR102157,2026-03-18,PROFESSIONAL,S82.401A,3122.66,PAID
CLM0003252,MBR108621,2026-04-16,PROFESSIONAL,Z00.00,840.17,PAID
CLM0003253,MBR109096,2026-03-18,PROFESSIONAL,F41.1,2645.26,PAID
CLM0003254,MBR109782,2026-03-23,DENTAL,S82.401A,3919.25,PENDED
CLM0003255,MBR106680,2026-06-12,PHARMACY,J06.9,1380.43,PAID
CLM0003256,MBR106275,2026-04-06,PHARMACY,J06.9,4829.65,PAID
CLM0003257,MBR105742,2026-08-15,PHARMACY,M54.5,2649.45,DENIED
CLM0003258,MBR106142,2026-03-09,PROFESSIONAL,I10,1681.22,DENIED
CLM0003259,MBR106197,2026-02-09,PROFESSIONAL,M54.5,1063.47,DENIED
CLM0003260,MBR103318,2026-03-13,INSTITUTIONAL,E11.9,909.51,DENIED
CLM0003261,MBR100528,2026-04-05,PHARMACY,J06.9,952.66,PAID
CLM0003262,MBR100873,2026-03-04,PHARMACY,J06.9,2522.96,PENDED
CLM0003263,MBR102155,2026-07-04,INSTITUTIONAL,F41.1,977.11,PAID
CLM0003264,MBR104772,2026-05-05,DENTAL,F41.1,4778.27,PAID
CLM0003265,MBR100868,2026-07-04,PHARMACY,S82.401A,4362.69,PAID
CLM0003266,MBR109031,2026-06-24,DENTAL,M54.5,2581.67,PAID
CLM0003267,MBR106529,2026-04-01,PHARMACY,E11.9,3127.89,PAID
CLM0003268,MBR102051,2026-02-25,PHARMACY,J06.9,4799.03,PAID
CLM0003269,MBR109800,2026-07-18,INSTITUTIONAL,I10,3773.02,DENIED
CLM0003270,MBR106246,2026-04-21,PHARMACY,K21.9,4223.98,DENIED
CLM0003271,MBR103875,2026-01-09,PROFESSIONAL,R51.9,2211.40,PAID
CLM0003272,MBR105885,2026-05-22,PROFESSIONAL,Z00.00,4267.99,PAID
CLM0003273,MBR108588,2026-06-02,INSTITUTIONAL,J45.909,4634.62,PAID
CLM0003274,MBR101256,2026-07-20,INSTITUTIONAL,I10,2207.36,PAID
CLM0003275,MBR108443,2026-03-13,PROFESSIONAL,M54.5,3235.83,PAID
CLM0003276,MBR101941,2026-01-20,PHARMACY,J45.909,4297.52,PENDED
CLM0003277,MBR103776,2026-08-16,INSTITUTIONAL,F41.1,3930.22,DENIED
CLM0003278,MBR107784,2026-08-12,DENTAL,N39.0,,PENDED
CLM0003279,MBR102043,2026-06-15,PROFESSIONAL,N39.0,4718.88,PAID
CLM0003280,MBR107652,2026-03-02,PHARMACY,M54.5,3820.04,PAID
CLM0003281,MBR106809,2026-05-24,DENTAL,J45.909,2372.31,PAID
CLM0003282,MBR107616,2026-04-24,PROFESSIONAL,J06.9,723.76,DENIED
CLM0003283,MBR101688,2026-07-30,PROFESSIONAL,,461.95,PAID
CLM0003284,MBR100648,2026-03-11,PROFESSIONAL,E78.5,2415.26,PAID
CLM0003285,MBR106380,2026-06-01,DENTAL,K21.9,320.87,PAID
CLM0003286,MBR107095,2026-02-02,PHARMACY,E11.9,1372.75,PAID
CLM0003287,MBR104096,2026-04-14,INSTITUTIONAL,E11.9,1436.11,PAID
CLM0003288,MBR107040,2026-05-09,PHARMACY,E78.5,416.64,PAID
CLM0003289,MBR103287,2026-03-10,PROFESSIONAL,R51.9,3061.78,PAID
CLM0003290,MBR104840,2026-08-16,INSTITUTIONAL,M54.5,2923.87,DENIED
CLM0003291,MBR104050,2026-01-22,INSTITUTIONAL,M54.5,478.50,PAID
CLM0003292,MBR107979,2026-04-28,PROFESSIONAL,J45.909,2743.41,PAID
CLM0003293,MBR108884,2026-04-25,PROFESSIONAL,Z00.00,894.28,PAID
CLM0003294,MBR104907,2026-06-21,PROFESSIONAL,S82.401A,1827.06,DENIED
CLM0003295,MBR103232,2026-02-27,DENTAL,F41.1,4723.64,PAID
CLM0003296,MBR100759,2026-06-08,PROFESSIONAL,N39.0,3066.57,DENIED
CLM0003297,MBR102540,2026-05-17,PROFESSIONAL,F41.1,4207.27,PAID
CLM0003298,MBR106018,2026-01-01,DENTAL,,4255.55,PENDED
CLM0003299,MBR103047,2026-02-01,INSTITUTIONAL,K21.9,4144.88,PAID
CLM0003300,MBR109914,2026-07-20,DENTAL,S82.401A,1085.21,PAID
CLM0003301,MBR107260,2026-05-21,INSTITUTIONAL,Z00.00,3495.08,PAID
CLM0003302,MBR105569,2026-06-28,PHARMACY,Z00.00,265.70,PAID
CLM0003303,MBR109253,2026-08-24,PHARMACY,S82.401A,4789.05,PENDED
CLM0003304,MBR105030,2026-04-25,DENTAL,K21.9,2201.89,PAID
CLM0003305,MBR100742,2026-03-05,PROFESSIONAL,F41.1,1271.58,PENDED
CLM0003306,MBR100701,2026-06-18,PROFESSIONAL,J06.9,384.24,PENDED
CLM0003307,MBR107247,2026-06-10,INSTITUTIONAL,E11.9,4880.45,PENDED
CLM0003308,MBR100579,2026-04-17,INSTITUTIONAL,I10,2341.45,PAID
CLM0003309,MBR103515,2026-05-04,PHARMACY,S82.401A,93.49,PAID
CLM0003310,MBR104094,2026-05-14,PROFESSIONAL,E78.5,4245.56,PAID
CLM0003311,MBR101536,2026-01-06,DENTAL,R51.9,3058.92,PENDED
CLM0003312,MBR107544,2026-06-24,INSTITUTIONAL,Z00.00,4102.62,PENDED
CLM0003313,MBR105253,2026-08-25,PHARMACY,M54.5,2509.80,PAID
CLM0003314,MBR109102,2026-02-10,DENTAL,M54.5,4559.28,DENIED
CLM0003315,MBR108862,2026-04-27,DENTAL,S82.401A,3722.51,PAID
CLM0003316,MBR105078,2026-07-27,PROFESSIONAL,R51.9,1121.37,PAID
CLM0003317,MBR102403,2026-04-11,DENTAL,S82.401A,315.92,DENIED
CLM0003318,MBR104765,2026-02-24,INSTITUTIONAL,S82.401A,4837.71,PAID
CLM0003319,MBR103250,2026-02-02,INSTITUTIONAL,S82.401A,4737.18,PAID
CLM0003320,MBR103549,2026-06-15,PROFESSIONAL,K21.9,583.48,PENDED
CLM0003321,MBR107294,2026-01-15,INSTITUTIONAL,,620.17,DENIED
CLM0003322,MBR105741,2026-02-17,PROFESSIONAL,J06.9,2672.78,PAID
CLM0003323,MBR101840,2026-07-05,PHARMACY,Z00.00,521.36,PENDED
CLM0003324,MBR109961,2026-07-12,DENTAL,R51.9,62.24,PAID
CLM0003325,MBR104277,2026-01-24,INSTITUTIONAL,I10,1273.93,DENIED
CLM0003326,MBR109900,2026-02-17,PHARMACY,K21.9,1503.51,PENDED
CLM0003327,MBR104838,2026-05-18,PROFESSIONAL,K21.9,2721.52,PENDED
CLM0003328,MBR107333,2026-03-30,INSTITUTIONAL,E11.9,3412.75,PAID
CLM0003329,MBR109558,2026-06-10,INSTITUTIONAL,S82.401A,4365.37,PAID
CLM0003330,MBR107456,2026-07-17,PROFESSIONAL,E78.5,3300.81,PAID
CLM0003331,MBR107427,2026-05-24,DENTAL,,196.68,DENIED
CLM0003332,MBR106339,2026-07-30,PROFESSIONAL,J06.9,4329.22,PAID
CLM0003333,MBR109560,2026-01-10,DENTAL,E78.5,3737.25,PAID
CLM0003334,MBR105960,2026-01-23,INSTITUTIONAL,N39.0,4706.53,PAID
CLM0003335,MBR103645,2026-01-30,PHARMACY,K21.9,877.54,PAID
CLM0003336,MBR100807,2026-01-14,DENTAL,I10,2521.07,PENDED
CLM0003337,MBR100511,2026-06-10,INSTITUTIONAL,F41.1,229.52,PAID
CLM0003338,MBR103568,2026-03-19,PHARMACY,J45.909,2620.95,PENDED
CLM0003339,MBR102483,2026-05-27,INSTITUTIONAL,K21.9,3318.91,DENIED
CLM0003340,MBR109760,2026-07-20,DENTAL,,3843.11,PAID
CLM0003341,MBR102670,2026-07-11,PROFESSIONAL,E78.5,1558.33,DENIED
CLM0003342,MBR106948,2026-06-15,PROFESSIONAL,J06.9,1863.75,PAID
CLM0003343,MBR108467,2026-01-16,PROFESSIONAL,K21.9,,PENDED
CLM0003344,MBR102510,2026-07-20,PHARMACY,J45.909,1444.55,PAID
CLM0003345,MBR109174,2026-02-27,PHARMACY,I10,33.25,PAID
CLM0003346,MBR102105,2026-05-18,DENTAL,I10,2510.22,PENDED
CLM0003347,MBR109073,2026-07-18,INSTITUTIONAL,N39.0,858.36,PAID
CLM0003348,MBR100094,2026-05-26,INSTITUTIONAL,J06.9,647.85,PENDED
CLM0003349,MBR101641,2026-04-22,INSTITUTIONAL,F41.1,3494.20,PAID
CLM0003350,MBR100942,2026-02-20,DENTAL,E11.9,2546.15,DENIED
CLM0003351,MBR105377,2026-03-17,INSTITUTIONAL,M54.5,1767.20,DENIED
CLM0003352,MBR109235,2026-07-25,PHARMACY,M54.5,4130.93,PAID
CLM0003353,MBR107905,2026-01-06,DENTAL,E11.9,2969.83,PAID
CLM0003354,MBR105234,2026-01-14,INSTITUTIONAL,I10,2981.03,PAID
CLM0003355,MBR106473,2026-01-20,INSTITUTIONAL,E78.5,4785.50,PENDED
CLM0003356,MBR106757,2026-03-01,PROFESSIONAL,F41.1,1312.18,PAID
CLM0003357,MBR101090,2026-07-17,PHARMACY,M54.5,,PAID
CLM0003358,MBR104671,2026-08-04,DENTAL,Z00.00,980.77,DENIED
CLM0003359,MBR105323,2026-06-14,PHARMACY,K21.9,790.31,PENDED
CLM0003360,MBR109318,2026-07-31,DENTAL,F41.1,3879.18,PAID
CLM0003361,MBR108323,2026-05-04,PROFESSIONAL,I10,3197.89,PAID
CLM0003362,MBR106890,2026-01-14,INSTITUTIONAL,K21.9,,PAID
CLM0003363,MBR102899,2026-04-20,DENTAL,J06.9,3351.04,PAID
CLM0003364,MBR106918,2026-03-01,PROFESSIONAL,R51.9,1967.29,PAID
CLM0003365,MBR108219,2026-06-08,DENTAL,S82.401A,3550.06,PAID
CLM0003366,MBR105759,2026-03-28,INSTITUTIONAL,M54.5,240.09,PENDED
CLM0003367,MBR102421,2026-01-24,INSTITUTIONAL,I10,2283.91,DENIED
CLM0003368,MBR107600,2026-07-08,INSTITUTIONAL,S82.401A,1752.82,PENDED
CLM0003369,MBR105565,2026-08-24,PHARMACY,E78.5,4164.00,PAID
CLM0003370,MBR100845,2026-02-04,PROFESSIONAL,M54.5,3699.03,PENDED
CLM0003371,MBR102153,2026-03-10,PHARMACY,E11.9,2576.91,PAID
CLM0003372,MBR108972,2026-03-22,INSTITUTIONAL,R51.9,3480.98,PAID
CLM0003373,MBR103715,2026-07-23,PHARMACY,Z00.00,2459.04,PAID
CLM0003374,MBR107899,2026-06-05,INSTITUTIONAL,E11.9,1615.79,PAID
CLM0003375,MBR103939,2026-06-11,PHARMACY,E11.9,2253.74,DENIED
CLM0003376,MBR106519,2026-07-09,INSTITUTIONAL,Z00.00,3860.69,PAID
CLM0003377,MBR108135,2026-01-23,PROFESSIONAL,M54.5,947.28,PAID
CLM0003378,MBR105978,2026-05-08,DENTAL,N39.0,132.92,PENDED
CLM0003379,MBR106760,2026-03-21,PHARMACY,E78.5,1567.27,PAID
CLM0003380,MBR108429,2026-07-05,PROFESSIONAL,J06.9,2189.72,PAID
CLM0003381,MBR106027,2026-08-14,DENTAL,F41.1,4229.23,DENIED
CLM0003382,MBR107042,2026-05-06,PHARMACY,E78.5,1662.25,PAID
CLM0003383,MBR104061,2026-01-02,PROFESSIONAL,F41.1,2736.39,PAID
CLM0003384,MBR102421,2026-01-03,PHARMACY,E11.9,4100.15,PAID
CLM0003385,MBR105194,2026-05-24,INSTITUTIONAL,F41.1,4267.59,PAID
CLM0003386,MBR100760,2026-06-18,PHARMACY,K21.9,1500.03,PAID
CLM0003387,MBR101578,2026-02-17,DENTAL,M54.5,2357.74,DENIED
CLM0003388,MBR107552,2026-04-21,INSTITUTIONAL,I10,313.26,PENDED
CLM0003389,MBR104487,2026-04-02,PROFESSIONAL,E11.9,4708.34,PAID
CLM0003390,MBR102719,2026-04-05,PROFESSIONAL,E11.9,3350.51,DENIED
CLM0003391,MBR101381,2026-08-04,DENTAL,M54.5,937.99,DENIED
CLM0003392,MBR106829,2026-03-19,PROFESSIONAL,S82.401A,3167.75,PAID
CLM0003393,MBR107062,2026-02-21,INSTITUTIONAL,M54.5,3385.54,PAID
CLM0003394,MBR109597,2026-02-02,PHARMACY,E11.9,3603.98,PENDED
CLM0003395,MBR107598,2026-04-12,PHARMACY,N39.0,2874.77,PAID
CLM0003396,MBR108374,2026-06-06,PROFESSIONAL,R51.9,3448.74,PAID
CLM0003397,MBR100709,2026-01-11,PHARMACY,N39.0,4903.14,PAID
CLM0003398,MBR101153,2026-08-21,INSTITUTIONAL,R51.9,476.37,PAID
CLM0003399,MBR108975,2026-07-30,DENTAL,K21.9,3517.53,PAID
CLM0003400,MBR102227,2026-04-02,PROFESSIONAL,M54.5,3436.13,DENIED
CLM0003401,MBR104069,2026-08-12,INSTITUTIONAL,S82.401A,1033.17,DENIED
CLM0003402,MBR100923,2026-05-01,PROFESSIONAL,J06.9,3154.32,DENIED
CLM0003403,MBR101132,2026-03-07,PROFESSIONAL,K21.9,1899.36,PAID
CLM0003404,MBR102140,2026-06-16,PROFESSIONAL,N39.0,4783.17,DENIED
CLM0003405,MBR100111,2026-04-04,DENTAL,M54.5,1413.35,PAID
CLM0003406,MBR106906,2026-02-17,DENTAL,R51.9,,PAID
CLM0003407,MBR100485,2026-06-30,PHARMACY,E11.9,4509.72,PAID
CLM0003408,MBR109738,2026-04-20,INSTITUTIONAL,E11.9,3508.95,PENDED
CLM0003409,MBR108308,2026-08-14,INSTITUTIONAL,J06.9,895.58,PAID
CLM0003410,MBR101994,2026-08-22,PROFESSIONAL,R51.9,3506.95,PAID
CLM0003411,MBR107838,2026-07-05,PROFESSIONAL,S82.401A,359.42,PAID
CLM0003412,MBR109656,2026-02-24,INSTITUTIONAL,N39.0,1739.39,PENDED
CLM0003413,MBR106589,2026-08-28,PHARMACY,N39.0,223.83,PAID
CLM0003414,MBR105507,2026-01-27,INSTITUTIONAL,M54.5,4915.09,PAID
CLM0003415,MBR102817,2026-01-26,INSTITUTIONAL,,,PAID
CLM0003416,MBR108474,2026-03-11,PROFESSIONAL,E78.5,3763.55,PAID
CLM0003417,MBR102862,2026-08-08,PROFESSIONAL,K21.9,1639.15,PAID
CLM0003418,MBR109915,2026-05-14,PROFESSIONAL,R51.9,4096.84,PAID
CLM0003419,MBR102316,2026-08-22,DENTAL,E11.9,855.14,PENDED
CLM0003420,MBR109155,2026-08-08,PROFESSIONAL,J06.9,261.95,PAID
CLM0003421,MBR107370,2026-04-08,PROFESSIONAL,K21.9,3034.97,DENIED
CLM0003422,MBR101397,2026-04-22,PROFESSIONAL,E78.5,1803.05,PAID
CLM0003423,MBR109759,2026-04-11,PROFESSIONAL,I10,717.01,PAID
CLM0003424,MBR106978,2026-06-11,PROFESSIONAL,S82.401A,1996.76,PAID
CLM0003425,MBR103383,2026-08-27,PHARMACY,J45.909,1449.69,PAID
CLM0003426,MBR106324,2026-04-01,PROFESSIONAL,S82.401A,4727.98,PAID
CLM0003427,MBR103514,2026-07-05,PROFESSIONAL,Z00.00,4323.70,PAID
CLM0003428,MBR107237,2026-06-14,DENTAL,S82.401A,1253.25,PAID
CLM0003429,MBR107150,2026-05-20,INSTITUTIONAL,,4658.40,DENIED
CLM0003430,MBR103777,2026-07-28,DENTAL,J06.9,3031.56,PAID
CLM0003431,MBR103404,2026-05-13,PHARMACY,M54.5,4105.17,PAID
CLM0003432,MBR109824,2026-05-24,PHARMACY,F41.1,3402.98,PENDED
CLM0003433,MBR103655,2026-03-18,PHARMACY,S82.401A,4593.10,PENDED
CLM0003434,MBR100222,2026-01-02,INSTITUTIONAL,J06.9,2019.63,PAID
CLM0003435,MBR103084,2026-04-19,PHARMACY,M54.5,1925.69,DENIED
CLM0003436,MBR106811,2026-04-17,PHARMACY,K21.9,76.47,PAID
CLM0003437,MBR106936,2026-05-18,PHARMACY,I10,1618.24,PAID
CLM0003438,MBR100648,2026-04-03,PHARMACY,J45.909,4099.14,PAID
CLM0003439,MBR109532,2026-03-21,DENTAL,S82.401A,443.31,PAID
CLM0003440,MBR106753,2026-07-12,PHARMACY,K21.9,4793.80,PAID
CLM0003441,MBR101155,2026-03-13,PROFESSIONAL,F41.1,2267.81,DENIED
CLM0003442,MBR100163,2026-07-11,PHARMACY,S82.401A,3578.87,PENDED
CLM0003443,MBR105395,2026-03-02,PROFESSIONAL,M54.5,3893.57,PENDED
CLM0003444,MBR109504,2026-08-06,PROFESSIONAL,J06.9,3967.30,PAID
CLM0003445,MBR103123,2026-03-11,DENTAL,R51.9,2386.57,PAID
CLM0003446,MBR101600,2026-06-03,DENTAL,S82.401A,258.88,PAID
CLM0003447,MBR106460,2026-03-02,INSTITUTIONAL,R51.9,3014.99,PENDED
CLM0003448,MBR106039,2026-07-21,PROFESSIONAL,,2611.95,PAID
CLM0003449,MBR107466,2026-03-18,DENTAL,I10,1614.75,PAID
CLM0003450,MBR107978,2026-01-30,DENTAL,N39.0,2255.60,PAID
CLM0003451,MBR105731,2026-07-08,INSTITUTIONAL,F41.1,,PAID
CLM0003452,MBR109424,2026-06-02,DENTAL,E78.5,1356.19,DENIED
CLM0003453,MBR103870,2026-04-21,PHARMACY,E78.5,3601.35,PAID
CLM0003454,MBR109758,2026-05-24,DENTAL,E11.9,779.03,PAID
CLM0003455,MBR105613,2026-05-25,PROFESSIONAL,N39.0,252.97,PAID
CLM0003456,MBR105001,2026-07-19,INSTITUTIONAL,E78.5,1924.40,PAID
CLM0003457,MBR101493,2026-05-18,PROFESSIONAL,E78.5,2095.42,PAID
CLM0003458,MBR106584,2026-06-05,PROFESSIONAL,F41.1,4555.86,PAID
CLM0003459,MBR107451,2026-03-29,INSTITUTIONAL,,2169.64,PAID
CLM0003460,MBR107905,2026-04-14,DENTAL,I10,920.68,PAID
CLM0003461,MBR109108,2026-02-24,INSTITUTIONAL,S82.401A,3387.62,PENDED
CLM0003462,MBR103183,2026-02-26,PHARMACY,K21.9,496.30,PAID
CLM0003463,MBR103608,2026-06-17,DENTAL,R51.9,1394.75,PAID
CLM0003464,MBR109707,2026-08-27,DENTAL,R51.9,4126.32,PAID
CLM0003465,MBR107039,2026-03-13,PROFESSIONAL,E11.9,963.57,PAID
CLM0003466,MBR107906,2026-04-24,DENTAL,M54.5,932.19,PAID
CLM0003467,MBR106382,2026-05-09,PROFESSIONAL,N39.0,113.86,PAID
CLM0003468,MBR103154,2026-02-22,PROFESSIONAL,M54.5,4093.38,PAID
CLM0003469,MBR101091,2026-01-10,INSTITUTIONAL,,1943.76,PAID
CLM0003470,MBR103999,2026-05-11,PHARMACY,J45.909,525.76,DENIED
CLM0003471,MBR102889,2026-07-23,PHARMACY,N39.0,3168.69,PAID
CLM0003472,MBR105477,2026-04-14,INSTITUTIONAL,,2840.59,DENIED
CLM0003473,MBR108569,2026-01-08,PHARMACY,M54.5,1394.87,PAID
CLM0003474,MBR108379,2026-08-04,PROFESSIONAL,F41.1,4940.52,DENIED
CLM0003475,MBR102880,2026-02-22,DENTAL,R51.9,2760.20,PAID
CLM0003476,MBR104891,2026-08-19,PHARMACY,I10,2192.99,PAID
CLM0003477,MBR108584,2026-03-06,PROFESSIONAL,N39.0,3514.27,PAID
CLM0003478,MBR102661,2026-07-30,DENTAL,R51.9,2331.25,PAID
CLM0003479,MBR103678,2026-02-13,PROFESSIONAL,,1592.17,PAID
CLM0003480,MBR102476,2026-05-29,PHARMACY,N39.0,1652.73,PAID
CLM0003481,MBR100675,2026-08-19,PHARMACY,S82.401A,4433.87,PAID
CLM0003482,MBR105756,2026-07-10,INSTITUTIONAL,J45.909,2883.41,PENDED
CLM0003483,MBR109956,2026-02-18,INSTITUTIONAL,I10,978.49,PAID
CLM0003484,MBR101033,2026-01-19,PROFESSIONAL,Z00.00,1776.21,PAID
CLM0003485,MBR103130,2026-04-23,PROFESSIONAL,Z00.00,542.48,PAID
CLM0003486,MBR108442,2026-08-18,DENTAL,M54.5,3719.41,DENIED
CLM0003487,MBR102350,2026-05-18,PHARMACY,J06.9,326.74,PAID
CLM0003488,MBR105713,2026-01-18,PROFESSIONAL,S82.401A,2874.72,PENDED
CLM0003489,MBR106465,2026-07-06,DENTAL,I10,4144.84,PAID
CLM0003490,MBR109177,2026-07-24,PROFESSIONAL,K21.9,4857.10,PENDED
CLM0003491,MBR107560,2026-06-22,PROFESSIONAL,I10,4222.87,PAID
CLM0003492,MBR100901,2026-05-10,INSTITUTIONAL,,1091.15,PAID
CLM0003493,MBR104397,2026-06-15,INSTITUTIONAL,,3862.89,PAID
CLM0003494,MBR101715,2026-07-03,PHARMACY,J45.909,1768.14,PAID
CLM0003495,MBR103854,2026-05-05,PROFESSIONAL,S82.401A,1597.67,PAID
CLM0003496,MBR105499,2026-01-15,DENTAL,J45.909,1213.32,PENDED
CLM0003497,MBR100164,2026-02-10,DENTAL,J06.9,1601.57,PAID
CLM0003498,MBR104416,2026-04-20,PHARMACY,F41.1,2731.80,PENDED
CLM0003499,MBR101525,2026-01-24,PROFESSIONAL,Z00.00,2719.69,PAID
CLM0003500,MBR101477,2026-04-30,PHARMACY,E11.9,205.65,PAID
CLM0003501,MBR108358,2026-06-16,INSTITUTIONAL,N39.0,4055.01,PAID
CLM0003502,MBR100540,2026-05-06,INSTITUTIONAL,N39.0,2431.80,DENIED
CLM0003503,MBR108166,2026-03-08,INSTITUTIONAL,I10,2398.22,PENDED
CLM0003504,MBR108470,2026-04-30,PHARMACY,N39.0,677.48,PENDED
CLM0003505,MBR106240,2026-02-13,PROFESSIONAL,E78.5,1184.03,DENIED
CLM0003506,MBR105624,2026-07-09,PHARMACY,E11.9,3455.09,PAID
CLM0003507,MBR105383,2026-02-03,PHARMACY,J06.9,3328.26,PAID
CLM0003508,MBR105337,2026-06-02,DENTAL,Z00.00,4688.53,PAID
CLM0003509,MBR109372,2026-02-08,PROFESSIONAL,F41.1,4469.78,PAID
CLM0003510,MBR107244,2026-07-27,PROFESSIONAL,M54.5,4058.98,DENIED
CLM0003511,MBR105765,2026-02-11,DENTAL,I10,3330.00,PAID
CLM0003512,MBR104124,2026-07-12,DENTAL,E11.9,1492.30,PAID
CLM0003513,MBR109560,2026-04-13,DENTAL,R51.9,2226.46,DENIED
CLM0003514,MBR106795,2026-07-31,INSTITUTIONAL,R51.9,3362.76,PAID
CLM0003515,MBR106738,2026-03-04,PROFESSIONAL,R51.9,1580.76,PAID
CLM0003516,MBR109285,2026-01-31,INSTITUTIONAL,S82.401A,1783.25,PENDED
CLM0003517,MBR101716,2026-06-26,PROFESSIONAL,E11.9,2208.68,PAID
CLM0003518,MBR102291,2026-08-04,PROFESSIONAL,E11.9,4893.65,PAID
CLM0003519,MBR106413,2026-06-22,PROFESSIONAL,J06.9,3638.30,PAID
CLM0003520,MBR100501,2026-03-07,PROFESSIONAL,E78.5,2500.28,PAID
CLM0003521,MBR105808,2026-03-10,PHARMACY,K21.9,1827.43,PAID
CLM0003522,MBR109831,2026-07-15,PROFESSIONAL,I10,3424.31,PAID
CLM0003523,MBR103102,2026-08-18,INSTITUTIONAL,R51.9,3072.32,PAID
CLM0003524,MBR101624,2026-01-24,DENTAL,E78.5,,PAID
CLM0003525,MBR103074,2026-03-01,INSTITUTIONAL,M54.5,2766.65,PENDED
CLM0003526,MBR109858,2026-04-19,INSTITUTIONAL,N39.0,1805.81,PENDED
CLM0003527,MBR105853,2026-01-06,INSTITUTIONAL,I10,3895.39,PAID
CLM0003528,MBR108581,2026-01-19,INSTITUTIONAL,M54.5,2405.98,PENDED
CLM0003529,MBR104084,2026-04-23,DENTAL,E78.5,983.62,PENDED
CLM0003530,MBR104235,2026-08-16,INSTITUTIONAL,Z00.00,4428.00,PAID
CLM0003531,MBR102084,2026-01-21,INSTITUTIONAL,E11.9,1261.95,PENDED
CLM0003532,MBR107597,2026-08-21,PHARMACY,Z00.00,1490.21,PENDED
CLM0003533,MBR108442,2026-01-20,INSTITUTIONAL,M54.5,3578.87,PAID
CLM0003534,MBR101845,2026-05-13,PHARMACY,N39.0,2617.53,PAID
CLM0003535,MBR103950,2026-05-26,INSTITUTIONAL,R51.9,4602.16,PAID
CLM0003536,MBR104285,2026-03-09,INSTITUTIONAL,J45.909,179.89,DENIED
CLM0003537,MBR107765,2026-04-24,PROFESSIONAL,E11.9,4906.94,PENDED
CLM0003538,MBR104582,2026-03-13,DENTAL,N39.0,2738.41,PAID
CLM0003539,MBR100311,2026-03-05,DENTAL,K21.9,4987.12,PAID
CLM0003540,MBR105277,2026-05-21,DENTAL,S82.401A,865.39,PENDED
CLM0003541,MBR106739,2026-06-10,PROFESSIONAL,R51.9,224.52,PAID
CLM0003542,MBR100763,2026-05-04,PROFESSIONAL,J06.9,784.92,PAID
CLM0003543,MBR105198,2026-05-09,PHARMACY,I10,599.25,PENDED
CLM0003544,MBR105404,2026-03-03,PROFESSIONAL,M54.5,1125.83,PAID
CLM0003545,MBR101561,2026-03-10,PHARMACY,I10,4924.74,PAID
CLM0003546,MBR107199,2026-02-22,INSTITUTIONAL,S82.401A,3470.94,PAID
CLM0003547,MBR106571,2026-02-06,PHARMACY,R51.9,1415.16,PAID
CLM0003548,MBR107342,2026-07-07,INSTITUTIONAL,E11.9,3438.54,DENIED
CLM0003549,MBR102359,2026-03-08,DENTAL,Z00.00,1589.30,DENIED
CLM0003550,MBR100127,2026-03-08,PROFESSIONAL,E11.9,3177.51,PAID
CLM0003551,MBR104412,2026-05-16,PROFESSIONAL,,2720.96,PAID
CLM0003552,MBR100676,2026-05-12,PROFESSIONAL,Z00.00,1076.06,PENDED
CLM0003553,MBR104841,2026-05-12,PROFESSIONAL,N39.0,1244.32,PAID
CLM0003554,MBR106153,2026-06-13,INSTITUTIONAL,R51.9,2164.46,PAID
CLM0003555,MBR104890,2026-06-04,INSTITUTIONAL,M54.5,1680.66,PAID
CLM0003556,MBR101022,2026-07-29,INSTITUTIONAL,E78.5,1261.49,PAID
CLM0003557,MBR106382,2026-02-14,PROFESSIONAL,M54.5,1591.18,PAID
CLM0003558,MBR105671,2026-02-12,PROFESSIONAL,Z00.00,610.19,PAID
CLM0003559,MBR102326,2026-06-10,PROFESSIONAL,J45.909,3155.03,PAID
CLM0003560,MBR106381,2026-03-02,PROFESSIONAL,M54.5,372.77,DENIED
CLM0003561,MBR108964,2026-02-28,PHARMACY,N39.0,2675.64,PAID
CLM0003562,MBR100082,2026-04-27,PROFESSIONAL,E11.9,4318.33,PAID
CLM0003563,MBR103214,2026-01-14,PROFESSIONAL,J06.9,154.36,PAID
CLM0003564,MBR100403,2026-08-24,INSTITUTIONAL,N39.0,4164.12,PAID
CLM0003565,MBR103396,2026-07-15,PROFESSIONAL,M54.5,2236.81,PAID
CLM0003566,MBR105058,2026-03-12,INSTITUTIONAL,I10,640.84,PAID
CLM0003567,MBR104505,2026-01-26,DENTAL,J06.9,4537.87,PAID
CLM0003568,MBR106098,2026-06-30,DENTAL,J45.909,3144.29,PAID
CLM0003569,MBR109079,2026-04-22,PHARMACY,F41.1,3364.11,PAID
CLM0003570,MBR107465,2026-08-24,INSTITUTIONAL,E78.5,3160.03,PAID
CLM0003571,MBR104190,2026-03-16,INSTITUTIONAL,S82.401A,1562.89,PAID
CLM0003572,MBR104174,2026-07-01,DENTAL,E78.5,2177.45,PAID
CLM0003573,MBR103328,2026-06-24,PHARMACY,,4639.06,PAID
CLM0003574,MBR109240,2026-02-19,DENTAL,S82.401A,4712.84,DENIED
CLM0003575,MBR109734,2026-06-06,DENTAL,Z00.00,4115.72,PAID
CLM0003576,MBR100643,2026-04-09,PROFESSIONAL,M54.5,324.63,PAID
CLM0003577,MBR109149,2026-08-20,PHARMACY,R51.9,1489.08,PAID
CLM0003578,MBR102322,2026-01-16,PROFESSIONAL,I10,1835.38,PENDED
CLM0003579,MBR107238,2026-01-15,INSTITUTIONAL,R51.9,221.10,DENIED
CLM0003580,MBR104679,2026-02-08,PHARMACY,E78.5,1181.53,PAID
CLM0003581,MBR106989,2026-07-11,PHARMACY,S82.401A,,PAID
CLM0003582,MBR100815,2026-06-04,DENTAL,I10,1954.66,PAID
CLM0003583,MBR102234,2026-06-27,INSTITUTIONAL,E78.5,1883.52,PAID
CLM0003584,MBR104767,2026-06-10,PHARMACY,F41.1,4229.23,PENDED
CLM0003585,MBR102849,2026-05-11,DENTAL,K21.9,1451.46,PAID
CLM0003586,MBR108984,2026-03-18,PHARMACY,E11.9,3768.44,DENIED
CLM0003587,MBR104083,2026-07-10,PHARMACY,R51.9,1896.93,PAID
CLM0003588,MBR102387,2026-06-10,DENTAL,J06.9,4122.29,PENDED
CLM0003589,MBR108401,2026-08-07,PROFESSIONAL,E78.5,3614.12,PAID
CLM0003590,MBR100841,2026-07-11,DENTAL,R51.9,3784.19,PAID
CLM0003591,MBR100354,2026-07-21,PHARMACY,J45.909,1234.17,PAID
CLM0003592,MBR104645,2026-03-05,PHARMACY,,4672.93,PAID
CLM0003593,MBR105750,2026-07-04,PHARMACY,F41.1,221.81,DENIED
CLM0003594,MBR103373,2026-07-04,PHARMACY,S82.401A,4961.63,PAID
CLM0003595,MBR102119,2026-06-04,INSTITUTIONAL,R51.9,3780.87,PAID
CLM0003596,MBR107092,2026-03-10,DENTAL,R51.9,2984.63,DENIED
CLM0003597,MBR107104,2026-08-05,PHARMACY,S82.401A,956.96,PENDED
CLM0003598,MBR105363,2026-08-26,PHARMACY,E11.9,2129.35,PAID
CLM0003599,MBR101288,2026-07-22,PHARMACY,J45.909,3846.49,PENDED
CLM0003600,MBR100371,2026-02-06,PROFESSIONAL,N39.0,2315.31,PAID
CLM0003601,MBR100910,2026-02-18,DENTAL,N39.0,1193.33,PAID
CLM0003602,MBR103360,2026-06-22,INSTITUTIONAL,J06.9,4945.66,PAID
CLM0003603,MBR107934,2026-04-28,DENTAL,K21.9,3154.18,PAID
CLM0003604,MBR106307,2026-08-23,PHARMACY,N39.0,2667.61,PENDED
CLM0003605,MBR106957,2026-01-20,PHARMACY,F41.1,1118.97,PAID
CLM0003606,MBR101177,2026-03-26,PROFESSIONAL,I10,2583.50,DENIED
CLM0003607,MBR107698,2026-06-19,PHARMACY,N39.0,1936.44,DENIED
CLM0003608,MBR102859,2026-05-28,PROFESSIONAL,K21.9,382.91,PAID
CLM0003609,MBR105925,2026-05-12,PROFESSIONAL,E11.9,1118.56,PAID
CLM0003610,MBR108436,2026-02-05,PROFESSIONAL,E78.5,3140.85,PENDED
CLM0003611,MBR107602,2026-05-05,DENTAL,S82.401A,3184.20,PAID
CLM0003612,MBR104370,2026-04-11,PROFESSIONAL,S82.401A,3063.35,PENDED
CLM0003613,MBR107917,2026-08-06,PHARMACY,F41.1,4360.94,PAID
CLM0003614,MBR100298,2026-01-22,DENTAL,M54.5,3302.62,PAID
CLM0003615,MBR100342,2026-08-30,DENTAL,K21.9,720.82,DENIED
CLM0003616,MBR104976,2026-01-16,PHARMACY,E78.5,3745.07,PAID
CLM0003617,MBR108597,2026-01-22,DENTAL,S82.401A,1637.23,PAID
CLM0003618,MBR105535,2026-01-12,PROFESSIONAL,R51.9,2111.92,PAID
CLM0003619,MBR106058,2026-03-10,INSTITUTIONAL,K21.9,2876.51,PENDED
CLM0003620,MBR106741,2026-06-04,PHARMACY,K21.9,3989.63,PENDED
CLM0003621,MBR101974,2026-04-17,DENTAL,J06.9,1649.39,PAID
CLM0003622,MBR106543,2026-02-04,DENTAL,Z00.00,1884.88,PAID
CLM0003623,MBR106514,2026-04-10,PHARMACY,K21.9,2250.63,PAID
CLM0003624,MBR107927,2026-08-27,PROFESSIONAL,S82.401A,741.73,PAID
CLM0003625,MBR103965,2026-06-13,PROFESSIONAL,K21.9,2596.00,DENIED
CLM0003626,MBR105478,2026-01-15,PROFESSIONAL,Z00.00,613.45,PAID
CLM0003627,MBR104232,2026-08-22,INSTITUTIONAL,S82.401A,2302.44,PAID
CLM0003628,MBR106487,2026-05-26,PROFESSIONAL,R51.9,2479.85,PAID
CLM0003629,MBR108605,2026-02-26,PHARMACY,F41.1,3320.62,DENIED
CLM0003630,MBR107984,2026-06-05,INSTITUTIONAL,S82.401A,3482.14,PENDED
CLM0003631,MBR106802,2026-02-07,DENTAL,F41.1,4291.18,PAID
CLM0003632,MBR107457,2026-05-31,PHARMACY,,1961.07,PENDED
CLM0003633,MBR108955,2026-02-11,PROFESSIONAL,E78.5,4163.28,PAID
CLM0003634,MBR106177,2026-07-01,DENTAL,R51.9,4204.21,DENIED
CLM0003635,MBR107935,2026-06-27,PHARMACY,J06.9,1590.06,PAID
CLM0003636,MBR106414,2026-08-05,PROFESSIONAL,I10,549.37,PAID
CLM0003637,MBR104268,2026-05-17,DENTAL,J45.909,1704.70,PAID
CLM0003638,MBR100117,2026-01-29,INSTITUTIONAL,Z00.00,2221.79,PAID
CLM0003639,MBR109529,2026-04-16,PROFESSIONAL,F41.1,4312.76,PAID
CLM0003640,MBR106875,2026-04-06,PROFESSIONAL,E11.9,2187.12,PAID
CLM0003641,MBR107166,2026-01-09,PROFESSIONAL,I10,684.83,PAID
CLM0003642,MBR108558,2026-06-25,PHARMACY,E78.5,810.96,PAID
CLM0003643,MBR106234,2026-06-28,DENTAL,R51.9,3449.34,PAID
CLM0003644,MBR100428,2026-08-10,PROFESSIONAL,M54.5,3527.00,PENDED
CLM0003645,MBR108354,2026-07-19,PROFESSIONAL,K21.9,3737.52,PAID
CLM0003646,MBR107383,2026-02-27,INSTITUTIONAL,M54.5,2407.51,PAID
CLM0003647,MBR106961,2026-08-28,INSTITUTIONAL,F41.1,2792.08,DENIED
CLM0003648,MBR109106,2026-04-21,PROFESSIONAL,Z00.00,4692.28,DENIED
CLM0003649,MBR108256,2026-08-23,PHARMACY,F41.1,407.95,PAID
CLM0003650,MBR108016,2026-05-15,INSTITUTIONAL,F41.1,4274.15,PAID
CLM0003651,MBR108618,2026-08-01,PHARMACY,Z00.00,1660.97,PAID
CLM0003652,MBR101820,2026-06-04,INSTITUTIONAL,I10,192.99,DENIED
CLM0003653,MBR109138,2026-07-13,DENTAL,,2569.38,PAID
CLM0003654,MBR108853,2026-02-23,DENTAL,,1286.62,PENDED
CLM0003655,MBR107049,2026-03-09,PROFESSIONAL,R51.9,1108.53,PAID
CLM0003656,MBR100031,2026-03-01,DENTAL,E78.5,3304.41,PAID
CLM0003657,MBR102488,2026-07-02,DENTAL,R51.9,1448.89,DENIED
CLM0003658,MBR109554,2026-01-19,INSTITUTIONAL,J06.9,4888.63,PAID
CLM0003659,MBR100851,2026-03-18,DENTAL,J45.909,1721.22,PAID
CLM0003660,MBR106296,2026-04-15,INSTITUTIONAL,N39.0,,PAID
CLM0003661,MBR106729,2026-07-17,INSTITUTIONAL,E11.9,1188.04,PENDED
CLM0003662,MBR106161,2026-03-14,PROFESSIONAL,J06.9,749.41,DENIED
CLM0003663,MBR101060,2026-06-11,PHARMACY,K21.9,4852.84,PAID
CLM0003664,MBR102861,2026-06-08,INSTITUTIONAL,J06.9,1581.90,PAID
CLM0003665,MBR105918,2026-02-22,PROFESSIONAL,J45.909,3440.02,PENDED
CLM0003666,MBR107774,2026-03-11,PROFESSIONAL,I10,1693.46,PAID
CLM0003667,MBR101252,2026-04-05,INSTITUTIONAL,F41.1,3761.62,PAID
CLM0003668,MBR103969,2026-06-29,PROFESSIONAL,M54.5,1821.26,PENDED
CLM0003669,MBR106361,2026-07-05,INSTITUTIONAL,J45.909,3612.72,PAID
CLM0003670,MBR104807,2026-04-03,PROFESSIONAL,R51.9,881.60,PAID
CLM0003671,MBR108975,2026-05-28,DENTAL,E11.9,1675.62,PAID
CLM0003672,MBR106016,2026-08-11,INSTITUTIONAL,K21.9,4497.51,PAID
CLM0003673,MBR108036,2026-03-20,PHARMACY,F41.1,4341.02,PAID
CLM0003674,MBR107861,2026-06-10,PROFESSIONAL,Z00.00,1993.08,PAID
CLM0003675,MBR109088,2026-06-27,PHARMACY,F41.1,,DENIED
CLM0003676,MBR104639,2026-03-30,INSTITUTIONAL,S82.401A,718.69,PENDED
CLM0003677,MBR106000,2026-07-10,DENTAL,F41.1,1021.03,PAID
CLM0003678,MBR101670,2026-05-04,PROFESSIONAL,S82.401A,2387.43,DENIED
CLM0003679,MBR106745,2026-06-10,INSTITUTIONAL,E11.9,3916.43,PAID
CLM0003680,MBR103840,2026-02-18,INSTITUTIONAL,E11.9,4965.55,PAID
CLM0003681,MBR104673,2026-02-08,INSTITUTIONAL,R51.9,4019.35,PAID
CLM0003682,MBR102449,2026-08-09,DENTAL,E11.9,2743.55,DENIED
CLM0003683,MBR105386,2026-07-28,PROFESSIONAL,M54.5,2459.87,PAID
CLM0003684,MBR101098,2026-02-13,PHARMACY,Z00.00,692.76,PAID
CLM0003685,MBR103864,2026-08-09,PROFESSIONAL,S82.401A,3444.92,DENIED
CLM0003686,MBR104660,2026-04-15,PROFESSIONAL,K21.9,297.17,PAID
CLM0003687,MBR103863,2026-08-01,DENTAL,K21.9,4006.76,DENIED
CLM0003688,MBR106132,2026-05-08,PROFESSIONAL,I10,4965.03,PENDED
CLM0003689,MBR106274,2026-05-23,PHARMACY,S82.401A,4153.64,PAID
CLM0003690,MBR101150,2026-01-23,INSTITUTIONAL,J06.9,4423.46,PAID
CLM0003691,MBR107568,2026-01-26,INSTITUTIONAL,Z00.00,3070.80,PAID
CLM0003692,MBR104501,2026-05-19,PHARMACY,E78.5,1601.83,PENDED
CLM0003693,MBR106970,2026-01-16,PROFESSIONAL,K21.9,65.58,PAID
CLM0003694,MBR105405,2026-03-12,PROFESSIONAL,E78.5,2049.51,PAID
CLM0003695,MBR102625,2026-05-18,PROFESSIONAL,J45.909,4446.98,PAID
CLM0003696,MBR105262,2026-04-20,INSTITUTIONAL,M54.5,4909.13,PAID
CLM0003697,MBR106341,2026-05-13,DENTAL,Z00.00,2193.99,PAID
CLM0003698,MBR109011,2026-01-18,PHARMACY,I10,2094.27,DENIED
CLM0003699,MBR109666,2026-05-23,INSTITUTIONAL,E78.5,4154.23,PAID
CLM0003700,MBR106710,2026-06-25,PHARMACY,Z00.00,770.44,PAID
CLM0003701,MBR109549,2026-01-15,PHARMACY,R51.9,4932.33,PAID
CLM0003702,MBR100437,2026-02-03,INSTITUTIONAL,E78.5,3904.81,PAID
CLM0003703,MBR107592,2026-03-27,PROFESSIONAL,J06.9,4959.11,PENDED
CLM0003704,MBR106620,2026-07-19,PROFESSIONAL,I10,1939.17,PENDED
CLM0003705,MBR100270,2026-06-11,PROFESSIONAL,E11.9,1317.33,PAID
CLM0003706,MBR103573,2026-07-05,PHARMACY,M54.5,2262.28,DENIED
CLM0003707,MBR108394,2026-05-21,PROFESSIONAL,N39.0,4896.08,PAID
CLM0003708,MBR100452,2026-03-08,PROFESSIONAL,E11.9,4528.64,PAID
CLM0003709,MBR106888,2026-08-12,PROFESSIONAL,I10,1336.65,PAID
CLM0003710,MBR104713,2026-07-07,PHARMACY,N39.0,4950.70,DENIED
CLM0003711,MBR106933,2026-03-23,PHARMACY,E11.9,672.98,PAID
CLM0003712,MBR103358,2026-01-16,DENTAL,E11.9,3864.17,DENIED
CLM0003713,MBR104336,2026-06-10,INSTITUTIONAL,I10,1996.07,PAID
CLM0003714,MBR106218,2026-06-10,INSTITUTIONAL,Z00.00,610.06,PAID
CLM0003715,MBR107545,2026-07-08,PROFESSIONAL,Z00.00,443.91,PAID
CLM0003716,MBR100211,2026-07-06,PHARMACY,R51.9,342.66,PAID
CLM0003717,MBR103873,2026-04-22,PROFESSIONAL,N39.0,1258.23,PAID
CLM0003718,MBR106969,2026-08-28,INSTITUTIONAL,J06.9,2437.56,PAID
CLM0003719,MBR109868,2026-02-18,PROFESSIONAL,E11.9,3394.79,PAID
CLM0003720,MBR102909,2026-05-19,INSTITUTIONAL,S82.401A,1757.61,PAID
CLM0003721,MBR104258,2026-04-18,PHARMACY,I10,,PAID
CLM0003722,MBR103483,2026-08-14,PROFESSIONAL,E78.5,285.97,PAID
CLM0003723,MBR102855,2026-06-30,DENTAL,,2516.12,PENDED
CLM0003724,MBR108268,2026-02-15,INSTITUTIONAL,F41.1,,PAID
CLM0003725,MBR108141,2026-05-31,PHARMACY,E78.5,1155.24,PAID
CLM0003726,MBR106346,2026-05-09,PHARMACY,Z00.00,622.34,PAID
CLM0003727,MBR108861,2026-04-22,PHARMACY,I10,4970.79,DENIED
CLM0003728,MBR107993,2026-04-15,PROFESSIONAL,Z00.00,3670.76,PAID
CLM0003729,MBR106890,2026-01-19,DENTAL,N39.0,1479.90,DENIED
CLM0003730,MBR104310,2026-03-03,PROFESSIONAL,S82.401A,583.17,PAID
CLM0003731,MBR102413,2026-01-02,PHARMACY,J06.9,2348.96,PAID
CLM0003732,MBR102020,2026-06-24,PROFESSIONAL,J06.9,1105.11,PAID
CLM0003733,MBR105334,2026-08-22,PROFESSIONAL,M54.5,4605.38,PAID
CLM0003734,MBR109521,2026-07-21,PHARMACY,Z00.00,1584.52,PAID
CLM0003735,MBR107011,2026-07-09,PHARMACY,E78.5,1761.48,PAID
CLM0003736,MBR108377,2026-06-25,PROFESSIONAL,I10,3809.43,PAID
CLM0003737,MBR109444,2026-01-08,INSTITUTIONAL,K21.9,4582.01,PAID
CLM0003738,MBR108580,2026-06-10,DENTAL,Z00.00,4773.64,PENDED
CLM0003739,MBR107455,2026-01-22,PROFESSIONAL,N39.0,3678.94,PENDED
CLM0003740,MBR104750,2026-05-20,PHARMACY,Z00.00,4612.09,PENDED
CLM0003741,MBR103080,2026-02-26,PROFESSIONAL,E78.5,4991.26,PENDED
CLM0003742,MBR109069,2026-06-27,INSTITUTIONAL,J45.909,2000.24,PENDED
CLM0003743,MBR101428,2026-04-27,DENTAL,Z00.00,4269.15,PAID
CLM0003744,MBR109732,2026-04-03,PHARMACY,E78.5,3866.98,PAID
CLM0003745,MBR100112,2026-02-24,INSTITUTIONAL,R51.9,2029.72,DENIED
CLM0003746,MBR103551,2026-06-16,DENTAL,K21.9,1342.10,PAID
CLM0003747,MBR105837,2026-03-01,DENTAL,M54.5,4209.67,PAID
CLM0003748,MBR103641,2026-01-18,PHARMACY,J06.9,3135.17,PAID
CLM0003749,MBR107810,2026-07-23,INSTITUTIONAL,E78.5,3887.25,PAID
CLM0003750,MBR100273,2026-02-10,INSTITUTIONAL,S82.401A,4884.24,PAID
CLM0003751,MBR102900,2026-07-29,INSTITUTIONAL,E11.9,1263.32,PAID
CLM0003752,MBR106212,2026-04-05,PROFESSIONAL,,3453.10,PAID
CLM0003753,MBR106699,2026-06-04,PROFESSIONAL,N39.0,4957.67,PAID
CLM0003754,MBR101543,2026-01-12,INSTITUTIONAL,E78.5,3137.04,PAID
CLM0003755,MBR101577,2026-04-27,INSTITUTIONAL,S82.401A,476.11,PAID
CLM0003756,MBR102251,2026-03-31,PROFESSIONAL,Z00.00,788.51,PENDED
CLM0003757,MBR103853,2026-04-14,DENTAL,Z00.00,4804.21,PENDED
CLM0003758,MBR100499,2026-06-22,PROFESSIONAL,S82.401A,2130.28,PAID
CLM0003759,MBR106761,2026-03-06,INSTITUTIONAL,J45.909,719.72,PAID
CLM0003760,MBR103054,2026-03-10,PROFESSIONAL,J06.9,3684.88,PAID
CLM0003761,MBR102428,2026-07-19,PHARMACY,J06.9,476.41,PAID
CLM0003762,MBR107909,2026-07-10,INSTITUTIONAL,S82.401A,3647.52,PAID
CLM0003763,MBR105627,2026-08-18,PHARMACY,J06.9,2027.59,PAID
CLM0003764,MBR107060,2026-08-17,PHARMACY,J06.9,1680.41,PAID
CLM0003765,MBR100798,2026-03-06,PHARMACY,J06.9,147.17,PAID
CLM0003766,MBR100196,2026-03-28,PROFESSIONAL,R51.9,4399.08,PAID
CLM0003767,MBR108146,2026-06-13,PHARMACY,E78.5,1634.37,PAID
CLM0003768,MBR104637,2026-07-31,INSTITUTIONAL,I10,3874.73,DENIED
CLM0003769,MBR103434,2026-03-25,PHARMACY,N39.0,187.82,PENDED
CLM0003770,MBR105368,2026-06-06,DENTAL,J06.9,1087.99,PENDED
CLM0003771,MBR106045,2026-06-28,PHARMACY,,1921.35,PAID
CLM0003772,MBR107214,2026-06-05,INSTITUTIONAL,N39.0,4190.55,PAID
CLM0003773,MBR109734,2026-01-11,DENTAL,J45.909,2291.92,DENIED
CLM0003774,MBR102761,2026-02-05,PHARMACY,I10,1333.78,PAID
CLM0003775,MBR103270,2026-06-10,PHARMACY,R51.9,366.07,DENIED
CLM0003776,MBR109468,2026-06-11,PROFESSIONAL,J06.9,4366.06,PAID
CLM0003777,MBR106270,2026-02-26,INSTITUTIONAL,E11.9,798.27,DENIED
CLM0003778,MBR104514,2026-02-18,INSTITUTIONAL,E78.5,3020.41,PENDED
CLM0003779,MBR107880,2026-06-12,DENTAL,N39.0,3329.41,PAID
CLM0003780,MBR105776,2026-03-14,DENTAL,J45.909,1167.77,PAID
CLM0003781,MBR107634,2026-07-20,PROFESSIONAL,I10,841.70,PAID
CLM0003782,MBR101086,2026-07-26,DENTAL,S82.401A,4653.94,PAID
CLM0003783,MBR102581,2026-05-07,PROFESSIONAL,K21.9,4311.54,PAID
CLM0003784,MBR107813,2026-08-17,INSTITUTIONAL,R51.9,2038.48,PAID
CLM0003785,MBR100215,2026-03-12,PHARMACY,S82.401A,2535.27,PAID
CLM0003786,MBR104992,2026-06-03,DENTAL,Z00.00,365.20,DENIED
CLM0003787,MBR109938,2026-06-02,DENTAL,N39.0,159.05,DENIED
CLM0003788,MBR109946,2026-05-07,INSTITUTIONAL,F41.1,873.01,PAID
CLM0003789,MBR108603,2026-07-16,PROFESSIONAL,M54.5,3592.78,PAID
CLM0003790,MBR103770,2026-03-10,PROFESSIONAL,K21.9,4621.07,DENIED
CLM0003791,MBR100605,2026-08-17,PROFESSIONAL,R51.9,2409.43,PAID
CLM0003792,MBR106769,2026-06-07,DENTAL,E78.5,2189.04,PAID
CLM0003793,MBR102184,2026-01-10,PROFESSIONAL,Z00.00,1930.99,DENIED
CLM0003794,MBR100455,2026-03-04,PHARMACY,R51.9,4288.51,PENDED
CLM0003795,MBR100339,2026-01-05,INSTITUTIONAL,F41.1,2136.51,PAID
CLM0003796,MBR102496,2026-06-20,PHARMACY,J45.909,4270.79,PAID
CLM0003797,MBR100527,2026-04-28,DENTAL,F41.1,4267.37,PAID
CLM0003798,MBR102546,2026-04-13,PROFESSIONAL,E11.9,1557.23,PAID
CLM0003799,MBR106796,2026-01-28,INSTITUTIONAL,E11.9,1150.74,PAID
CLM0003800,MBR101380,2026-06-06,DENTAL,E11.9,104.60,PAID
CLM0003801,MBR107138,2026-03-12,INSTITUTIONAL,N39.0,537.08,PAID
CLM0003802,MBR107357,2026-06-05,PROFESSIONAL,N39.0,1332.86,DENIED
CLM0003803,MBR109480,2026-08-23,DENTAL,K21.9,4104.39,PENDED
CLM0003804,MBR100232,2026-01-10,PROFESSIONAL,E11.9,2857.41,PAID
CLM0003805,MBR102927,2026-05-23,PROFESSIONAL,I10,3933.02,PAID
CLM0003806,MBR101355,2026-03-24,DENTAL,J45.909,420.13,PAID
CLM0003807,MBR100980,2026-06-25,INSTITUTIONAL,I10,4422.42,PAID
CLM0003808,MBR109104,2026-07-06,PROFESSIONAL,Z00.00,524.68,PAID
CLM0003809,MBR108265,2026-08-17,DENTAL,M54.5,3100.57,PAID
CLM0003810,MBR107691,2026-03-02,PHARMACY,,2499.22,PAID
CLM0003811,MBR101753,2026-03-28,PHARMACY,N39.0,2246.83,PAID
CLM0003812,MBR102336,2026-02-16,INSTITUTIONAL,F41.1,2658.11,DENIED
CLM0003813,MBR102232,2026-01-05,DENTAL,I10,3580.25,PAID
CLM0003814,MBR106324,2026-05-16,PHARMACY,K21.9,3097.74,DENIED
CLM0003815,MBR106094,2026-07-25,DENTAL,K21.9,1515.86,PAID
CLM0003816,MBR105452,2026-05-26,PHARMACY,E11.9,3435.27,PAID
CLM0003817,MBR104236,2026-06-21,PROFESSIONAL,E78.5,1802.12,PAID
CLM0003818,MBR102275,2026-08-17,DENTAL,I10,4713.16,DENIED
CLM0003819,MBR106262,2026-02-02,INSTITUTIONAL,N39.0,3823.37,PENDED
CLM0003820,MBR104485,2026-08-26,INSTITUTIONAL,E78.5,4763.50,PAID
CLM0003821,MBR103792,2026-06-02,DENTAL,N39.0,1134.29,PAID
CLM0003822,MBR100399,2026-04-23,PROFESSIONAL,S82.401A,,DENIED
CLM0003823,MBR101324,2026-05-19,DENTAL,E11.9,806.17,PAID
CLM0003824,MBR102490,2026-02-23,PHARMACY,S82.401A,1837.36,DENIED
CLM0003825,MBR100086,2026-07-25,PROFESSIONAL,R51.9,2253.40,PAID
CLM0003826,MBR102308,2026-08-23,PROFESSIONAL,E78.5,3311.31,PAID
CLM0003827,MBR104957,2026-03-13,INSTITUTIONAL,S82.401A,2235.46,PAID
CLM0003828,MBR108535,2026-04-04,DENTAL,J45.909,53.75,PENDED
CLM0003829,MBR100658,2026-03-26,PHARMACY,Z00.00,2514.77,PAID
CLM0003830,MBR103636,2026-07-10,DENTAL,K21.9,4475.98,DENIED
CLM0003831,MBR100643,2026-02-09,PROFESSIONAL,S82.401A,342.24,PENDED
CLM0003832,MBR109065,2026-04-05,DENTAL,F41.1,2765.96,DENIED
CLM0003833,MBR103755,2026-07-18,PROFESSIONAL,N39.0,773.06,PAID
CLM0003834,MBR109159,2026-08-09,PHARMACY,,708.64,PAID
CLM0003835,MBR101775,2026-02-27,PROFESSIONAL,Z00.00,814.34,PAID
CLM0003836,MBR107402,2026-05-29,PROFESSIONAL,K21.9,2929.40,PENDED
CLM0003837,MBR107774,2026-03-11,INSTITUTIONAL,N39.0,1482.91,PENDED
CLM0003838,MBR109302,2026-07-17,DENTAL,K21.9,1815.45,PAID
CLM0003839,MBR102013,2026-01-09,INSTITUTIONAL,K21.9,1144.67,PAID
CLM0003840,MBR103090,2026-05-06,PHARMACY,Z00.00,2958.77,PAID
CLM0003841,MBR102841,2026-03-30,PROFESSIONAL,E78.5,,DENIED
CLM0003842,MBR102605,2026-06-27,INSTITUTIONAL,J06.9,2258.37,PAID
CLM0003843,MBR108385,2026-07-10,INSTITUTIONAL,E11.9,,PENDED
CLM0003844,MBR108628,2026-08-12,PHARMACY,K21.9,4950.56,PAID
CLM0003845,MBR107007,2026-08-02,PROFESSIONAL,Z00.00,3422.74,PAID
CLM0003846,MBR101248,2026-05-11,DENTAL,S82.401A,3926.38,PAID
CLM0003847,MBR100475,2026-01-23,INSTITUTIONAL,R51.9,3169.59,PAID
CLM0003848,MBR106464,2026-07-04,INSTITUTIONAL,M54.5,4808.91,DENIED
CLM0003849,MBR101147,2026-04-07,DENTAL,S82.401A,68.48,PAID
CLM0003850,MBR100615,2026-06-03,INSTITUTIONAL,J06.9,4440.98,PENDED
CLM0003851,MBR102833,2026-06-20,DENTAL,F41.1,2443.68,PAID
CLM0003852,MBR101154,2026-08-02,INSTITUTIONAL,Z00.00,2357.75,PAID
CLM0003853,MBR101119,2026-01-14,PROFESSIONAL,J45.909,3145.25,PAID
CLM0003854,MBR104576,2026-08-14,DENTAL,J06.9,3496.75,PAID
CLM0003855,MBR106750,2026-05-14,DENTAL,J06.9,650.21,PAID
CLM0003856,MBR100739,2026-01-29,DENTAL,N39.0,2123.00,DENIED
CLM0003857,MBR103110,2026-08-18,DENTAL,K21.9,2346.43,PAID
CLM0003858,MBR103485,2026-01-12,DENTAL,J45.909,1574.69,PAID
CLM0003859,MBR102525,2026-01-28,INSTITUTIONAL,J06.9,580.06,PAID
CLM0003860,MBR107409,2026-01-26,DENTAL,J06.9,2610.69,PAID
CLM0003861,MBR100514,2026-02-04,INSTITUTIONAL,J45.909,63.46,PAID
CLM0003862,MBR103373,2026-02-18,PROFESSIONAL,E11.9,576.69,PAID
CLM0003863,MBR105675,2026-02-10,PROFESSIONAL,,2413.26,PAID
CLM0003864,MBR103036,2026-05-07,PHARMACY,I10,2769.65,DENIED
CLM0003865,MBR101693,2026-02-10,PHARMACY,I10,316.32,PAID
CLM0003866,MBR108334,2026-03-02,INSTITUTIONAL,E78.5,451.99,DENIED
CLM0003867,MBR108226,2026-08-05,PROFESSIONAL,Z00.00,1973.07,PAID
CLM0003868,MBR100718,2026-06-13,INSTITUTIONAL,K21.9,2137.05,PENDED
CLM0003869,MBR104248,2026-08-30,PROFESSIONAL,K21.9,3249.25,PAID
CLM0003870,MBR109267,2026-05-27,PHARMACY,M54.5,542.84,PAID
CLM0003871,MBR105117,2026-01-24,DENTAL,I10,4658.40,PAID
CLM0003872,MBR102408,2026-04-18,INSTITUTIONAL,,3960.14,PAID
CLM0003873,MBR108302,2026-03-26,PROFESSIONAL,E11.9,1855.74,PAID
CLM0003874,MBR107211,2026-07-09,PROFESSIONAL,R51.9,3348.60,PAID
CLM0003875,MBR109135,2026-06-10,PROFESSIONAL,E11.9,2986.74,PAID
CLM0003876,MBR100169,2026-05-30,DENTAL,,4418.43,PENDED
CLM0003877,MBR107269,2026-07-05,PHARMACY,S82.401A,4306.19,PAID
CLM0003878,MBR109103,2026-05-19,PHARMACY,M54.5,2191.63,PAID
CLM0003879,MBR107516,2026-02-01,PHARMACY,M54.5,2782.23,PAID
CLM0003880,MBR106693,2026-03-10,INSTITUTIONAL,J45.909,3196.51,PAID
CLM0003881,MBR105101,2026-02-18,INSTITUTIONAL,K21.9,4596.13,PAID
CLM0003882,MBR101804,2026-03-12,INSTITUTIONAL,E78.5,2908.53,PAID
CLM0003883,MBR106817,2026-01-07,DENTAL,F41.1,1103.12,PAID
CLM0003884,MBR109282,2026-04-24,PROFESSIONAL,E78.5,992.16,PENDED
CLM0003885,MBR101839,2026-06-09,PROFESSIONAL,N39.0,3000.81,PAID
CLM0003886,MBR100083,2026-03-31,PHARMACY,S82.401A,2435.27,PAID
CLM0003887,MBR108155,2026-02-17,PROFESSIONAL,J45.909,742.93,PENDED
CLM0003888,MBR104723,2026-04-24,PHARMACY,J06.9,4257.77,PAID
CLM0003889,MBR103088,2026-05-22,INSTITUTIONAL,E78.5,3176.80,PENDED
CLM0003890,MBR104239,2026-01-16,PROFESSIONAL,R51.9,1750.48,PAID
CLM0003891,MBR109880,2026-05-24,DENTAL,R51.9,3260.10,PENDED
CLM0003892,MBR100486,2026-05-30,PROFESSIONAL,M54.5,1522.09,PENDED
CLM0003893,MBR100644,2026-01-31,INSTITUTIONAL,I10,4049.63,PAID
CLM0003894,MBR100317,2026-08-17,INSTITUTIONAL,I10,3007.96,PAID
CLM0003895,MBR105118,2026-07-30,PROFESSIONAL,R51.9,1790.75,DENIED
CLM0003896,MBR109334,2026-06-20,PHARMACY,S82.401A,2527.28,PAID
CLM0003897,MBR106871,2026-02-25,PHARMACY,I10,2608.24,PAID
CLM0003898,MBR103358,2026-03-20,PHARMACY,N39.0,,PAID
CLM0003899,MBR104824,2026-01-06,INSTITUTIONAL,J06.9,2643.13,PENDED
CLM0003900,MBR104184,2026-04-04,PROFESSIONAL,M54.5,4641.87,PAID
CLM0003901,MBR102803,2026-01-02,PROFESSIONAL,K21.9,3315.25,PAID
CLM0003902,MBR105548,2026-01-12,INSTITUTIONAL,S82.401A,1295.97,DENIED
CLM0003903,MBR104243,2026-06-29,PHARMACY,Z00.00,,PAID
CLM0003904,MBR109732,2026-06-03,INSTITUTIONAL,M54.5,826.91,PAID
CLM0003905,MBR102738,2026-02-21,PROFESSIONAL,I10,4728.53,PAID
CLM0003906,MBR108524,2026-05-04,PROFESSIONAL,N39.0,4888.77,PAID
CLM0003907,MBR106380,2026-07-18,PROFESSIONAL,J45.909,3132.01,PAID
CLM0003908,MBR107000,2026-03-30,INSTITUTIONAL,J45.909,172.95,PAID
CLM0003909,MBR107914,2026-06-20,INSTITUTIONAL,S82.401A,1162.03,DENIED
CLM0003910,MBR106184,2026-02-03,INSTITUTIONAL,I10,1150.03,PAID
CLM0003911,MBR109949,2026-03-04,DENTAL,Z00.00,3944.88,PAID
CLM0003912,MBR107366,2026-04-21,PROFESSIONAL,F41.1,507.40,PAID
CLM0003913,MBR105539,2026-05-25,INSTITUTIONAL,S82.401A,4056.97,DENIED
CLM0003914,MBR101478,2026-03-12,PROFESSIONAL,F41.1,1543.83,PAID
CLM0003915,MBR104396,2026-07-10,PHARMACY,I10,3004.29,PAID
CLM0003916,MBR108905,2026-02-28,DENTAL,,1165.74,PENDED
CLM0003917,MBR104138,2026-01-14,DENTAL,E78.5,401.23,PAID
CLM0003918,MBR102380,2026-06-25,DENTAL,S82.401A,2359.71,DENIED
CLM0003919,MBR109987,2026-05-31,PROFESSIONAL,,3194.06,PENDED
CLM0003920,MBR105055,2026-02-02,PROFESSIONAL,J45.909,3239.72,PAID
CLM0003921,MBR106036,2026-06-27,PROFESSIONAL,N39.0,1932.92,PAID
CLM0003922,MBR103041,2026-05-02,PHARMACY,N39.0,3208.04,DENIED
CLM0003923,MBR100982,2026-04-11,DENTAL,E78.5,1424.18,PAID
CLM0003924,MBR105684,2026-08-11,PROFESSIONAL,Z00.00,3004.31,PAID
CLM0003925,MBR108268,2026-04-12,PROFESSIONAL,J45.909,1602.96,PAID
CLM0003926,MBR103340,2026-06-04,PROFESSIONAL,Z00.00,3038.97,DENIED
CLM0003927,MBR109953,2026-02-22,PHARMACY,J06.9,1018.97,DENIED
CLM0003928,MBR102213,2026-05-30,PROFESSIONAL,I10,1514.33,DENIED
CLM0003929,MBR108812,2026-06-26,PROFESSIONAL,J45.909,2895.59,PAID
CLM0003930,MBR108014,2026-08-11,PHARMACY,E11.9,972.55,DENIED
CLM0003931,MBR101951,2026-05-27,DENTAL,S82.401A,1170.94,PAID
CLM0003932,MBR108947,2026-03-27,INSTITUTIONAL,N39.0,3219.18,DENIED
CLM0003933,MBR106673,2026-02-21,PROFESSIONAL,E78.5,2629.64,DENIED
CLM0003934,MBR103007,2026-03-09,PROFESSIONAL,K21.9,593.00,DENIED
CLM0003935,MBR101913,2026-06-05,PHARMACY,M54.5,736.61,PAID
CLM0003936,MBR101263,2026-04-10,PHARMACY,Z00.00,1161.08,PENDED
CLM0003937,MBR109807,2026-06-08,PHARMACY,F41.1,1051.52,PENDED
CLM0003938,MBR105815,2026-02-06,PHARMACY,J06.9,2642.16,PAID
CLM0003939,MBR102642,2026-08-28,DENTAL,K21.9,2523.28,PAID
CLM0003940,MBR102396,2026-01-01,INSTITUTIONAL,N39.0,,PAID
CLM0003941,MBR101757,2026-04-13,INSTITUTIONAL,J06.9,3791.96,PAID
CLM0003942,MBR107700,2026-07-23,INSTITUTIONAL,Z00.00,4256.71,PENDED
CLM0003943,MBR108871,2026-04-17,PHARMACY,N39.0,4137.39,DENIED
CLM0003944,MBR101585,2026-07-30,PROFESSIONAL,Z00.00,4565.23,PENDED
CLM0003945,MBR103011,2026-03-24,INSTITUTIONAL,Z00.00,324.57,PENDED
CLM0003946,MBR105487,2026-06-09,DENTAL,J45.909,2274.86,PENDED
CLM0003947,MBR109601,2026-06-30,INSTITUTIONAL,Z00.00,482.56,PAID
CLM0003948,MBR109214,2026-01-24,INSTITUTIONAL,J06.9,2353.68,PAID
CLM0003949,MBR100427,2026-04-24,PROFESSIONAL,I10,1451.23,PAID
CLM0003950,MBR104109,2026-02-23,PHARMACY,E11.9,3527.02,PAID
CLM0003951,MBR106061,2026-03-19,INSTITUTIONAL,N39.0,1002.48,PENDED
CLM0003952,MBR105344,2026-03-08,INSTITUTIONAL,J45.909,4996.38,PAID
CLM0003953,MBR102407,2026-02-07,PHARMACY,E11.9,2382.59,PAID
CLM0003954,MBR108118,2026-05-16,DENTAL,I10,2119.95,PAID
CLM0003955,MBR108164,2026-01-01,PROFESSIONAL,N39.0,2586.34,PAID
CLM0003956,MBR103949,2026-06-24,PHARMACY,I10,3573.00,PAID
CLM0003957,MBR101167,2026-03-18,DENTAL,I10,158.39,PAID
CLM0003958,MBR102239,2026-03-11,INSTITUTIONAL,S82.401A,,PAID
CLM0003959,MBR100770,2026-02-13,PHARMACY,J45.909,1257.24,DENIED
CLM0003960,MBR108770,2026-06-16,PROFESSIONAL,F41.1,4397.52,PAID
CLM0003961,MBR104274,2026-04-12,INSTITUTIONAL,I10,2503.85,PENDED
CLM0003962,MBR109188,2026-06-30,PHARMACY,N39.0,1360.45,PAID
CLM0003963,MBR108873,2026-04-11,PHARMACY,J45.909,520.74,PENDED
CLM0003964,MBR108265,2026-05-27,INSTITUTIONAL,,316.55,PENDED
CLM0003965,MBR107826,2026-03-24,PHARMACY,J06.9,2809.31,PAID
CLM0003966,MBR103689,2026-08-12,INSTITUTIONAL,N39.0,1886.19,PAID
CLM0003967,MBR106090,2026-02-23,INSTITUTIONAL,,4141.97,PAID
CLM0003968,MBR102068,2026-04-17,INSTITUTIONAL,Z00.00,2177.31,PENDED
CLM0003969,MBR101380,2026-07-13,INSTITUTIONAL,E78.5,3285.88,DENIED
CLM0003970,MBR107990,2026-06-25,INSTITUTIONAL,J45.909,67.60,DENIED
CLM0003971,MBR104456,2026-02-14,PROFESSIONAL,S82.401A,4902.83,PENDED
CLM0003972,MBR105095,2026-07-26,DENTAL,J45.909,3720.52,DENIED
CLM0003973,MBR106321,2026-07-14,PHARMACY,K21.9,33.55,PAID
CLM0003974,MBR101152,2026-05-31,PROFESSIONAL,S82.401A,196.10,PAID
CLM0003975,MBR107347,2026-01-08,INSTITUTIONAL,Z00.00,180.05,PAID
CLM0003976,MBR101456,2026-04-04,INSTITUTIONAL,R51.9,3585.57,DENIED
CLM0003977,MBR109116,2026-02-24,INSTITUTIONAL,Z00.00,710.96,DENIED
CLM0003978,MBR107998,2026-03-15,INSTITUTIONAL,R51.9,1598.41,PAID
CLM0003979,MBR104988,2026-02-18,PHARMACY,E78.5,4465.04,PAID
CLM0003980,MBR102936,2026-06-24,DENTAL,F41.1,4410.87,PAID
CLM0003981,MBR106464,2026-03-28,DENTAL,K21.9,4455.21,DENIED
CLM0003982,MBR104942,2026-04-09,DENTAL,E78.5,3653.97,PAID
CLM0003983,MBR108726,2026-03-03,PROFESSIONAL,S82.401A,2208.82,PAID
CLM0003984,MBR106050,2026-08-08,PROFESSIONAL,S82.401A,3259.75,PAID
CLM0003985,MBR109887,2026-06-26,DENTAL,E11.9,4046.08,PAID
CLM0003986,MBR104552,2026-01-21,PROFESSIONAL,S82.401A,2018.43,PAID
CLM0003987,MBR100840,2026-01-17,PROFESSIONAL,M54.5,4801.55,PAID
CLM0003988,MBR103449,2026-05-08,PROFESSIONAL,F41.1,4428.58,PAID
CLM0003989,MBR101527,2026-04-24,PROFESSIONAL,K21.9,2215.15,DENIED
CLM0003990,MBR102404,2026-08-31,PROFESSIONAL,J45.909,4046.97,DENIED
CLM0003991,MBR107085,2026-04-16,PHARMACY,E78.5,1447.24,PAID
CLM0003992,MBR100083,2026-07-03,DENTAL,,1158.55,PAID
CLM0003993,MBR107004,2026-01-30,DENTAL,J45.909,2402.29,PAID
CLM0003994,MBR102429,2026-04-09,DENTAL,N39.0,1496.32,PENDED
CLM0003995,MBR109013,2026-04-04,PHARMACY,R51.9,3675.88,DENIED
CLM0003996,MBR108728,2026-04-01,DENTAL,N39.0,2553.21,DENIED
CLM0003997,MBR107454,2026-07-27,PROFESSIONAL,I10,928.36,PAID
CLM0003998,MBR107970,2026-03-25,PHARMACY,I10,4604.77,DENIED
CLM0003999,MBR103329,2026-04-10,PHARMACY,E78.5,401.34,PENDED
CLM0004000,MBR105086,2026-02-05,INSTITUTIONAL,I10,4653.20,PAID
CLM0004001,MBR104649,2026-05-20,PHARMACY,,641.53,PAID
CLM0004002,MBR107938,2026-03-21,PROFESSIONAL,E78.5,2108.03,PAID
CLM0004003,MBR106938,2026-01-01,DENTAL,J45.909,2665.22,PAID
CLM0004004,MBR109493,2026-04-08,PROFESSIONAL,J06.9,1375.28,PAID
CLM0004005,MBR106339,2026-04-24,INSTITUTIONAL,S82.401A,1410.44,PENDED
CLM0004006,MBR100094,2026-01-06,PROFESSIONAL,I10,3464.98,PENDED
CLM0004007,MBR100116,2026-01-06,PROFESSIONAL,K21.9,2573.81,PAID
CLM0004008,MBR102772,2026-07-12,PHARMACY,E11.9,1579.07,DENIED
CLM0004009,MBR109302,2026-07-05,PROFESSIONAL,N39.0,348.67,DENIED
CLM0004010,MBR103358,2026-06-08,DENTAL,E78.5,1200.33,PAID
CLM0004011,MBR108246,2026-06-15,PHARMACY,E11.9,813.00,PAID
CLM0004012,MBR106406,2026-04-03,PROFESSIONAL,F41.1,814.44,PAID
CLM0004013,MBR108741,2026-07-12,PHARMACY,R51.9,,PENDED
CLM0004014,MBR103780,2026-06-10,DENTAL,N39.0,1765.87,PENDED
CLM0004015,MBR104146,2026-06-11,PHARMACY,M54.5,1282.09,PAID
CLM0004016,MBR107786,2026-07-09,PROFESSIONAL,Z00.00,3483.77,PAID
CLM0004017,MBR108992,2026-06-01,PROFESSIONAL,Z00.00,4091.70,DENIED
CLM0004018,MBR101912,2026-05-22,INSTITUTIONAL,J45.909,2725.55,PAID
CLM0004019,MBR105098,2026-05-20,PROFESSIONAL,N39.0,2433.49,PAID
CLM0004020,MBR108100,2026-06-20,PHARMACY,F41.1,,PAID
CLM0004021,MBR100850,2026-03-26,DENTAL,S82.401A,696.02,PAID
CLM0004022,MBR109081,2026-01-26,PROFESSIONAL,S82.401A,4688.12,PENDED
CLM0004023,MBR107765,2026-06-09,PROFESSIONAL,F41.1,4200.98,PENDED
CLM0004024,MBR104881,2026-05-14,PHARMACY,J06.9,4424.44,PENDED
CLM0004025,MBR100158,2026-04-13,PROFESSIONAL,N39.0,,PENDED
CLM0004026,MBR103396,2026-07-15,PROFESSIONAL,S82.401A,2610.62,PAID
CLM0004027,MBR103394,2026-03-01,PROFESSIONAL,Z00.00,4087.57,DENIED
CLM0004028,MBR108927,2026-03-28,PROFESSIONAL,R51.9,4986.84,PAID
CLM0004029,MBR104933,2026-02-15,PROFESSIONAL,R51.9,3136.00,PENDED
CLM0004030,MBR102509,2026-02-09,PROFESSIONAL,Z00.00,3526.21,DENIED
CLM0004031,MBR103910,2026-03-05,PHARMACY,E11.9,744.88,PAID
CLM0004032,MBR101728,2026-08-16,PROFESSIONAL,Z00.00,4782.34,DENIED
CLM0004033,MBR102447,2026-07-30,PHARMACY,K21.9,3765.55,DENIED
CLM0004034,MBR102933,2026-04-14,INSTITUTIONAL,J06.9,2810.86,PAID
CLM0004035,MBR108365,2026-03-08,PROFESSIONAL,J06.9,,DENIED
CLM0004036,MBR100280,2026-04-14,PROFESSIONAL,F41.1,3013.98,PAID
CLM0004037,MBR101183,2026-06-21,DENTAL,Z00.00,3983.79,PENDED
CLM0004038,MBR108808,2026-05-18,PHARMACY,J06.9,4246.80,PAID
CLM0004039,MBR103839,2026-04-06,INSTITUTIONAL,E11.9,3090.27,PAID
CLM0004040,MBR103352,2026-04-16,PHARMACY,J06.9,176.85,PAID
CLM0004041,MBR109821,2026-01-11,INSTITUTIONAL,,2370.28,PAID
CLM0004042,MBR103275,2026-04-13,PROFESSIONAL,E78.5,3537.75,PAID
CLM0004043,MBR104761,2026-07-31,INSTITUTIONAL,R51.9,4744.66,PAID
CLM0004044,MBR107449,2026-03-13,DENTAL,I10,2800.13,PAID
CLM0004045,MBR105599,2026-07-10,PHARMACY,E11.9,2308.53,PAID
CLM0004046,MBR100498,2026-02-08,DENTAL,J45.909,3719.64,PAID
CLM0004047,MBR106459,2026-01-11,PROFESSIONAL,J45.909,4145.01,PAID
CLM0004048,MBR109831,2026-05-02,PROFESSIONAL,N39.0,2195.88,PENDED
CLM0004049,MBR106521,2026-06-24,DENTAL,J06.9,2186.88,DENIED
CLM0004050,MBR100613,2026-06-26,PROFESSIONAL,M54.5,434.94,PAID
CLM0004051,MBR104503,2026-07-04,PROFESSIONAL,,4831.27,PAID
CLM0004052,MBR106250,2026-06-01,PROFESSIONAL,N39.0,2989.98,DENIED
CLM0004053,MBR103458,2026-03-17,DENTAL,,4208.19,PAID
CLM0004054,MBR104639,2026-03-08,INSTITUTIONAL,F41.1,,PAID
CLM0004055,MBR103537,2026-05-28,PROFESSIONAL,E11.9,2042.96,PAID
CLM0004056,MBR102450,2026-04-07,PHARMACY,R51.9,2418.17,PAID
CLM0004057,MBR104552,2026-01-15,DENTAL,E11.9,740.99,PAID
CLM0004058,MBR106577,2026-05-17,DENTAL,F41.1,2173.97,DENIED
CLM0004059,MBR109421,2026-04-01,PHARMACY,M54.5,2462.16,PAID
CLM0004060,MBR106090,2026-07-09,PROFESSIONAL,N39.0,2396.73,PAID
CLM0004061,MBR105071,2026-03-25,INSTITUTIONAL,,1665.76,DENIED
CLM0004062,MBR100628,2026-03-19,INSTITUTIONAL,S82.401A,2684.38,PAID
CLM0004063,MBR109221,2026-03-10,PHARMACY,J06.9,1616.96,PAID
CLM0004064,MBR104624,2026-01-15,DENTAL,F41.1,139.27,PAID
CLM0004065,MBR100057,2026-02-03,PHARMACY,E11.9,,PAID
CLM0004066,MBR104951,2026-06-13,INSTITUTIONAL,F41.1,2925.26,PAID
CLM0004067,MBR109175,2026-01-17,PROFESSIONAL,F41.1,3751.50,PENDED
CLM0004068,MBR100969,2026-02-17,DENTAL,J06.9,580.19,PAID
CLM0004069,MBR106075,2026-02-13,PROFESSIONAL,Z00.00,3276.64,PAID
CLM0004070,MBR105130,2026-02-13,PHARMACY,R51.9,2201.30,PAID
CLM0004071,MBR106916,2026-05-17,PHARMACY,E11.9,1717.10,PAID
CLM0004072,MBR106814,2026-02-09,PROFESSIONAL,Z00.00,694.07,PAID
CLM0004073,MBR105642,2026-04-10,DENTAL,F41.1,1071.88,PAID
CLM0004074,MBR108130,2026-05-21,PHARMACY,K21.9,199.87,PAID
CLM0004075,MBR104172,2026-04-24,PROFESSIONAL,K21.9,3100.16,PENDED
CLM0004076,MBR107602,2026-08-24,PHARMACY,M54.5,1972.30,PAID
CLM0004077,MBR106872,2026-08-06,INSTITUTIONAL,E78.5,911.42,PAID
CLM0004078,MBR106279,2026-01-23,PROFESSIONAL,J06.9,202.90,PAID
CLM0004079,MBR101041,2026-08-15,DENTAL,Z00.00,2299.48,PAID
CLM0004080,MBR105770,2026-01-07,PROFESSIONAL,F41.1,3805.94,DENIED
CLM0004081,MBR103598,2026-06-22,DENTAL,Z00.00,3236.41,PAID
CLM0004082,MBR109167,2026-06-19,INSTITUTIONAL,E78.5,4183.82,PAID
CLM0004083,MBR106601,2026-05-26,DENTAL,,703.28,PAID
CLM0004084,MBR101224,2026-02-27,DENTAL,J06.9,3109.60,PAID
CLM0004085,MBR106163,2026-07-05,PROFESSIONAL,K21.9,1184.80,PAID
CLM0004086,MBR104882,2026-05-06,PHARMACY,S82.401A,2112.09,DENIED
CLM0004087,MBR100875,2026-07-03,PROFESSIONAL,S82.401A,148.35,PAID
CLM0004088,MBR107284,2026-04-25,PHARMACY,,229.02,PAID
CLM0004089,MBR106353,2026-06-11,PROFESSIONAL,Z00.00,1568.66,PENDED
CLM0004090,MBR101633,2026-05-09,DENTAL,S82.401A,1326.66,DENIED
CLM0004091,MBR102326,2026-08-26,PHARMACY,F41.1,2119.42,DENIED
CLM0004092,MBR107425,2026-07-11,PHARMACY,J45.909,4525.81,PAID
CLM0004093,MBR100161,2026-01-13,INSTITUTIONAL,N39.0,1951.65,PAID
CLM0004094,MBR107096,2026-08-20,INSTITUTIONAL,F41.1,851.58,PAID
CLM0004095,MBR109687,2026-01-22,DENTAL,I10,382.19,PAID
CLM0004096,MBR108346,2026-08-16,PHARMACY,F41.1,2984.12,PAID
CLM0004097,MBR102222,2026-04-19,PHARMACY,F41.1,,PAID
CLM0004098,MBR106676,2026-03-19,PHARMACY,N39.0,2551.13,PAID
CLM0004099,MBR104297,2026-01-06,DENTAL,R51.9,239.09,PAID
CLM0004100,MBR102613,2026-02-14,INSTITUTIONAL,J06.9,1892.28,PAID
CLM0004101,MBR107154,2026-06-16,DENTAL,E11.9,2943.94,PAID
CLM0004102,MBR105300,2026-03-04,DENTAL,E78.5,,PAID
CLM0004103,MBR101910,2026-01-26,DENTAL,Z00.00,3608.44,PAID
CLM0004104,MBR104398,2026-03-20,DENTAL,R51.9,2685.32,PAID
CLM0004105,MBR106563,2026-03-19,PHARMACY,R51.9,1181.04,PAID
CLM0004106,MBR109102,2026-02-15,INSTITUTIONAL,I10,1697.21,PAID
CLM0004107,MBR104672,2026-05-18,PHARMACY,E11.9,407.24,PAID
CLM0004108,MBR105297,2026-02-14,DENTAL,J06.9,1398.99,PAID
CLM0004109,MBR102642,2026-08-17,PROFESSIONAL,N39.0,4535.82,PAID
CLM0004110,MBR109329,2026-05-12,PHARMACY,S82.401A,794.26,PAID
CLM0004111,MBR109169,2026-05-22,INSTITUTIONAL,F41.1,583.73,PENDED
CLM0004112,MBR105901,2026-05-11,PROFESSIONAL,,3054.64,PAID
CLM0004113,MBR102928,2026-06-09,DENTAL,F41.1,973.67,PAID
CLM0004114,MBR100081,2026-08-23,INSTITUTIONAL,Z00.00,2601.98,PAID
CLM0004115,MBR102217,2026-04-12,PROFESSIONAL,Z00.00,4049.43,DENIED
CLM0004116,MBR108916,2026-05-05,PHARMACY,K21.9,2249.05,PAID
CLM0004117,MBR101170,2026-04-23,DENTAL,J45.909,4422.44,PAID
CLM0004118,MBR104054,2026-05-16,DENTAL,J06.9,2899.46,PAID
CLM0004119,MBR107005,2026-06-26,PROFESSIONAL,R51.9,274.58,DENIED
CLM0004120,MBR109292,2026-03-09,PROFESSIONAL,I10,2051.87,DENIED
CLM0004121,MBR104490,2026-06-27,PHARMACY,M54.5,4918.07,PAID
CLM0004122,MBR106709,2026-02-23,PHARMACY,I10,1699.92,PAID
CLM0004123,MBR102293,2026-04-05,INSTITUTIONAL,M54.5,229.87,PAID
CLM0004124,MBR108781,2026-07-15,PROFESSIONAL,R51.9,2207.61,PAID
CLM0004125,MBR104333,2026-03-10,INSTITUTIONAL,J06.9,1380.82,PAID
CLM0004126,MBR105829,2026-05-21,PROFESSIONAL,M54.5,542.30,PENDED
CLM0004127,MBR100287,2026-03-11,PROFESSIONAL,I10,4821.86,PAID
CLM0004128,MBR102000,2026-01-15,INSTITUTIONAL,F41.1,,PAID
CLM0004129,MBR106219,2026-05-08,PROFESSIONAL,I10,4119.32,DENIED
CLM0004130,MBR102698,2026-08-10,PROFESSIONAL,F41.1,4611.15,DENIED
CLM0004131,MBR102816,2026-07-14,PROFESSIONAL,E11.9,,PENDED
CLM0004132,MBR109890,2026-08-25,PROFESSIONAL,M54.5,4331.29,PAID
CLM0004133,MBR105993,2026-03-19,INSTITUTIONAL,M54.5,251.24,PAID
CLM0004134,MBR104855,2026-01-15,PHARMACY,F41.1,3966.58,PAID
CLM0004135,MBR100046,2026-08-11,PROFESSIONAL,K21.9,2467.60,PAID
CLM0004136,MBR106549,2026-02-25,PHARMACY,S82.401A,3852.13,PAID
CLM0004137,MBR106776,2026-08-31,INSTITUTIONAL,F41.1,2827.93,PAID
CLM0004138,MBR106477,2026-07-01,PHARMACY,J45.909,4411.59,PAID
CLM0004139,MBR109966,2026-06-12,PROFESSIONAL,,3737.53,PAID
CLM0004140,MBR104628,2026-03-15,PROFESSIONAL,,2390.31,PAID
CLM0004141,MBR102270,2026-04-16,PROFESSIONAL,Z00.00,1295.65,PAID
CLM0004142,MBR100496,2026-02-09,INSTITUTIONAL,I10,3689.54,PAID
CLM0004143,MBR102111,2026-03-26,PHARMACY,R51.9,1575.44,PAID
CLM0004144,MBR106971,2026-04-14,PROFESSIONAL,K21.9,3017.61,PAID
CLM0004145,MBR104103,2026-07-11,DENTAL,E11.9,908.42,PAID
CLM0004146,MBR103636,2026-08-17,PROFESSIONAL,J45.909,827.89,DENIED
CLM0004147,MBR100448,2026-08-08,PROFESSIONAL,J45.909,4123.94,PAID
CLM0004148,MBR106305,2026-02-28,DENTAL,F41.1,1641.32,DENIED
CLM0004149,MBR109178,2026-01-24,PHARMACY,E11.9,2305.05,PENDED
CLM0004150,MBR108691,2026-06-13,PROFESSIONAL,I10,2451.25,DENIED
CLM0004151,MBR101879,2026-05-02,INSTITUTIONAL,J45.909,3922.76,PAID
CLM0004152,MBR104658,2026-04-05,PROFESSIONAL,E78.5,3278.34,DENIED
CLM0004153,MBR107126,2026-03-17,INSTITUTIONAL,J45.909,4526.21,PAID
CLM0004154,MBR104639,2026-07-01,PROFESSIONAL,J45.909,1510.16,PAID
CLM0004155,MBR104885,2026-08-14,PROFESSIONAL,J45.909,3394.57,PAID
CLM0004156,MBR100285,2026-03-17,PHARMACY,F41.1,2472.48,PAID
CLM0004157,MBR103080,2026-07-19,DENTAL,R51.9,4480.04,DENIED
CLM0004158,MBR100268,2026-04-09,INSTITUTIONAL,J45.909,2520.88,PAID
CLM0004159,MBR103691,2026-01-26,PROFESSIONAL,J45.909,147.01,PENDED
CLM0004160,MBR102531,2026-04-16,DENTAL,S82.401A,316.71,PAID
CLM0004161,MBR100699,2026-01-30,INSTITUTIONAL,Z00.00,185.72,PAID
CLM0004162,MBR108847,2026-01-04,INSTITUTIONAL,M54.5,3965.66,PENDED
CLM0004163,MBR109407,2026-02-19,INSTITUTIONAL,R51.9,3110.55,DENIED
CLM0004164,MBR103076,2026-04-05,PHARMACY,R51.9,4988.56,PAID
CLM0004165,MBR107370,2026-07-08,PROFESSIONAL,M54.5,284.34,PAID
CLM0004166,MBR104991,2026-01-21,PROFESSIONAL,S82.401A,1968.84,PAID
CLM0004167,MBR107010,2026-02-11,INSTITUTIONAL,K21.9,1481.97,PAID
CLM0004168,MBR103589,2026-01-19,DENTAL,J45.909,143.71,PAID
CLM0004169,MBR109968,2026-07-13,DENTAL,Z00.00,985.71,PAID
CLM0004170,MBR102749,2026-07-26,PROFESSIONAL,K21.9,893.98,PAID
CLM0004171,MBR105727,2026-03-17,INSTITUTIONAL,R51.9,3096.41,PENDED
CLM0004172,MBR106876,2026-08-31,PHARMACY,E78.5,2052.96,PAID
CLM0004173,MBR102702,2026-02-05,INSTITUTIONAL,E78.5,3997.41,PAID
CLM0004174,MBR100560,2026-03-19,INSTITUTIONAL,I10,4668.32,PAID
CLM0004175,MBR106950,2026-02-24,DENTAL,Z00.00,3443.88,PAID
CLM0004176,MBR109538,2026-07-03,DENTAL,E11.9,559.21,PAID
CLM0004177,MBR107006,2026-03-11,PHARMACY,M54.5,4419.14,PAID
CLM0004178,MBR100453,2026-08-27,PROFESSIONAL,Z00.00,3852.17,PAID
CLM0004179,MBR104026,2026-05-31,INSTITUTIONAL,E11.9,1139.33,PAID
CLM0004180,MBR103795,2026-06-01,PROFESSIONAL,K21.9,1862.12,PAID
CLM0004181,MBR105324,2026-05-26,PROFESSIONAL,E78.5,3243.84,PAID
CLM0004182,MBR102944,2026-03-21,INSTITUTIONAL,S82.401A,4731.55,PAID
CLM0004183,MBR103240,2026-05-18,PHARMACY,E11.9,3472.58,PENDED
CLM0004184,MBR100010,2026-02-07,PROFESSIONAL,S82.401A,3863.84,PAID
CLM0004185,MBR101869,2026-04-26,PROFESSIONAL,F41.1,2398.97,DENIED
CLM0004186,MBR101659,2026-07-10,DENTAL,J06.9,3139.58,PAID
CLM0004187,MBR105437,2026-02-14,INSTITUTIONAL,F41.1,2836.31,PAID
CLM0004188,MBR102576,2026-07-12,DENTAL,E11.9,,PAID
CLM0004189,MBR103333,2026-05-23,PHARMACY,R51.9,3227.12,PAID
CLM0004190,MBR108336,2026-02-27,PROFESSIONAL,,3032.09,PAID
CLM0004191,MBR102963,2026-06-20,PROFESSIONAL,F41.1,2121.11,PAID
CLM0004192,MBR107093,2026-05-15,PHARMACY,S82.401A,505.50,DENIED
CLM0004193,MBR101076,2026-04-19,DENTAL,N39.0,522.53,PAID
CLM0004194,MBR100999,2026-07-18,INSTITUTIONAL,I10,2676.05,PAID
CLM0004195,MBR102332,2026-06-07,PHARMACY,J06.9,3253.34,PENDED
CLM0004196,MBR107151,2026-07-29,PHARMACY,I10,4614.52,PAID
CLM0004197,MBR100079,2026-08-16,INSTITUTIONAL,J45.909,169.71,PAID
CLM0004198,MBR100618,2026-05-04,PHARMACY,M54.5,2799.94,PAID
CLM0004199,MBR103756,2026-08-06,INSTITUTIONAL,Z00.00,1202.13,PAID
CLM0004200,MBR105242,2026-05-29,INSTITUTIONAL,I10,3154.17,DENIED
CLM0004201,MBR107188,2026-03-21,PROFESSIONAL,E11.9,4670.42,PAID
CLM0004202,MBR101916,2026-08-15,DENTAL,K21.9,219.72,PAID
CLM0004203,MBR105015,2026-07-30,DENTAL,E78.5,3875.92,PAID
CLM0004204,MBR101118,2026-03-18,PHARMACY,J45.909,4484.11,PENDED
CLM0004205,MBR104239,2026-01-14,DENTAL,S82.401A,835.14,PAID
CLM0004206,MBR101623,2026-03-11,DENTAL,S82.401A,1164.97,DENIED
CLM0004207,MBR102332,2026-03-21,PROFESSIONAL,Z00.00,610.04,PAID
CLM0004208,MBR106038,2026-08-05,DENTAL,R51.9,116.27,PAID
CLM0004209,MBR103544,2026-01-05,PROFESSIONAL,J06.9,3386.28,PENDED
CLM0004210,MBR103099,2026-08-23,PROFESSIONAL,F41.1,839.76,DENIED
CLM0004211,MBR102286,2026-04-30,PROFESSIONAL,S82.401A,,PAID
CLM0004212,MBR108089,2026-01-28,DENTAL,E11.9,1991.20,PAID
CLM0004213,MBR106396,2026-08-10,DENTAL,,829.06,PAID
CLM0004214,MBR101394,2026-04-13,PROFESSIONAL,M54.5,2531.43,PAID
CLM0004215,MBR100023,2026-03-02,DENTAL,Z00.00,980.20,PAID
CLM0004216,MBR109027,2026-08-25,INSTITUTIONAL,R51.9,2336.07,PENDED
CLM0004217,MBR108266,2026-03-12,PHARMACY,,83.01,DENIED
CLM0004218,MBR104650,2026-02-25,PROFESSIONAL,I10,4197.98,PAID
CLM0004219,MBR104007,2026-04-18,DENTAL,E11.9,3228.56,PAID
CLM0004220,MBR103727,2026-01-02,PROFESSIONAL,K21.9,4967.93,PAID
CLM0004221,MBR101101,2026-06-16,DENTAL,K21.9,2270.94,PAID
CLM0004222,MBR109395,2026-01-31,PROFESSIONAL,R51.9,2865.18,PAID
CLM0004223,MBR104138,2026-02-22,PROFESSIONAL,K21.9,2718.04,PAID
CLM0004224,MBR100041,2026-01-03,INSTITUTIONAL,J45.909,1470.95,PAID
CLM0004225,MBR106561,2026-06-05,DENTAL,I10,2772.88,PAID
CLM0004226,MBR107801,2026-04-16,INSTITUTIONAL,J45.909,1737.09,DENIED
CLM0004227,MBR107575,2026-04-19,PHARMACY,J45.909,4358.48,PAID
CLM0004228,MBR100870,2026-05-08,DENTAL,I10,2058.41,PAID
CLM0004229,MBR106452,2026-03-12,PROFESSIONAL,R51.9,461.24,PAID
CLM0004230,MBR105897,2026-02-16,PHARMACY,J45.909,2441.98,PENDED
CLM0004231,MBR107166,2026-01-25,DENTAL,Z00.00,3587.24,PAID
CLM0004232,MBR101726,2026-04-02,PHARMACY,I10,3542.41,PAID
CLM0004233,MBR101741,2026-03-01,DENTAL,J06.9,4245.32,PENDED
CLM0004234,MBR104036,2026-01-10,PROFESSIONAL,K21.9,4649.66,PENDED
CLM0004235,MBR102548,2026-07-04,INSTITUTIONAL,S82.401A,4366.90,PENDED
CLM0004236,MBR102876,2026-06-05,PROFESSIONAL,M54.5,2869.99,PAID
CLM0004237,MBR104876,2026-05-11,DENTAL,Z00.00,2549.98,PENDED
CLM0004238,MBR102657,2026-07-16,PHARMACY,M54.5,4812.19,PAID
CLM0004239,MBR103320,2026-04-21,DENTAL,M54.5,4880.61,PAID
CLM0004240,MBR106801,2026-06-09,PROFESSIONAL,E11.9,1291.49,PAID
CLM0004241,MBR103612,2026-05-27,PROFESSIONAL,,3925.97,PAID
CLM0004242,MBR108857,2026-06-12,INSTITUTIONAL,N39.0,4075.06,PAID
CLM0004243,MBR105357,2026-08-08,PROFESSIONAL,I10,3419.00,DENIED
CLM0004244,MBR105904,2026-07-08,PHARMACY,I10,3651.42,PAID
CLM0004245,MBR102219,2026-01-13,DENTAL,K21.9,4580.43,PAID
CLM0004246,MBR103553,2026-06-08,PROFESSIONAL,E11.9,233.68,PAID
CLM0004247,MBR103533,2026-08-08,INSTITUTIONAL,J06.9,467.74,PAID
CLM0004248,MBR109084,2026-03-24,INSTITUTIONAL,K21.9,3936.25,PAID
CLM0004249,MBR105177,2026-07-22,INSTITUTIONAL,S82.401A,1033.37,PAID
CLM0004250,MBR100640,2026-01-29,INSTITUTIONAL,M54.5,1296.36,PAID
CLM0004251,MBR108305,2026-05-22,PROFESSIONAL,F41.1,3057.23,PAID
CLM0004252,MBR106656,2026-02-11,PROFESSIONAL,R51.9,3094.44,PAID
CLM0004253,MBR106277,2026-03-22,PROFESSIONAL,J45.909,4848.43,DENIED
CLM0004254,MBR104745,2026-01-04,DENTAL,F41.1,3803.93,PAID
CLM0004255,MBR105744,2026-06-20,PROFESSIONAL,J45.909,1232.89,PAID
CLM0004256,MBR104000,2026-04-27,INSTITUTIONAL,I10,723.79,PAID
CLM0004257,MBR108551,2026-07-14,PHARMACY,E78.5,3750.36,PAID
CLM0004258,MBR105798,2026-02-17,INSTITUTIONAL,K21.9,1413.73,PAID
CLM0004259,MBR107409,2026-03-05,PHARMACY,K21.9,53.56,PAID
CLM0004260,MBR102610,2026-03-09,INSTITUTIONAL,N39.0,2285.44,PAID
CLM0004261,MBR101443,2026-07-19,PHARMACY,,2829.09,PAID
CLM0004262,MBR104689,2026-04-30,INSTITUTIONAL,M54.5,658.24,PAID
CLM0004263,MBR105170,2026-05-26,PHARMACY,F41.1,4572.40,PAID
CLM0004264,MBR102028,2026-01-06,INSTITUTIONAL,Z00.00,1537.15,PAID
CLM0004265,MBR101933,2026-02-07,DENTAL,J45.909,1725.43,DENIED
CLM0004266,MBR101633,2026-08-09,PROFESSIONAL,F41.1,1249.88,PAID
CLM0004267,MBR103080,2026-02-26,DENTAL,N39.0,81.78,PAID
CLM0004268,MBR102795,2026-03-15,PROFESSIONAL,Z00.00,1127.95,PAID
CLM0004269,MBR105378,2026-01-07,PHARMACY,,4156.21,PAID
CLM0004270,MBR108184,2026-06-13,PHARMACY,E11.9,2347.55,PAID
CLM0004271,MBR103927,2026-05-06,INSTITUTIONAL,J45.909,3709.50,DENIED
CLM0004272,MBR109963,2026-07-13,PROFESSIONAL,J45.909,1279.33,PAID
CLM0004273,MBR101920,2026-04-26,INSTITUTIONAL,F41.1,3922.76,PENDED
CLM0004274,MBR105773,2026-05-13,INSTITUTIONAL,Z00.00,3105.47,PAID
CLM0004275,MBR109782,2026-01-20,INSTITUTIONAL,R51.9,1794.44,PAID
CLM0004276,MBR100217,2026-06-29,DENTAL,K21.9,2135.47,PAID
CLM0004277,MBR100240,2026-03-18,DENTAL,J45.909,3559.29,PAID
CLM0004278,MBR103995,2026-02-08,INSTITUTIONAL,E78.5,4805.83,PAID
CLM0004279,MBR106576,2026-08-25,INSTITUTIONAL,F41.1,1731.30,PENDED
CLM0004280,MBR109979,2026-03-28,DENTAL,I10,511.96,PAID
CLM0004281,MBR100768,2026-07-31,PROFESSIONAL,J45.909,,PENDED
CLM0004282,MBR103715,2026-02-01,DENTAL,K21.9,2278.22,PAID
CLM0004283,MBR107852,2026-08-21,PROFESSIONAL,S82.401A,140.89,PAID
CLM0004284,MBR100211,2026-07-08,PROFESSIONAL,N39.0,32.81,PAID
CLM0004285,MBR104173,2026-06-14,PROFESSIONAL,K21.9,1438.98,PENDED
CLM0004286,MBR102930,2026-08-07,INSTITUTIONAL,N39.0,3534.60,PAID
CLM0004287,MBR106544,2026-04-29,PHARMACY,R51.9,1321.77,PENDED
CLM0004288,MBR107578,2026-03-15,PROFESSIONAL,E11.9,1730.02,DENIED
CLM0004289,MBR107511,2026-06-30,PROFESSIONAL,M54.5,447.62,DENIED
CLM0004290,MBR109623,2026-05-13,INSTITUTIONAL,M54.5,1149.63,PAID
CLM0004291,MBR107383,2026-06-13,INSTITUTIONAL,I10,1399.99,PAID
CLM0004292,MBR101373,2026-01-23,PHARMACY,F41.1,4187.51,PAID
CLM0004293,MBR103590,2026-02-25,DENTAL,I10,3588.94,PAID
CLM0004294,MBR106191,2026-02-23,PROFESSIONAL,N39.0,1716.26,PENDED
CLM0004295,MBR103676,2026-05-14,PHARMACY,R51.9,1872.03,PAID
CLM0004296,MBR109456,2026-07-11,INSTITUTIONAL,J45.909,958.79,PAID
CLM0004297,MBR104518,2026-08-18,DENTAL,M54.5,289.76,PENDED
CLM0004298,MBR108972,2026-07-07,PHARMACY,S82.401A,661.34,PAID
CLM0004299,MBR102950,2026-04-03,DENTAL,J45.909,4161.80,PAID
CLM0004300,MBR106696,2026-06-25,PROFESSIONAL,K21.9,4642.79,PAID
CLM0004301,MBR104080,2026-06-28,INSTITUTIONAL,N39.0,756.94,PAID
CLM0004302,MBR104179,2026-01-05,DENTAL,R51.9,408.67,PAID
CLM0004303,MBR101028,2026-03-08,PROFESSIONAL,R51.9,4743.56,PAID
CLM0004304,MBR103327,2026-06-06,PHARMACY,E11.9,4755.85,PAID
CLM0004305,MBR102831,2026-02-07,PHARMACY,N39.0,217.75,PAID
CLM0004306,MBR104185,2026-06-03,PROFESSIONAL,J45.909,2927.72,PAID
CLM0004307,MBR101169,2026-05-24,PHARMACY,E11.9,259.02,PAID
CLM0004308,MBR107031,2026-03-06,INSTITUTIONAL,E11.9,3014.59,PAID
CLM0004309,MBR103516,2026-04-09,INSTITUTIONAL,I10,4719.88,PAID
CLM0004310,MBR105195,2026-03-10,PROFESSIONAL,,392.49,PAID
CLM0004311,MBR107369,2026-01-16,PROFESSIONAL,Z00.00,3225.00,PAID
CLM0004312,MBR102817,2026-04-06,DENTAL,K21.9,1761.57,PAID
CLM0004313,MBR106347,2026-08-17,PHARMACY,E78.5,229.53,DENIED
CLM0004314,MBR107521,2026-08-16,PROFESSIONAL,R51.9,4111.68,PAID
CLM0004315,MBR108644,2026-03-31,PHARMACY,F41.1,2087.12,DENIED
CLM0004316,MBR105863,2026-05-16,INSTITUTIONAL,J06.9,2961.22,PAID
CLM0004317,MBR109675,2026-06-18,DENTAL,,2266.02,PAID
CLM0004318,MBR103306,2026-06-07,PHARMACY,F41.1,1118.30,PAID
CLM0004319,MBR105323,2026-01-03,DENTAL,E11.9,4984.18,DENIED
CLM0004320,MBR104239,2026-03-11,PHARMACY,J45.909,3552.32,PAID
CLM0004321,MBR109047,2026-06-30,DENTAL,R51.9,1119.51,PAID
CLM0004322,MBR108207,2026-01-29,DENTAL,S82.401A,295.23,PAID
CLM0004323,MBR106649,2026-01-16,DENTAL,F41.1,2928.27,DENIED
CLM0004324,MBR106238,2026-03-26,INSTITUTIONAL,E78.5,3371.75,PENDED
CLM0004325,MBR101893,2026-08-30,PHARMACY,J45.909,4877.27,PAID
CLM0004326,MBR102219,2026-05-02,PROFESSIONAL,E11.9,1248.90,PAID
CLM0004327,MBR109780,2026-07-08,DENTAL,Z00.00,3494.69,PAID
CLM0004328,MBR108593,2026-08-22,PROFESSIONAL,I10,3911.81,PAID
CLM0004329,MBR108972,2026-01-26,INSTITUTIONAL,R51.9,3776.98,PAID
CLM0004330,MBR109221,2026-02-10,DENTAL,J45.909,1660.49,PAID
CLM0004331,MBR102520,2026-05-03,INSTITUTIONAL,S82.401A,3366.16,PAID
CLM0004332,MBR104453,2026-08-06,DENTAL,Z00.00,2084.67,PAID
CLM0004333,MBR108139,2026-08-02,DENTAL,E78.5,4860.07,PAID
CLM0004334,MBR104710,2026-06-26,PROFESSIONAL,Z00.00,1879.91,PAID
CLM0004335,MBR107895,2026-08-09,PROFESSIONAL,K21.9,1896.93,PAID
CLM0004336,MBR101264,2026-02-01,PROFESSIONAL,I10,3182.51,DENIED
CLM0004337,MBR102821,2026-04-11,DENTAL,Z00.00,1902.61,PAID
CLM0004338,MBR106405,2026-06-20,PHARMACY,J06.9,3272.67,PAID
CLM0004339,MBR105957,2026-05-12,PHARMACY,E11.9,207.70,PAID
CLM0004340,MBR104427,2026-06-26,INSTITUTIONAL,S82.401A,3951.68,PENDED
CLM0004341,MBR105270,2026-01-25,PHARMACY,E11.9,2551.18,PAID
CLM0004342,MBR109366,2026-01-12,PHARMACY,E78.5,634.91,PAID
CLM0004343,MBR102596,2026-02-23,PHARMACY,E11.9,1454.93,PAID
CLM0004344,MBR101530,2026-01-15,PROFESSIONAL,R51.9,4854.83,PENDED
CLM0004345,MBR106709,2026-07-18,PROFESSIONAL,F41.1,3322.77,PAID
CLM0004346,MBR106501,2026-01-19,PROFESSIONAL,F41.1,3679.48,DENIED
CLM0004347,MBR105780,2026-02-10,INSTITUTIONAL,M54.5,1964.23,PAID
CLM0004348,MBR106904,2026-08-12,INSTITUTIONAL,J45.909,2113.60,DENIED
CLM0004349,MBR108959,2026-08-28,PHARMACY,E78.5,3988.53,PAID
CLM0004350,MBR100508,2026-08-08,INSTITUTIONAL,M54.5,1707.21,DENIED
CLM0004351,MBR107181,2026-01-10,DENTAL,N39.0,3437.67,PAID
CLM0004352,MBR106578,2026-07-16,PHARMACY,R51.9,2609.60,PAID
CLM0004353,MBR105789,2026-06-26,PROFESSIONAL,S82.401A,2507.84,PAID
CLM0004354,MBR106076,2026-08-11,PHARMACY,E11.9,3597.33,PAID
CLM0004355,MBR100023,2026-07-02,INSTITUTIONAL,E11.9,1476.86,DENIED
CLM0004356,MBR106197,2026-06-08,DENTAL,K21.9,3005.61,PAID
CLM0004357,MBR105219,2026-03-16,PROFESSIONAL,E11.9,4200.11,PAID
CLM0004358,MBR107209,2026-04-12,PROFESSIONAL,Z00.00,,PAID
CLM0004359,MBR101780,2026-07-16,PROFESSIONAL,J06.9,3812.89,PAID
CLM0004360,MBR102844,2026-07-21,PROFESSIONAL,J45.909,1749.85,PAID
CLM0004361,MBR103184,2026-05-09,PROFESSIONAL,M54.5,3740.35,PAID
CLM0004362,MBR108202,2026-02-03,PROFESSIONAL,I10,1696.36,PAID
CLM0004363,MBR109391,2026-07-28,INSTITUTIONAL,J06.9,1501.33,PAID
CLM0004364,MBR103060,2026-04-12,PROFESSIONAL,N39.0,2723.17,DENIED
CLM0004365,MBR103306,2026-01-24,PHARMACY,J06.9,393.05,DENIED
CLM0004366,MBR103232,2026-03-17,INSTITUTIONAL,R51.9,2019.22,DENIED
CLM0004367,MBR109032,2026-03-30,PHARMACY,J06.9,2475.30,PAID
CLM0004368,MBR106501,2026-01-16,PHARMACY,F41.1,4027.23,PAID
CLM0004369,MBR106498,2026-04-27,PHARMACY,R51.9,465.48,DENIED
CLM0004370,MBR102062,2026-06-06,INSTITUTIONAL,J06.9,379.50,DENIED
CLM0004371,MBR100329,2026-04-10,PHARMACY,N39.0,1562.50,PAID
CLM0004372,MBR100670,2026-02-19,PROFESSIONAL,E78.5,4166.63,PAID
CLM0004373,MBR100790,2026-04-25,PHARMACY,R51.9,2995.97,DENIED
CLM0004374,MBR101917,2026-03-02,INSTITUTIONAL,R51.9,1963.11,PAID
CLM0004375,MBR100181,2026-02-12,PROFESSIONAL,E78.5,2267.38,DENIED
CLM0004376,MBR108083,2026-05-07,INSTITUTIONAL,R51.9,580.61,PAID
CLM0004377,MBR108926,2026-03-23,PROFESSIONAL,E11.9,455.69,PAID
CLM0004378,MBR106372,2026-04-17,INSTITUTIONAL,F41.1,3758.20,PENDED
CLM0004379,MBR109431,2026-05-30,DENTAL,I10,3745.49,PAID
CLM0004380,MBR105002,2026-04-14,PROFESSIONAL,J06.9,777.56,PAID
CLM0004381,MBR106002,2026-06-11,PROFESSIONAL,Z00.00,865.11,DENIED
CLM0004382,MBR106455,2026-07-30,INSTITUTIONAL,Z00.00,2586.02,PAID
CLM0004383,MBR105267,2026-08-05,INSTITUTIONAL,N39.0,228.19,PAID
CLM0004384,MBR105107,2026-03-16,INSTITUTIONAL,,953.06,PENDED
CLM0004385,MBR100454,2026-08-15,INSTITUTIONAL,J06.9,808.68,PENDED
CLM0004386,MBR107364,2026-04-08,PHARMACY,E78.5,1651.82,PAID
CLM0004387,MBR107799,2026-02-25,PROFESSIONAL,Z00.00,2152.92,PAID
CLM0004388,MBR107439,2026-01-23,DENTAL,Z00.00,1044.61,PENDED
CLM0004389,MBR107805,2026-03-22,INSTITUTIONAL,F41.1,4522.35,PAID
CLM0004390,MBR105631,2026-03-14,INSTITUTIONAL,S82.401A,1431.82,PAID
CLM0004391,MBR109356,2026-05-07,PROFESSIONAL,F41.1,4889.33,PAID
CLM0004392,MBR109601,2026-02-28,INSTITUTIONAL,J45.909,1205.06,PAID
CLM0004393,MBR105839,2026-06-25,DENTAL,Z00.00,4609.14,PAID
CLM0004394,MBR109254,2026-02-10,DENTAL,I10,3217.62,PAID
CLM0004395,MBR103088,2026-02-15,DENTAL,N39.0,1548.85,PAID
CLM0004396,MBR105737,2026-03-04,DENTAL,J06.9,4547.45,PAID
CLM0004397,MBR100713,2026-08-11,PHARMACY,S82.401A,3708.45,PAID
CLM0004398,MBR100980,2026-07-14,DENTAL,E78.5,1623.67,PAID
CLM0004399,MBR108560,2026-08-28,INSTITUTIONAL,K21.9,1109.35,PAID
CLM0004400,MBR108662,2026-05-03,PROFESSIONAL,Z00.00,996.77,PAID
CLM0004401,MBR105317,2026-04-13,DENTAL,S82.401A,1067.47,PENDED
CLM0004402,MBR100341,2026-07-28,PROFESSIONAL,E11.9,787.94,PENDED
CLM0004403,MBR105482,2026-04-18,PHARMACY,F41.1,256.20,PAID
CLM0004404,MBR108015,2026-04-16,PHARMACY,R51.9,1661.09,PAID
CLM0004405,MBR108999,2026-07-24,PROFESSIONAL,K21.9,3402.38,PENDED
CLM0004406,MBR105586,2026-04-09,PHARMACY,,521.02,DENIED
CLM0004407,MBR106042,2026-07-18,DENTAL,K21.9,1972.50,PAID
CLM0004408,MBR101099,2026-04-10,INSTITUTIONAL,S82.401A,2496.12,PAID
CLM0004409,MBR107460,2026-05-17,PHARMACY,K21.9,2705.05,PAID
CLM0004410,MBR108381,2026-02-26,DENTAL,Z00.00,1747.42,PAID
CLM0004411,MBR101238,2026-02-09,PHARMACY,I10,3456.26,PAID
CLM0004412,MBR100676,2026-07-11,INSTITUTIONAL,N39.0,4545.56,PAID
CLM0004413,MBR101668,2026-07-11,PROFESSIONAL,E11.9,3902.08,PAID
CLM0004414,MBR105417,2026-06-10,INSTITUTIONAL,R51.9,145.61,PAID
CLM0004415,MBR105718,2026-04-19,DENTAL,N39.0,1505.64,PAID
CLM0004416,MBR108813,2026-07-06,PHARMACY,J06.9,87.98,PAID
CLM0004417,MBR102963,2026-01-02,PHARMACY,N39.0,4247.18,PENDED
CLM0004418,MBR106912,2026-04-07,PROFESSIONAL,R51.9,3708.95,PAID
CLM0004419,MBR108225,2026-05-29,PROFESSIONAL,K21.9,2556.90,PAID
CLM0004420,MBR108750,2026-04-14,DENTAL,J06.9,2734.85,PENDED
CLM0004421,MBR100724,2026-03-13,PHARMACY,N39.0,4661.65,PAID
CLM0004422,MBR104599,2026-03-04,INSTITUTIONAL,S82.401A,2715.05,PAID
CLM0004423,MBR103094,2026-02-12,PROFESSIONAL,J45.909,3605.56,PAID
CLM0004424,MBR102773,2026-05-29,PROFESSIONAL,K21.9,3804.41,PAID
CLM0004425,MBR108014,2026-04-26,DENTAL,R51.9,725.11,PAID
CLM0004426,MBR109809,2026-02-16,INSTITUTIONAL,K21.9,4461.49,PENDED
CLM0004427,MBR106410,2026-08-31,INSTITUTIONAL,J06.9,304.55,DENIED
CLM0004428,MBR102806,2026-06-23,PROFESSIONAL,S82.401A,4193.80,PAID
CLM0004429,MBR105595,2026-01-07,INSTITUTIONAL,I10,2642.43,DENIED
CLM0004430,MBR102656,2026-01-28,INSTITUTIONAL,N39.0,781.77,DENIED
CLM0004431,MBR109041,2026-04-03,PROFESSIONAL,E11.9,2776.04,DENIED
CLM0004432,MBR105265,2026-07-12,PHARMACY,I10,3788.92,PAID
CLM0004433,MBR102484,2026-06-05,PROFESSIONAL,E78.5,4362.08,PAID
CLM0004434,MBR105703,2026-08-29,INSTITUTIONAL,Z00.00,,PAID
CLM0004435,MBR107057,2026-06-19,DENTAL,E78.5,3744.06,DENIED
CLM0004436,MBR104598,2026-06-06,PROFESSIONAL,F41.1,2164.98,PAID
CLM0004437,MBR103601,2026-04-19,PROFESSIONAL,I10,2084.24,PAID
CLM0004438,MBR105416,2026-04-12,INSTITUTIONAL,R51.9,471.31,PAID
CLM0004439,MBR109828,2026-08-02,PHARMACY,K21.9,4234.12,PAID
CLM0004440,MBR109746,2026-06-23,PHARMACY,N39.0,1288.33,PAID
CLM0004441,MBR108622,2026-07-22,PROFESSIONAL,R51.9,4704.29,PAID
CLM0004442,MBR107632,2026-05-17,DENTAL,J06.9,147.97,DENIED
CLM0004443,MBR105177,2026-04-21,DENTAL,F41.1,616.84,PENDED
CLM0004444,MBR104270,2026-08-23,INSTITUTIONAL,E11.9,738.59,PAID
CLM0004445,MBR106842,2026-06-24,DENTAL,K21.9,2298.01,PAID
CLM0004446,MBR101015,2026-07-10,PROFESSIONAL,J45.909,1469.43,PAID
CLM0004447,MBR104437,2026-05-08,INSTITUTIONAL,F41.1,2686.49,PAID
CLM0004448,MBR109336,2026-08-13,DENTAL,F41.1,,PAID
CLM0004449,MBR105293,2026-08-29,PHARMACY,M54.5,2442.78,PAID
CLM0004450,MBR108711,2026-02-14,INSTITUTIONAL,S82.401A,104.94,DENIED
CLM0004451,MBR104011,2026-07-22,PROFESSIONAL,S82.401A,4899.96,PAID
CLM0004452,MBR104202,2026-05-03,DENTAL,Z00.00,,PAID
CLM0004453,MBR106851,2026-03-20,INSTITUTIONAL,K21.9,1250.31,DENIED
CLM0004454,MBR104689,2026-04-21,PROFESSIONAL,M54.5,3270.08,PAID
CLM0004455,MBR106910,2026-05-03,INSTITUTIONAL,J45.909,4694.26,DENIED
CLM0004456,MBR100737,2026-03-07,DENTAL,R51.9,3299.43,PAID
CLM0004457,MBR102733,2026-06-21,PHARMACY,E11.9,2467.90,PAID
CLM0004458,MBR103917,2026-08-08,PROFESSIONAL,F41.1,2694.32,PENDED
CLM0004459,MBR106909,2026-08-30,INSTITUTIONAL,K21.9,1341.80,PAID
CLM0004460,MBR107290,2026-03-15,DENTAL,J06.9,3863.68,PAID
CLM0004461,MBR101538,2026-02-18,PROFESSIONAL,K21.9,2114.72,PENDED
CLM0004462,MBR102451,2026-07-07,PROFESSIONAL,M54.5,2798.16,PAID
CLM0004463,MBR104316,2026-06-26,INSTITUTIONAL,I10,4691.74,PAID
CLM0004464,MBR102388,2026-04-08,PHARMACY,J06.9,3965.46,PAID
CLM0004465,MBR108388,2026-02-16,PROFESSIONAL,I10,1628.52,PAID
CLM0004466,MBR106274,2026-03-01,PROFESSIONAL,Z00.00,3462.10,PAID
CLM0004467,MBR109172,2026-07-11,PHARMACY,K21.9,142.57,PENDED
CLM0004468,MBR107131,2026-04-22,DENTAL,R51.9,4600.43,PAID
CLM0004469,MBR104142,2026-07-04,PROFESSIONAL,M54.5,3108.22,DENIED
CLM0004470,MBR105361,2026-03-08,PROFESSIONAL,E78.5,2310.77,PAID
CLM0004471,MBR104109,2026-05-04,DENTAL,E78.5,3257.10,PENDED
CLM0004472,MBR103537,2026-06-12,PROFESSIONAL,E11.9,296.93,DENIED
CLM0004473,MBR102199,2026-01-23,PROFESSIONAL,K21.9,4599.98,PENDED
CLM0004474,MBR109268,2026-04-15,PHARMACY,M54.5,2677.20,PAID
CLM0004475,MBR105459,2026-06-23,PROFESSIONAL,M54.5,4576.35,PENDED
CLM0004476,MBR104963,2026-08-23,INSTITUTIONAL,E11.9,2733.18,PAID
CLM0004477,MBR105756,2026-06-30,DENTAL,E11.9,2144.63,PENDED
CLM0004478,MBR108405,2026-01-25,PROFESSIONAL,M54.5,3453.50,PAID
CLM0004479,MBR100438,2026-06-06,DENTAL,Z00.00,1080.38,PAID
CLM0004480,MBR101040,2026-05-20,PROFESSIONAL,F41.1,4746.82,PAID
CLM0004481,MBR102475,2026-07-06,PROFESSIONAL,F41.1,3282.86,PENDED
CLM0004482,MBR106428,2026-02-22,PROFESSIONAL,J06.9,2439.91,PAID
CLM0004483,MBR100619,2026-06-30,DENTAL,R51.9,1776.27,PAID
CLM0004484,MBR108525,2026-07-22,PROFESSIONAL,F41.1,,PAID
CLM0004485,MBR101586,2026-05-21,INSTITUTIONAL,Z00.00,4235.35,PAID
CLM0004486,MBR106208,2026-08-02,PROFESSIONAL,S82.401A,3049.85,PENDED
CLM0004487,MBR109962,2026-04-17,PROFESSIONAL,S82.401A,2102.33,PAID
CLM0004488,MBR100406,2026-03-18,INSTITUTIONAL,M54.5,2647.90,PAID
CLM0004489,MBR103658,2026-08-18,INSTITUTIONAL,N39.0,4378.59,DENIED
CLM0004490,MBR104665,2026-06-16,PHARMACY,J45.909,4709.60,PAID
CLM0004491,MBR101676,2026-06-10,DENTAL,R51.9,4270.50,PAID
CLM0004492,MBR106566,2026-07-27,PHARMACY,N39.0,4112.71,PAID
CLM0004493,MBR100365,2026-04-28,INSTITUTIONAL,R51.9,390.43,PAID
CLM0004494,MBR103020,2026-02-10,PROFESSIONAL,J45.909,173.14,DENIED
CLM0004495,MBR105055,2026-03-09,PROFESSIONAL,J06.9,878.59,PAID
CLM0004496,MBR109878,2026-05-22,DENTAL,I10,980.28,DENIED
CLM0004497,MBR109338,2026-05-09,PHARMACY,E78.5,4981.28,PAID
CLM0004498,MBR103147,2026-02-14,PHARMACY,I10,4206.52,PAID
CLM0004499,MBR104703,2026-07-14,DENTAL,F41.1,2812.51,DENIED
CLM0004500,MBR106897,2026-06-27,PROFESSIONAL,J06.9,861.32,PAID
CLM0004501,MBR107919,2026-04-07,INSTITUTIONAL,M54.5,385.27,PAID
CLM0004502,MBR104832,2026-03-30,PHARMACY,E11.9,1129.92,PAID
CLM0004503,MBR101400,2026-01-25,DENTAL,Z00.00,1765.45,PAID
CLM0004504,MBR103655,2026-02-14,PHARMACY,E78.5,1213.60,PAID
CLM0004505,MBR105141,2026-06-03,INSTITUTIONAL,J45.909,813.54,PAID
CLM0004506,MBR104388,2026-02-13,PROFESSIONAL,R51.9,3410.12,PAID
CLM0004507,MBR106557,2026-02-16,PHARMACY,E11.9,1866.17,PAID
CLM0004508,MBR105165,2026-04-09,INSTITUTIONAL,F41.1,4008.04,PENDED
CLM0004509,MBR104933,2026-08-09,PHARMACY,J45.909,3608.75,PAID
CLM0004510,MBR103170,2026-06-28,DENTAL,K21.9,4666.00,PAID
CLM0004511,MBR107227,2026-03-23,PROFESSIONAL,R51.9,4006.76,PAID
CLM0004512,MBR101560,2026-06-10,PHARMACY,S82.401A,2479.38,PENDED
CLM0004513,MBR103683,2026-06-30,PROFESSIONAL,F41.1,581.86,DENIED
CLM0004514,MBR105806,2026-05-31,INSTITUTIONAL,E11.9,2606.75,PAID
CLM0004515,MBR100381,2026-05-17,PHARMACY,N39.0,1057.95,PAID
CLM0004516,MBR102606,2026-03-23,DENTAL,S82.401A,1753.27,PAID
CLM0004517,MBR104309,2026-08-11,INSTITUTIONAL,I10,1660.44,PAID
CLM0004518,MBR102405,2026-01-19,DENTAL,I10,3530.10,PAID
CLM0004519,MBR105707,2026-03-20,DENTAL,F41.1,2642.66,PAID
CLM0004520,MBR104510,2026-05-10,INSTITUTIONAL,E78.5,1785.64,PAID
CLM0004521,MBR107521,2026-01-07,PROFESSIONAL,K21.9,2530.12,DENIED
CLM0004522,MBR107514,2026-01-08,DENTAL,J06.9,1650.00,PAID
CLM0004523,MBR105677,2026-06-21,PHARMACY,J45.909,3776.54,PAID
CLM0004524,MBR105007,2026-02-24,PROFESSIONAL,N39.0,3021.73,PAID
CLM0004525,MBR100173,2026-02-10,INSTITUTIONAL,E78.5,745.87,PAID
CLM0004526,MBR104944,2026-08-28,PHARMACY,E11.9,4528.79,PAID
CLM0004527,MBR100255,2026-04-03,PROFESSIONAL,F41.1,314.26,PAID
CLM0004528,MBR109770,2026-07-23,INSTITUTIONAL,N39.0,3209.35,PAID
CLM0004529,MBR109616,2026-05-04,PROFESSIONAL,R51.9,4960.45,PAID
CLM0004530,MBR106819,2026-02-25,DENTAL,F41.1,2650.78,PAID
CLM0004531,MBR102475,2026-03-12,INSTITUTIONAL,Z00.00,543.18,PENDED
CLM0004532,MBR101328,2026-04-16,PROFESSIONAL,J45.909,3150.23,PAID
CLM0004533,MBR100829,2026-01-11,DENTAL,K21.9,1037.47,PAID
CLM0004534,MBR109739,2026-08-17,DENTAL,K21.9,4019.52,PAID
CLM0004535,MBR103747,2026-07-26,DENTAL,S82.401A,4527.52,PAID
CLM0004536,MBR101376,2026-07-25,PHARMACY,J45.909,2893.18,PENDED
CLM0004537,MBR107382,2026-03-02,DENTAL,K21.9,2634.22,DENIED
CLM0004538,MBR100248,2026-07-19,DENTAL,Z00.00,4955.25,PAID
CLM0004539,MBR102527,2026-01-02,DENTAL,E11.9,1616.77,PAID
CLM0004540,MBR109854,2026-07-06,PHARMACY,E78.5,3217.81,PENDED
CLM0004541,MBR103362,2026-07-18,PHARMACY,Z00.00,2691.46,PAID
CLM0004542,MBR106548,2026-04-24,DENTAL,I10,,PENDED
CLM0004543,MBR108489,2026-06-27,PROFESSIONAL,K21.9,,PENDED
CLM0004544,MBR100419,2026-06-06,PHARMACY,J06.9,3724.60,PAID
CLM0004545,MBR107092,2026-01-31,PROFESSIONAL,K21.9,3862.46,PAID
CLM0004546,MBR103632,2026-05-05,PHARMACY,F41.1,2102.62,PENDED
CLM0004547,MBR103148,2026-03-04,PHARMACY,F41.1,,PENDED
CLM0004548,MBR105422,2026-03-27,INSTITUTIONAL,S82.401A,725.59,PAID
CLM0004549,MBR108494,2026-07-21,PROFESSIONAL,K21.9,4932.22,PAID
CLM0004550,MBR109547,2026-05-08,PHARMACY,S82.401A,2358.22,PAID
CLM0004551,MBR107038,2026-04-14,PROFESSIONAL,Z00.00,1935.68,PAID
CLM0004552,MBR109405,2026-05-27,INSTITUTIONAL,E78.5,1623.95,PAID
CLM0004553,MBR102473,2026-03-02,INSTITUTIONAL,S82.401A,3973.66,DENIED
CLM0004554,MBR104259,2026-07-05,PROFESSIONAL,N39.0,4352.62,DENIED
CLM0004555,MBR101220,2026-03-26,PROFESSIONAL,Z00.00,2763.50,DENIED
CLM0004556,MBR107941,2026-05-17,PROFESSIONAL,E11.9,3621.48,PAID
CLM0004557,MBR106220,2026-04-04,INSTITUTIONAL,I10,4440.57,DENIED
CLM0004558,MBR100708,2026-01-19,PHARMACY,E78.5,403.28,PAID
CLM0004559,MBR105606,2026-05-23,INSTITUTIONAL,N39.0,2807.18,PAID
CLM0004560,MBR103662,2026-01-12,PHARMACY,N39.0,4630.86,PAID
CLM0004561,MBR107082,2026-01-20,PROFESSIONAL,E11.9,,PAID
CLM0004562,MBR102275,2026-02-23,INSTITUTIONAL,,828.42,PAID
CLM0004563,MBR106573,2026-04-21,DENTAL,S82.401A,,DENIED
CLM0004564,MBR107303,2026-07-31,INSTITUTIONAL,E11.9,2207.62,PAID
CLM0004565,MBR102032,2026-07-08,PHARMACY,E11.9,1334.89,PAID
CLM0004566,MBR107586,2026-06-18,DENTAL,J45.909,83.90,DENIED
CLM0004567,MBR107360,2026-02-27,DENTAL,R51.9,805.25,PENDED
CLM0004568,MBR102012,2026-01-11,PROFESSIONAL,E11.9,4281.25,PAID
CLM0004569,MBR104450,2026-04-22,PROFESSIONAL,Z00.00,2164.24,PENDED
CLM0004570,MBR107573,2026-01-06,PHARMACY,J45.909,4379.72,PAID
CLM0004571,MBR109913,2026-01-11,PHARMACY,F41.1,4828.11,PAID
CLM0004572,MBR100159,2026-01-31,INSTITUTIONAL,E78.5,234.18,PAID
CLM0004573,MBR105296,2026-02-17,PROFESSIONAL,J06.9,1127.37,PENDED
CLM0004574,MBR103451,2026-05-24,PROFESSIONAL,M54.5,2242.01,PAID
CLM0004575,MBR108852,2026-04-26,PHARMACY,K21.9,400.64,PAID
CLM0004576,MBR101866,2026-07-18,INSTITUTIONAL,E78.5,599.57,PAID
CLM0004577,MBR100868,2026-05-14,DENTAL,F41.1,3251.90,PAID
CLM0004578,MBR100923,2026-06-07,INSTITUTIONAL,I10,465.74,PAID
CLM0004579,MBR105113,2026-04-14,PROFESSIONAL,J06.9,,PAID
CLM0004580,MBR104072,2026-04-25,INSTITUTIONAL,J45.909,3202.79,PAID
CLM0004581,MBR107239,2026-03-18,DENTAL,S82.401A,1806.69,PAID
CLM0004582,MBR105771,2026-02-03,DENTAL,I10,2289.54,PAID
CLM0004583,MBR109754,2026-05-08,INSTITUTIONAL,F41.1,1947.66,PENDED
CLM0004584,MBR106434,2026-06-28,PROFESSIONAL,I10,2482.65,PAID
CLM0004585,MBR106861,2026-07-22,INSTITUTIONAL,I10,500.40,PAID
CLM0004586,MBR106732,2026-03-16,PHARMACY,M54.5,176.31,PAID
CLM0004587,MBR104540,2026-07-20,PHARMACY,E78.5,4692.03,PENDED
CLM0004588,MBR102398,2026-08-11,PROFESSIONAL,M54.5,4602.30,PAID
CLM0004589,MBR108708,2026-02-17,INSTITUTIONAL,E11.9,3292.80,PAID
CLM0004590,MBR105419,2026-08-07,INSTITUTIONAL,J06.9,1731.09,PAID
CLM0004591,MBR104832,2026-04-08,PROFESSIONAL,R51.9,144.39,PAID
CLM0004592,MBR109162,2026-08-14,PHARMACY,K21.9,444.98,PAID
CLM0004593,MBR100913,2026-05-03,DENTAL,J45.909,4316.70,DENIED
CLM0004594,MBR108143,2026-06-22,PROFESSIONAL,J45.909,3679.03,DENIED
CLM0004595,MBR102441,2026-04-03,PHARMACY,R51.9,1010.96,PAID
CLM0004596,MBR102504,2026-06-25,PROFESSIONAL,R51.9,1138.13,PAID
CLM0004597,MBR104718,2026-02-12,PHARMACY,Z00.00,3088.61,PAID
CLM0004598,MBR101502,2026-07-31,PROFESSIONAL,R51.9,2229.09,PENDED
CLM0004599,MBR103387,2026-04-03,PHARMACY,Z00.00,4363.46,PAID
CLM0004600,MBR106315,2026-07-30,PROFESSIONAL,K21.9,708.49,PAID
CLM0004601,MBR108653,2026-03-05,DENTAL,F41.1,965.23,PAID
CLM0004602,MBR108579,2026-01-19,PROFESSIONAL,F41.1,459.74,PAID
CLM0004603,MBR106236,2026-06-28,DENTAL,,,PAID
CLM0004604,MBR100345,2026-02-18,PHARMACY,R51.9,1559.54,PENDED
CLM0004605,MBR105173,2026-08-27,PROFESSIONAL,J06.9,4917.01,DENIED
CLM0004606,MBR100297,2026-04-22,INSTITUTIONAL,K21.9,3579.91,PAID
CLM0004607,MBR103641,2026-08-25,PROFESSIONAL,I10,2564.92,PAID
CLM0004608,MBR100726,2026-06-25,PROFESSIONAL,I10,1942.44,PAID
CLM0004609,MBR108217,2026-06-16,PROFESSIONAL,E78.5,1181.78,PAID
CLM0004610,MBR109270,2026-04-23,DENTAL,J45.909,2985.69,PAID
CLM0004611,MBR102710,2026-08-25,INSTITUTIONAL,E78.5,4876.66,PAID
CLM0004612,MBR105926,2026-02-06,PROFESSIONAL,Z00.00,172.39,DENIED
CLM0004613,MBR104121,2026-01-18,PHARMACY,J06.9,1625.19,PAID
CLM0004614,MBR107997,2026-07-30,PROFESSIONAL,Z00.00,4300.47,DENIED
CLM0004615,MBR104027,2026-08-10,INSTITUTIONAL,K21.9,1912.18,PAID
CLM0004616,MBR109799,2026-07-02,PHARMACY,N39.0,3455.03,PENDED
CLM0004617,MBR107149,2026-04-18,PROFESSIONAL,E78.5,2469.90,PAID
CLM0004618,MBR108275,2026-04-28,DENTAL,K21.9,760.59,PAID
CLM0004619,MBR104565,2026-07-20,PHARMACY,N39.0,2455.77,PAID
CLM0004620,MBR101878,2026-03-17,DENTAL,Z00.00,2424.57,PAID
CLM0004621,MBR102060,2026-02-08,PHARMACY,E11.9,525.58,DENIED
CLM0004622,MBR106415,2026-06-02,DENTAL,E11.9,1675.86,PAID
CLM0004623,MBR100175,2026-01-18,PHARMACY,F41.1,1875.80,DENIED
CLM0004624,MBR100217,2026-07-25,DENTAL,E11.9,487.88,PAID
CLM0004625,MBR101247,2026-03-15,PHARMACY,,511.75,DENIED
CLM0004626,MBR101302,2026-04-10,PROFESSIONAL,F41.1,2832.63,PAID
CLM0004627,MBR106376,2026-04-02,INSTITUTIONAL,I10,1576.86,PAID
CLM0004628,MBR107526,2026-06-29,PHARMACY,E78.5,598.05,PAID
CLM0004629,MBR103287,2026-01-19,PROFESSIONAL,Z00.00,1342.44,DENIED
CLM0004630,MBR100402,2026-01-31,DENTAL,E11.9,2766.37,PAID
CLM0004631,MBR102975,2026-07-16,PHARMACY,K21.9,563.26,PAID
CLM0004632,MBR100164,2026-05-27,PROFESSIONAL,I10,2444.12,DENIED
CLM0004633,MBR102570,2026-02-02,INSTITUTIONAL,F41.1,724.88,DENIED
CLM0004634,MBR109056,2026-01-27,PROFESSIONAL,Z00.00,897.22,PAID
CLM0004635,MBR109931,2026-08-27,PROFESSIONAL,J45.909,711.56,PENDED
CLM0004636,MBR109914,2026-01-26,PROFESSIONAL,M54.5,1001.79,PENDED
CLM0004637,MBR105262,2026-03-09,DENTAL,I10,1965.62,PAID
CLM0004638,MBR105326,2026-01-22,PROFESSIONAL,J45.909,2588.54,PAID
CLM0004639,MBR103183,2026-08-07,PHARMACY,I10,3926.01,PENDED
CLM0004640,MBR104974,2026-01-06,DENTAL,K21.9,2165.67,PAID
CLM0004641,MBR102495,2026-06-04,DENTAL,K21.9,4751.38,PAID
CLM0004642,MBR106781,2026-01-04,PHARMACY,J45.909,1761.52,PAID
CLM0004643,MBR108598,2026-04-29,PHARMACY,J45.909,31.50,PAID
CLM0004644,MBR102934,2026-05-11,INSTITUTIONAL,N39.0,2667.15,PAID
CLM0004645,MBR107935,2026-08-12,INSTITUTIONAL,J06.9,2746.40,PAID
CLM0004646,MBR107122,2026-07-10,PROFESSIONAL,F41.1,1705.21,PENDED
CLM0004647,MBR106358,2026-01-03,PROFESSIONAL,R51.9,4141.23,PAID
CLM0004648,MBR106646,2026-06-18,INSTITUTIONAL,K21.9,1889.59,PAID
CLM0004649,MBR103964,2026-08-14,PROFESSIONAL,K21.9,4558.71,DENIED
CLM0004650,MBR104805,2026-04-18,PROFESSIONAL,,2989.86,PAID
CLM0004651,MBR107542,2026-02-26,DENTAL,N39.0,25.59,PAID
CLM0004652,MBR105663,2026-05-05,INSTITUTIONAL,J06.9,4524.74,DENIED
CLM0004653,MBR109073,2026-04-01,PROFESSIONAL,K21.9,2688.64,PENDED
CLM0004654,MBR100623,2026-05-06,PROFESSIONAL,J06.9,3353.38,PENDED
CLM0004655,MBR109141,2026-05-11,DENTAL,I10,2740.60,PAID
CLM0004656,MBR108774,2026-01-31,PROFESSIONAL,R51.9,414.89,PAID
CLM0004657,MBR100880,2026-03-10,PROFESSIONAL,N39.0,3321.39,PAID
CLM0004658,MBR104218,2026-07-09,PROFESSIONAL,J45.909,3771.53,PAID
CLM0004659,MBR106766,2026-01-03,PROFESSIONAL,J45.909,3946.17,PAID
CLM0004660,MBR109967,2026-02-08,PHARMACY,N39.0,1917.42,PAID
CLM0004661,MBR107894,2026-03-08,PHARMACY,F41.1,1180.67,PAID
CLM0004662,MBR103717,2026-06-22,PROFESSIONAL,N39.0,2926.25,DENIED
CLM0004663,MBR107141,2026-01-06,PROFESSIONAL,E11.9,1310.07,PENDED
CLM0004664,MBR102391,2026-08-27,DENTAL,J06.9,1142.13,DENIED
CLM0004665,MBR107009,2026-01-08,PHARMACY,,,DENIED
CLM0004666,MBR109582,2026-01-26,PROFESSIONAL,E78.5,1323.60,PAID
CLM0004667,MBR105180,2026-07-22,DENTAL,J45.909,689.49,PAID
CLM0004668,MBR101176,2026-02-23,PHARMACY,E78.5,4452.05,PAID
CLM0004669,MBR102010,2026-05-02,PROFESSIONAL,E11.9,4206.24,PAID
CLM0004670,MBR105132,2026-05-23,PROFESSIONAL,K21.9,4802.67,PAID
CLM0004671,MBR100636,2026-03-12,INSTITUTIONAL,F41.1,2511.88,DENIED
CLM0004672,MBR106631,2026-06-17,PROFESSIONAL,Z00.00,3795.54,PAID
CLM0004673,MBR109847,2026-01-31,PHARMACY,J06.9,3772.50,PAID
CLM0004674,MBR109182,2026-02-19,DENTAL,E78.5,3923.26,DENIED
CLM0004675,MBR104274,2026-06-24,INSTITUTIONAL,E78.5,775.69,PAID
CLM0004676,MBR107306,2026-06-07,DENTAL,N39.0,194.63,PAID
CLM0004677,MBR105249,2026-07-09,INSTITUTIONAL,J06.9,2122.64,PAID
CLM0004678,MBR107947,2026-06-05,PROFESSIONAL,,2365.84,PAID
CLM0004679,MBR105050,2026-01-29,PROFESSIONAL,M54.5,3336.01,PAID
CLM0004680,MBR107179,2026-05-26,PHARMACY,E78.5,1429.22,PAID
CLM0004681,MBR109937,2026-02-02,PROFESSIONAL,E78.5,1079.61,PENDED
CLM0004682,MBR103267,2026-07-15,INSTITUTIONAL,R51.9,1563.31,PAID
CLM0004683,MBR105066,2026-08-29,DENTAL,K21.9,235.38,PAID
CLM0004684,MBR102095,2026-06-09,DENTAL,S82.401A,1876.66,PAID
CLM0004685,MBR109518,2026-06-07,DENTAL,N39.0,2290.44,PAID
CLM0004686,MBR103328,2026-06-18,INSTITUTIONAL,N39.0,373.90,PAID
CLM0004687,MBR106361,2026-02-19,PROFESSIONAL,I10,3759.74,PAID
CLM0004688,MBR108006,2026-03-05,INSTITUTIONAL,J06.9,4135.43,PAID
CLM0004689,MBR100083,2026-07-08,PROFESSIONAL,Z00.00,936.97,PAID
CLM0004690,MBR109653,2026-08-03,PROFESSIONAL,,4776.18,DENIED
CLM0004691,MBR107500,2026-04-13,PHARMACY,N39.0,3584.88,PAID
CLM0004692,MBR104597,2026-07-12,DENTAL,S82.401A,4253.59,PAID
CLM0004693,MBR106034,2026-08-12,PHARMACY,F41.1,177.61,DENIED
CLM0004694,MBR102928,2026-07-02,DENTAL,E11.9,916.09,PAID
CLM0004695,MBR101493,2026-05-27,PHARMACY,E11.9,2285.50,PENDED
CLM0004696,MBR109839,2026-01-27,PHARMACY,J06.9,4400.97,PAID
CLM0004697,MBR104054,2026-06-09,INSTITUTIONAL,N39.0,4797.86,PENDED
CLM0004698,MBR100593,2026-05-03,INSTITUTIONAL,K21.9,526.99,DENIED
CLM0004699,MBR107695,2026-01-12,DENTAL,M54.5,4096.09,DENIED
CLM0004700,MBR104387,2026-06-01,PROFESSIONAL,E78.5,3522.29,PAID
CLM0004701,MBR101210,2026-01-05,PROFESSIONAL,S82.401A,3734.30,DENIED
CLM0004702,MBR109160,2026-01-29,PROFESSIONAL,I10,1378.45,PENDED
CLM0004703,MBR100617,2026-07-15,PROFESSIONAL,Z00.00,3760.31,PAID
CLM0004704,MBR103876,2026-02-05,DENTAL,R51.9,4480.95,PAID
CLM0004705,MBR108759,2026-02-18,PROFESSIONAL,M54.5,2666.58,PAID
CLM0004706,MBR106401,2026-02-24,PHARMACY,J45.909,3465.64,PENDED
CLM0004707,MBR106611,2026-08-29,DENTAL,I10,3499.69,PAID
CLM0004708,MBR108234,2026-08-08,INSTITUTIONAL,E11.9,1498.21,PAID
CLM0004709,MBR109625,2026-02-11,PHARMACY,I10,652.89,PAID
CLM0004710,MBR108241,2026-04-09,PROFESSIONAL,N39.0,3269.09,PAID
CLM0004711,MBR100757,2026-01-19,INSTITUTIONAL,F41.1,3060.21,PAID
CLM0004712,MBR101299,2026-02-23,PHARMACY,Z00.00,743.63,PAID
CLM0004713,MBR101690,2026-02-04,INSTITUTIONAL,E78.5,1963.89,PAID
CLM0004714,MBR103253,2026-01-01,PROFESSIONAL,M54.5,2893.20,PAID
CLM0004715,MBR105489,2026-07-05,PROFESSIONAL,E78.5,1767.28,PAID
CLM0004716,MBR103326,2026-07-16,DENTAL,E78.5,4070.35,PAID
CLM0004717,MBR106103,2026-01-17,PHARMACY,E78.5,4983.99,PENDED
CLM0004718,MBR109924,2026-01-16,INSTITUTIONAL,E11.9,4654.05,DENIED
CLM0004719,MBR102058,2026-04-02,PHARMACY,J06.9,3194.29,PAID
CLM0004720,MBR100795,2026-08-07,INSTITUTIONAL,J06.9,3215.39,PENDED
CLM0004721,MBR100230,2026-07-16,INSTITUTIONAL,I10,75.07,PENDED
CLM0004722,MBR105331,2026-06-25,PHARMACY,S82.401A,2327.00,PAID
CLM0004723,MBR102067,2026-07-12,PHARMACY,E11.9,4469.88,PAID
CLM0004724,MBR107310,2026-01-26,PROFESSIONAL,J45.909,1739.17,DENIED
CLM0004725,MBR101585,2026-06-08,PHARMACY,J06.9,278.82,PAID
CLM0004726,MBR102206,2026-04-21,PHARMACY,F41.1,4674.36,PAID
CLM0004727,MBR108173,2026-02-25,PHARMACY,I10,1624.97,PENDED
CLM0004728,MBR100181,2026-04-09,PHARMACY,Z00.00,4102.18,PAID
CLM0004729,MBR100950,2026-07-25,DENTAL,F41.1,3793.12,PAID
CLM0004730,MBR105430,2026-01-05,INSTITUTIONAL,F41.1,2037.13,PENDED
CLM0004731,MBR100716,2026-03-06,INSTITUTIONAL,J06.9,3100.75,DENIED
CLM0004732,MBR108891,2026-07-04,PHARMACY,I10,1353.08,PENDED
CLM0004733,MBR108097,2026-07-13,PROFESSIONAL,J06.9,3169.54,PAID
CLM0004734,MBR109128,2026-07-11,PROFESSIONAL,I10,4569.59,PAID
CLM0004735,MBR107127,2026-08-26,DENTAL,Z00.00,1347.89,PAID
CLM0004736,MBR105182,2026-04-23,INSTITUTIONAL,E78.5,4169.22,PAID
CLM0004737,MBR106863,2026-05-28,DENTAL,K21.9,1677.75,PENDED
CLM0004738,MBR105663,2026-05-21,DENTAL,M54.5,4010.78,DENIED
CLM0004739,MBR102013,2026-07-22,PHARMACY,E11.9,2353.24,PAID
CLM0004740,MBR101501,2026-06-01,INSTITUTIONAL,E11.9,303.85,PAID
CLM0004741,MBR104534,2026-02-22,INSTITUTIONAL,Z00.00,322.80,PAID
CLM0004742,MBR108213,2026-08-17,DENTAL,J45.909,580.86,DENIED
CLM0004743,MBR101374,2026-07-13,PROFESSIONAL,M54.5,4546.84,PAID
CLM0004744,MBR101998,2026-04-26,PROFESSIONAL,R51.9,984.76,DENIED
CLM0004745,MBR107751,2026-05-26,PROFESSIONAL,K21.9,3932.61,PAID
CLM0004746,MBR100970,2026-04-06,PHARMACY,I10,2611.40,PAID
CLM0004747,MBR100472,2026-05-19,PROFESSIONAL,J06.9,4142.05,PAID
CLM0004748,MBR101809,2026-03-12,PROFESSIONAL,Z00.00,3504.27,DENIED
CLM0004749,MBR105993,2026-07-20,PROFESSIONAL,E11.9,2837.05,PAID
CLM0004750,MBR107128,2026-04-25,PROFESSIONAL,J06.9,4533.02,PENDED
CLM0004751,MBR102399,2026-06-23,PROFESSIONAL,I10,,PAID
CLM0004752,MBR109052,2026-04-17,DENTAL,J06.9,1414.36,DENIED
CLM0004753,MBR103633,2026-02-26,DENTAL,Z00.00,1466.79,PAID
CLM0004754,MBR105212,2026-03-22,INSTITUTIONAL,F41.1,2832.67,PAID
CLM0004755,MBR103124,2026-08-02,PROFESSIONAL,Z00.00,4677.60,DENIED
CLM0004756,MBR107014,2026-02-28,DENTAL,I10,247.01,PAID
CLM0004757,MBR101857,2026-03-26,INSTITUTIONAL,F41.1,46.84,PENDED
CLM0004758,MBR105917,2026-03-27,DENTAL,J45.909,3280.86,PAID
CLM0004759,MBR106291,2026-07-22,DENTAL,M54.5,1587.77,PAID
CLM0004760,MBR103157,2026-06-10,INSTITUTIONAL,Z00.00,2817.95,PAID
CLM0004761,MBR100171,2026-05-12,INSTITUTIONAL,R51.9,4387.57,DENIED
CLM0004762,MBR100417,2026-05-27,PHARMACY,E11.9,4174.19,DENIED
CLM0004763,MBR109657,2026-04-29,DENTAL,F41.1,3234.71,PENDED
CLM0004764,MBR108116,2026-03-14,PROFESSIONAL,F41.1,980.92,PAID
CLM0004765,MBR106122,2026-01-26,PROFESSIONAL,N39.0,3030.96,DENIED
CLM0004766,MBR108494,2026-02-03,PROFESSIONAL,M54.5,4120.96,DENIED
CLM0004767,MBR103280,2026-02-25,DENTAL,E78.5,2865.94,PENDED
CLM0004768,MBR103260,2026-02-03,PROFESSIONAL,E11.9,3718.90,PAID
CLM0004769,MBR101679,2026-08-31,PROFESSIONAL,E11.9,3826.53,PAID
CLM0004770,MBR109324,2026-06-16,PHARMACY,I10,2562.13,PAID
CLM0004771,MBR105247,2026-04-01,PHARMACY,R51.9,4952.79,PAID
CLM0004772,MBR106146,2026-04-04,DENTAL,S82.401A,4849.97,PAID
CLM0004773,MBR104497,2026-01-28,PHARMACY,N39.0,2424.71,PAID
CLM0004774,MBR102169,2026-03-15,PROFESSIONAL,E11.9,3257.71,PAID
CLM0004775,MBR109221,2026-07-07,PHARMACY,J06.9,688.85,PAID
CLM0004776,MBR101534,2026-01-16,INSTITUTIONAL,J45.909,4700.40,PENDED
CLM0004777,MBR106697,2026-06-20,PHARMACY,S82.401A,1345.98,PAID
CLM0004778,MBR104898,2026-05-09,PHARMACY,I10,3780.25,DENIED
CLM0004779,MBR103951,2026-01-06,DENTAL,E78.5,2660.62,DENIED
CLM0004780,MBR107358,2026-04-20,PROFESSIONAL,S82.401A,621.32,PAID
CLM0004781,MBR106531,2026-08-21,DENTAL,E78.5,1569.61,DENIED
CLM0004782,MBR100972,2026-08-08,INSTITUTIONAL,J06.9,1490.53,PAID
CLM0004783,MBR106579,2026-04-16,PROFESSIONAL,S82.401A,834.69,DENIED
CLM0004784,MBR102083,2026-06-17,PHARMACY,M54.5,2021.70,PAID
CLM0004785,MBR100578,2026-03-19,PHARMACY,E78.5,3014.98,PAID
CLM0004786,MBR107530,2026-08-12,INSTITUTIONAL,K21.9,4020.79,PAID
CLM0004787,MBR108015,2026-01-13,INSTITUTIONAL,E11.9,1359.63,PAID
CLM0004788,MBR104885,2026-03-07,PROFESSIONAL,J45.909,1169.84,PENDED
CLM0004789,MBR107205,2026-08-10,INSTITUTIONAL,F41.1,4283.90,DENIED
CLM0004790,MBR100578,2026-03-27,DENTAL,J06.9,1990.45,PAID
CLM0004791,MBR102848,2026-02-14,PROFESSIONAL,Z00.00,1128.57,PENDED
CLM0004792,MBR102102,2026-03-19,PROFESSIONAL,R51.9,556.56,PAID
CLM0004793,MBR102020,2026-02-08,PHARMACY,J06.9,2294.79,PAID
CLM0004794,MBR107364,2026-05-08,DENTAL,J06.9,1940.36,PAID
CLM0004795,MBR103554,2026-07-09,DENTAL,J06.9,1801.77,PAID
CLM0004796,MBR101400,2026-01-16,INSTITUTIONAL,F41.1,2175.94,PAID
CLM0004797,MBR109538,2026-04-16,PROFESSIONAL,K21.9,1727.79,PAID
CLM0004798,MBR106044,2026-08-25,PHARMACY,I10,3541.12,PAID
CLM0004799,MBR105256,2026-08-04,PROFESSIONAL,E11.9,4896.26,PAID
CLM0004800,MBR109065,2026-04-12,PHARMACY,Z00.00,539.31,PAID
CLM0004801,MBR105010,2026-03-29,DENTAL,J45.909,2506.64,PENDED
CLM0004802,MBR106152,2026-02-09,PROFESSIONAL,Z00.00,3300.32,PENDED
CLM0004803,MBR100622,2026-03-29,INSTITUTIONAL,S82.401A,438.63,PAID
CLM0004804,MBR108418,2026-07-14,PHARMACY,N39.0,2534.60,PENDED
CLM0004805,MBR108004,2026-02-01,DENTAL,S82.401A,3450.35,PAID
CLM0004806,MBR107990,2026-06-21,PROFESSIONAL,I10,2122.78,PENDED
CLM0004807,MBR107941,2026-05-22,INSTITUTIONAL,K21.9,188.58,PAID
CLM0004808,MBR109634,2026-08-19,PROFESSIONAL,E11.9,4005.35,PENDED
CLM0004809,MBR109689,2026-05-15,DENTAL,E78.5,187.44,PAID
CLM0004810,MBR109338,2026-07-27,PROFESSIONAL,J45.909,4536.63,PAID
CLM0004811,MBR104669,2026-05-24,DENTAL,F41.1,1410.05,PENDED
CLM0004812,MBR107885,2026-05-26,PROFESSIONAL,N39.0,3262.68,PAID
CLM0004813,MBR101405,2026-06-08,DENTAL,F41.1,1098.11,PAID
CLM0004814,MBR104745,2026-02-28,PROFESSIONAL,R51.9,607.55,DENIED
CLM0004815,MBR109918,2026-02-13,PROFESSIONAL,,2542.02,DENIED
CLM0004816,MBR109020,2026-08-14,PROFESSIONAL,E78.5,3405.59,PAID
CLM0004817,MBR101021,2026-07-18,PROFESSIONAL,M54.5,2774.84,PAID
CLM0004818,MBR109524,2026-06-17,DENTAL,S82.401A,3356.01,PAID
CLM0004819,MBR100789,2026-04-23,PROFESSIONAL,J45.909,4035.12,PAID
CLM0004820,MBR107422,2026-07-02,INSTITUTIONAL,E11.9,4971.27,PAID
CLM0004821,MBR103913,2026-02-06,INSTITUTIONAL,Z00.00,,PAID
CLM0004822,MBR102561,2026-03-12,PROFESSIONAL,,3200.99,PAID
CLM0004823,MBR109120,2026-08-17,PHARMACY,F41.1,3540.30,PENDED
CLM0004824,MBR102017,2026-06-09,DENTAL,I10,2898.72,PAID
CLM0004825,MBR105121,2026-05-01,PROFESSIONAL,E11.9,,DENIED
CLM0004826,MBR104161,2026-08-30,PHARMACY,S82.401A,4811.22,PAID
CLM0004827,MBR102083,2026-08-01,DENTAL,I10,4526.97,DENIED
CLM0004828,MBR103325,2026-06-24,PROFESSIONAL,E78.5,4137.23,PAID
CLM0004829,MBR101613,2026-01-21,INSTITUTIONAL,R51.9,193.50,PAID
CLM0004830,MBR106367,2026-02-15,DENTAL,F41.1,1443.70,PAID
CLM0004831,MBR109374,2026-05-03,PHARMACY,R51.9,66.42,DENIED
CLM0004832,MBR107525,2026-02-19,INSTITUTIONAL,J06.9,2220.37,DENIED
CLM0004833,MBR101731,2026-03-14,PROFESSIONAL,N39.0,365.20,PAID
CLM0004834,MBR103777,2026-05-11,INSTITUTIONAL,I10,1598.63,PAID
CLM0004835,MBR109571,2026-03-22,PROFESSIONAL,Z00.00,4539.42,PAID
CLM0004836,MBR101471,2026-04-26,PHARMACY,I10,1104.81,DENIED
CLM0004837,MBR103148,2026-02-27,PHARMACY,I10,1271.50,PENDED
CLM0004838,MBR102736,2026-04-20,DENTAL,I10,2561.06,PAID
CLM0004839,MBR102430,2026-08-27,PHARMACY,R51.9,4763.63,DENIED
CLM0004840,MBR105506,2026-03-18,DENTAL,N39.0,719.66,PAID
CLM0004841,MBR104696,2026-08-30,DENTAL,J45.909,1419.18,PAID
CLM0004842,MBR109548,2026-08-10,PHARMACY,K21.9,2009.42,PAID
CLM0004843,MBR102589,2026-01-02,INSTITUTIONAL,K21.9,2154.15,DENIED
CLM0004844,MBR105176,2026-02-06,PROFESSIONAL,E11.9,1068.87,PAID
CLM0004845,MBR101060,2026-02-11,PROFESSIONAL,F41.1,2238.75,PENDED
CLM0004846,MBR109906,2026-02-19,PROFESSIONAL,E11.9,1660.49,PAID
CLM0004847,MBR102286,2026-04-15,PROFESSIONAL,R51.9,4324.70,PENDED
CLM0004848,MBR109277,2026-04-03,PROFESSIONAL,F41.1,2889.87,DENIED
CLM0004849,MBR109980,2026-08-01,DENTAL,,1059.66,PAID
CLM0004850,MBR103477,2026-06-26,PHARMACY,E78.5,1371.12,DENIED
CLM0004851,MBR108991,2026-03-09,PROFESSIONAL,S82.401A,2710.34,PAID
CLM0004852,MBR101979,2026-01-03,PHARMACY,I10,2727.78,PAID
CLM0004853,MBR106612,2026-04-04,PROFESSIONAL,Z00.00,2729.26,PAID
CLM0004854,MBR105672,2026-05-13,PROFESSIONAL,E78.5,964.12,PENDED
CLM0004855,MBR104303,2026-04-02,PHARMACY,K21.9,4846.42,PAID
CLM0004856,MBR100777,2026-01-19,PROFESSIONAL,J06.9,3708.64,PAID
CLM0004857,MBR102700,2026-02-08,PHARMACY,E78.5,3690.75,PENDED
CLM0004858,MBR101237,2026-08-15,INSTITUTIONAL,R51.9,4349.72,PAID
CLM0004859,MBR104322,2026-07-10,PROFESSIONAL,I10,2657.44,PAID
CLM0004860,MBR109680,2026-05-31,PROFESSIONAL,S82.401A,2541.46,PENDED
CLM0004861,MBR101140,2026-06-21,INSTITUTIONAL,K21.9,4071.95,PAID
CLM0004862,MBR103144,2026-03-11,INSTITUTIONAL,J45.909,1457.12,PAID
CLM0004863,MBR108442,2026-07-04,PHARMACY,E78.5,442.68,PAID
CLM0004864,MBR106542,2026-08-17,PHARMACY,S82.401A,,PAID
CLM0004865,MBR102656,2026-05-22,DENTAL,Z00.00,2684.75,DENIED
CLM0004866,MBR102206,2026-08-31,PROFESSIONAL,S82.401A,3828.09,PAID
CLM0004867,MBR109454,2026-08-11,PROFESSIONAL,F41.1,4609.15,PENDED
CLM0004868,MBR109185,2026-08-17,PHARMACY,F41.1,2631.42,PENDED
CLM0004869,MBR100845,2026-02-05,PHARMACY,S82.401A,901.54,PAID
CLM0004870,MBR106162,2026-04-18,INSTITUTIONAL,J45.909,1350.00,PAID
CLM0004871,MBR104820,2026-07-27,DENTAL,M54.5,3625.76,DENIED
CLM0004872,MBR104229,2026-04-17,PROFESSIONAL,M54.5,3371.61,PAID
CLM0004873,MBR100376,2026-06-26,PHARMACY,Z00.00,2677.86,PENDED
CLM0004874,MBR106000,2026-03-06,PHARMACY,S82.401A,3060.20,PAID
CLM0004875,MBR100744,2026-06-04,DENTAL,J45.909,,PAID
CLM0004876,MBR103954,2026-01-17,DENTAL,F41.1,3925.21,PAID
CLM0004877,MBR109882,2026-06-25,DENTAL,S82.401A,737.69,PAID
CLM0004878,MBR105173,2026-01-20,DENTAL,F41.1,3902.63,PAID
CLM0004879,MBR106908,2026-03-17,INSTITUTIONAL,M54.5,1951.13,PAID
CLM0004880,MBR102917,2026-05-08,INSTITUTIONAL,R51.9,3772.96,PAID
CLM0004881,MBR103735,2026-01-19,PROFESSIONAL,J06.9,771.23,PAID
CLM0004882,MBR109296,2026-08-28,INSTITUTIONAL,E78.5,1726.35,PAID
CLM0004883,MBR106060,2026-07-25,DENTAL,R51.9,2857.48,DENIED
CLM0004884,MBR104176,2026-07-04,PROFESSIONAL,M54.5,2130.16,PAID
CLM0004885,MBR100107,2026-03-12,PROFESSIONAL,E78.5,2383.43,PAID
CLM0004886,MBR108983,2026-05-05,INSTITUTIONAL,R51.9,3959.54,PENDED
CLM0004887,MBR101732,2026-08-12,PROFESSIONAL,E11.9,4878.55,PAID
CLM0004888,MBR102147,2026-05-21,INSTITUTIONAL,K21.9,909.19,PAID
CLM0004889,MBR100732,2026-04-25,DENTAL,M54.5,1698.75,PAID
CLM0004890,MBR109029,2026-08-04,PROFESSIONAL,K21.9,2442.94,PAID
CLM0004891,MBR106621,2026-05-02,INSTITUTIONAL,J45.909,1887.17,PAID
CLM0004892,MBR105360,2026-08-13,PROFESSIONAL,K21.9,46.16,DENIED
CLM0004893,MBR105098,2026-03-26,INSTITUTIONAL,J45.909,4338.69,PAID
CLM0004894,MBR106249,2026-01-12,INSTITUTIONAL,F41.1,1140.54,PAID
CLM0004895,MBR106093,2026-04-29,PROFESSIONAL,I10,1469.94,PAID
CLM0004896,MBR105185,2026-04-17,PHARMACY,M54.5,2126.63,PAID
CLM0004897,MBR108515,2026-03-24,DENTAL,K21.9,3327.85,PENDED
CLM0004898,MBR101744,2026-05-27,PROFESSIONAL,M54.5,1585.54,PAID
CLM0004899,MBR105444,2026-07-07,DENTAL,J45.909,4218.59,PAID
CLM0004900,MBR101294,2026-04-03,PROFESSIONAL,K21.9,149.59,PENDED
CLM0004901,MBR102797,2026-08-16,INSTITUTIONAL,K21.9,906.57,PAID
CLM0004902,MBR104794,2026-05-15,PROFESSIONAL,K21.9,2309.63,PAID
CLM0004903,MBR108908,2026-07-05,INSTITUTIONAL,Z00.00,4562.09,PAID
CLM0004904,MBR107827,2026-01-01,PHARMACY,N39.0,1259.48,PAID
CLM0004905,MBR104632,2026-08-03,PHARMACY,F41.1,2714.53,PAID
CLM0004906,MBR101572,2026-05-09,PROFESSIONAL,I10,739.19,PAID
CLM0004907,MBR109793,2026-01-16,PHARMACY,I10,834.63,PAID
CLM0004908,MBR104579,2026-01-05,PHARMACY,S82.401A,2207.76,PENDED
CLM0004909,MBR102560,2026-03-30,DENTAL,M54.5,1785.40,DENIED
CLM0004910,MBR103587,2026-05-05,PROFESSIONAL,J45.909,1080.90,PAID
CLM0004911,MBR102048,2026-01-12,PROFESSIONAL,E11.9,1275.53,PENDED
CLM0004912,MBR104052,2026-07-09,INSTITUTIONAL,I10,2652.25,PAID
CLM0004913,MBR109623,2026-05-19,DENTAL,K21.9,321.76,PAID
CLM0004914,MBR104911,2026-02-22,PROFESSIONAL,E78.5,409.51,PAID
CLM0004915,MBR102944,2026-01-25,PROFESSIONAL,I10,903.34,PAID
CLM0004916,MBR104559,2026-06-11,PROFESSIONAL,I10,3495.65,PAID
CLM0004917,MBR105534,2026-07-17,INSTITUTIONAL,S82.401A,3346.83,PAID
CLM0004918,MBR103000,2026-07-21,INSTITUTIONAL,J06.9,1313.58,DENIED
CLM0004919,MBR108917,2026-02-22,PROFESSIONAL,J06.9,3059.42,PENDED
CLM0004920,MBR103650,2026-08-26,INSTITUTIONAL,E78.5,610.97,PAID
CLM0004921,MBR101222,2026-02-16,INSTITUTIONAL,K21.9,1660.85,PAID
CLM0004922,MBR107349,2026-07-08,INSTITUTIONAL,F41.1,630.45,PAID
CLM0004923,MBR100568,2026-01-20,PROFESSIONAL,Z00.00,2189.31,PAID
CLM0004924,MBR103356,2026-07-13,INSTITUTIONAL,F41.1,1734.12,PAID
CLM0004925,MBR106380,2026-07-31,DENTAL,F41.1,3692.92,PAID
CLM0004926,MBR107997,2026-05-17,PROFESSIONAL,F41.1,416.53,PAID
CLM0004927,MBR101712,2026-06-01,PROFESSIONAL,E11.9,1689.60,PAID
CLM0004928,MBR104053,2026-07-30,PROFESSIONAL,K21.9,1656.42,PAID
CLM0004929,MBR107260,2026-02-24,PROFESSIONAL,F41.1,203.84,PAID
CLM0004930,MBR105316,2026-05-14,INSTITUTIONAL,Z00.00,1028.10,DENIED
CLM0004931,MBR105929,2026-01-01,INSTITUTIONAL,S82.401A,3768.86,PAID
CLM0004932,MBR105409,2026-08-10,DENTAL,K21.9,896.93,PAID
CLM0004933,MBR106296,2026-03-01,INSTITUTIONAL,J06.9,1615.05,PAID
CLM0004934,MBR104939,2026-07-30,PHARMACY,E78.5,525.18,PAID
CLM0004935,MBR101168,2026-03-17,PROFESSIONAL,N39.0,3413.09,PAID
CLM0004936,MBR107957,2026-01-30,PHARMACY,E11.9,134.96,PENDED
CLM0004937,MBR103162,2026-08-08,DENTAL,J06.9,2874.24,PENDED
CLM0004938,MBR102130,2026-05-15,DENTAL,I10,1945.19,PAID
CLM0004939,MBR104797,2026-01-08,PHARMACY,F41.1,1983.91,DENIED
CLM0004940,MBR103132,2026-03-11,PROFESSIONAL,I10,2499.83,PENDED
CLM0004941,MBR101355,2026-03-26,INSTITUTIONAL,Z00.00,1298.26,DENIED
CLM0004942,MBR108647,2026-08-24,DENTAL,J45.909,1197.16,PAID
CLM0004943,MBR105050,2026-07-11,PHARMACY,E11.9,3260.25,PAID
CLM0004944,MBR106248,2026-08-30,INSTITUTIONAL,N39.0,1163.37,PAID
CLM0004945,MBR100492,2026-04-16,PHARMACY,K21.9,4001.35,PAID
CLM0004946,MBR109578,2026-02-15,INSTITUTIONAL,R51.9,3235.89,PAID
CLM0004947,MBR106198,2026-08-21,PROFESSIONAL,F41.1,3057.24,PAID
CLM0004948,MBR107019,2026-07-10,INSTITUTIONAL,J06.9,1049.94,DENIED
CLM0004949,MBR105965,2026-06-01,PHARMACY,E78.5,3407.95,PAID
CLM0004950,MBR105747,2026-03-23,PHARMACY,R51.9,455.46,PENDED
CLM0004951,MBR108193,2026-04-23,PHARMACY,R51.9,3912.96,PAID
CLM0004952,MBR109608,2026-07-29,INSTITUTIONAL,R51.9,4957.60,PAID
CLM0004953,MBR109233,2026-06-26,INSTITUTIONAL,F41.1,3531.80,PAID
CLM0004954,MBR104046,2026-03-21,DENTAL,N39.0,4032.88,PAID
CLM0004955,MBR102110,2026-05-30,INSTITUTIONAL,M54.5,2181.20,PAID
CLM0004956,MBR104455,2026-02-26,DENTAL,E78.5,4756.25,PAID
CLM0004957,MBR103690,2026-01-07,DENTAL,E11.9,1119.81,PAID
CLM0004958,MBR107927,2026-05-27,INSTITUTIONAL,I10,3095.08,PAID
CLM0004959,MBR109351,2026-01-02,PROFESSIONAL,E11.9,373.85,PAID
CLM0004960,MBR103400,2026-02-05,PHARMACY,,4802.07,PAID
CLM0004961,MBR109730,2026-02-17,PHARMACY,N39.0,596.27,PAID
CLM0004962,MBR103378,2026-04-09,PROFESSIONAL,E78.5,1320.22,PAID
CLM0004963,MBR102822,2026-07-04,PROFESSIONAL,K21.9,2718.99,PAID
CLM0004964,MBR100692,2026-05-10,INSTITUTIONAL,J06.9,580.73,PAID
CLM0004965,MBR109374,2026-08-16,PHARMACY,E78.5,3131.56,PAID
CLM0004966,MBR104408,2026-07-03,INSTITUTIONAL,R51.9,929.51,PAID
CLM0004967,MBR105845,2026-07-21,DENTAL,E11.9,3083.12,PAID
CLM0004968,MBR106884,2026-01-30,INSTITUTIONAL,,4016.51,PAID
CLM0004969,MBR103053,2026-07-30,INSTITUTIONAL,I10,1738.71,DENIED
CLM0004970,MBR100538,2026-02-11,INSTITUTIONAL,N39.0,2234.49,PAID
CLM0004971,MBR103698,2026-01-04,PHARMACY,S82.401A,4464.65,PAID
CLM0004972,MBR100993,2026-05-01,INSTITUTIONAL,N39.0,3283.71,PAID
CLM0004973,MBR103134,2026-08-05,DENTAL,K21.9,514.77,PAID
CLM0004974,MBR101264,2026-08-24,PROFESSIONAL,Z00.00,1741.35,PAID
CLM0004975,MBR107391,2026-02-17,PROFESSIONAL,Z00.00,2834.48,DENIED
CLM0004976,MBR100343,2026-06-20,PROFESSIONAL,R51.9,2791.48,PENDED
CLM0004977,MBR106263,2026-08-21,PROFESSIONAL,S82.401A,,PAID
CLM0004978,MBR103417,2026-06-28,DENTAL,Z00.00,1670.58,PAID
CLM0004979,MBR108161,2026-08-12,PROFESSIONAL,K21.9,401.63,PAID
CLM0004980,MBR107818,2026-04-17,DENTAL,F41.1,,PAID
CLM0004981,MBR104811,2026-02-09,INSTITUTIONAL,E78.5,4194.44,PENDED
CLM0004982,MBR108071,2026-03-08,INSTITUTIONAL,R51.9,4831.56,PAID
CLM0004983,MBR104165,2026-02-03,PROFESSIONAL,R51.9,4212.57,PAID
CLM0004984,MBR109102,2026-02-04,DENTAL,I10,1576.35,PAID
CLM0004985,MBR107199,2026-08-12,INSTITUTIONAL,E11.9,2041.79,PAID
CLM0004986,MBR104691,2026-03-29,INSTITUTIONAL,E78.5,2558.11,PAID
CLM0004987,MBR103857,2026-05-21,INSTITUTIONAL,E11.9,1913.18,PAID
CLM0004988,MBR106782,2026-05-17,DENTAL,N39.0,1057.29,PAID
CLM0004989,MBR107559,2026-02-07,PROFESSIONAL,E11.9,,PAID
CLM0004990,MBR100578,2026-01-21,PHARMACY,J45.909,665.58,PAID
CLM0004991,MBR109497,2026-07-16,PROFESSIONAL,K21.9,509.44,PAID
CLM0004992,MBR104959,2026-08-22,DENTAL,J45.909,1953.63,PENDED
CLM0004993,MBR108280,2026-05-13,PHARMACY,E11.9,3114.38,DENIED
CLM0004994,MBR105582,2026-05-26,PHARMACY,E11.9,2485.70,PAID
CLM0004995,MBR108136,2026-02-10,PROFESSIONAL,Z00.00,1133.21,PAID
CLM0004996,MBR105375,2026-05-17,PROFESSIONAL,Z00.00,1753.22,PAID
CLM0004997,MBR108262,2026-01-12,DENTAL,R51.9,1435.31,PAID
CLM0004998,MBR105186,2026-01-11,PHARMACY,M54.5,4526.25,PAID
CLM0004999,MBR103923,2026-03-15,INSTITUTIONAL,F41.1,2426.52,PENDED
CLM0005000,MBR107262,2026-05-15,INSTITUTIONAL,R51.9,552.56,PAID
CLM0005001,MBR107827,2026-05-11,PROFESSIONAL,S82.401A,3592.79,PAID
CLM0005002,MBR104341,2026-02-05,INSTITUTIONAL,I10,2529.43,DENIED
CLM0005003,MBR107314,2026-03-10,PROFESSIONAL,,2472.30,DENIED
CLM0005004,MBR109205,2026-03-08,INSTITUTIONAL,J06.9,4414.70,PENDED
CLM0005005,MBR103412,2026-08-18,PROFESSIONAL,E78.5,2713.48,PAID
CLM0005006,MBR105261,2026-01-01,PHARMACY,E11.9,4598.69,PAID
CLM0005007,MBR101971,2026-01-13,INSTITUTIONAL,M54.5,467.94,PENDED
CLM0005008,MBR105698,2026-07-05,PHARMACY,Z00.00,3208.26,PAID
CLM0005009,MBR109434,2026-03-22,PROFESSIONAL,E78.5,199.86,DENIED
CLM0005010,MBR107900,2026-02-14,PROFESSIONAL,M54.5,2096.28,PAID
CLM0005011,MBR101005,2026-03-19,DENTAL,Z00.00,4211.02,PENDED
CLM0005012,MBR105278,2026-05-04,PHARMACY,M54.5,1026.65,PAID
CLM0005013,MBR102786,2026-06-25,PROFESSIONAL,I10,947.23,DENIED
CLM0005014,MBR101320,2026-01-12,DENTAL,M54.5,,PAID
CLM0005015,MBR104286,2026-04-27,DENTAL,N39.0,607.16,PAID
CLM0005016,MBR100349,2026-06-30,PHARMACY,E11.9,471.83,PAID
CLM0005017,MBR101252,2026-07-17,INSTITUTIONAL,M54.5,4829.99,PAID
CLM0005018,MBR101377,2026-01-19,INSTITUTIONAL,N39.0,4219.09,PAID
CLM0005019,MBR108155,2026-07-26,DENTAL,E11.9,2314.77,PAID
CLM0005020,MBR108150,2026-05-14,PHARMACY,S82.401A,1959.75,PENDED
CLM0005021,MBR109450,2026-02-05,INSTITUTIONAL,I10,3576.79,PAID
CLM0005022,MBR104589,2026-05-18,INSTITUTIONAL,J45.909,4845.16,PAID
CLM0005023,MBR104014,2026-05-27,INSTITUTIONAL,I10,190.57,PAID
CLM0005024,MBR101204,2026-08-28,PROFESSIONAL,I10,750.25,PAID
CLM0005025,MBR105134,2026-03-24,PHARMACY,N39.0,3225.82,DENIED
CLM0005026,MBR106160,2026-04-09,PROFESSIONAL,J45.909,2942.72,PENDED
CLM0005027,MBR101719,2026-06-20,PROFESSIONAL,J45.909,2702.61,PAID
CLM0005028,MBR109772,2026-05-18,PROFESSIONAL,S82.401A,258.14,PAID
CLM0005029,MBR100989,2026-02-17,PROFESSIONAL,S82.401A,3358.49,PAID
CLM0005030,MBR108057,2026-08-05,PHARMACY,Z00.00,2037.22,PAID
CLM0005031,MBR107608,2026-01-16,DENTAL,Z00.00,3034.31,PAID
CLM0005032,MBR108460,2026-05-24,INSTITUTIONAL,E11.9,3235.07,PAID
CLM0005033,MBR102112,2026-01-29,INSTITUTIONAL,F41.1,4987.09,PAID
CLM0005034,MBR106502,2026-04-11,PROFESSIONAL,E11.9,1407.67,PAID
CLM0005035,MBR102840,2026-04-12,INSTITUTIONAL,M54.5,4725.83,DENIED
CLM0005036,MBR101954,2026-01-26,PROFESSIONAL,E78.5,,DENIED
CLM0005037,MBR106641,2026-03-17,DENTAL,M54.5,1991.05,PENDED
CLM0005038,MBR105713,2026-05-02,PHARMACY,F41.1,4498.69,PAID
CLM0005039,MBR106521,2026-04-17,PROFESSIONAL,E11.9,2428.87,PAID
CLM0005040,MBR108601,2026-03-07,PROFESSIONAL,J06.9,4392.48,PAID
CLM0005041,MBR106267,2026-02-01,DENTAL,I10,2039.28,PAID
CLM0005042,MBR105617,2026-08-30,INSTITUTIONAL,J06.9,1994.77,PAID
CLM0005043,MBR107683,2026-06-19,PHARMACY,J45.909,3733.85,PAID
CLM0005044,MBR100906,2026-06-03,INSTITUTIONAL,J45.909,4062.83,PENDED
CLM0005045,MBR107193,2026-04-15,PROFESSIONAL,I10,3647.32,PAID
CLM0005046,MBR104128,2026-05-16,PROFESSIONAL,E11.9,3263.17,PAID
CLM0005047,MBR109954,2026-03-03,PROFESSIONAL,N39.0,2603.76,PAID
CLM0005048,MBR102585,2026-03-10,INSTITUTIONAL,M54.5,3904.46,PAID
CLM0005049,MBR102019,2026-02-14,DENTAL,R51.9,3783.43,DENIED
CLM0005050,MBR101661,2026-03-11,DENTAL,E78.5,3728.42,DENIED
CLM0005051,MBR107930,2026-08-14,INSTITUTIONAL,N39.0,4453.41,PAID
CLM0005052,MBR101754,2026-01-08,INSTITUTIONAL,M54.5,4651.85,PAID
CLM0005053,MBR103851,2026-06-23,INSTITUTIONAL,K21.9,4073.21,PAID
CLM0005054,MBR104906,2026-03-12,PROFESSIONAL,J06.9,1268.42,PAID
CLM0005055,MBR106399,2026-06-01,PROFESSIONAL,M54.5,1028.60,PAID
CLM0005056,MBR106074,2026-02-13,INSTITUTIONAL,R51.9,2141.02,PENDED
CLM0005057,MBR102910,2026-07-13,PHARMACY,Z00.00,2416.42,PAID
CLM0005058,MBR105866,2026-07-23,PROFESSIONAL,K21.9,2309.48,PENDED
CLM0005059,MBR108611,2026-01-02,INSTITUTIONAL,S82.401A,732.87,PAID
CLM0005060,MBR104678,2026-08-26,PROFESSIONAL,K21.9,3894.25,PAID
CLM0005061,MBR109475,2026-03-16,PHARMACY,N39.0,1804.08,PAID
CLM0005062,MBR103694,2026-08-24,DENTAL,K21.9,1594.27,PAID
CLM0005063,MBR109034,2026-04-19,PROFESSIONAL,,4036.74,PAID
CLM0005064,MBR102260,2026-06-15,DENTAL,E11.9,,PAID
CLM0005065,MBR105689,2026-01-11,DENTAL,N39.0,93.35,PAID
CLM0005066,MBR100802,2026-03-10,PROFESSIONAL,R51.9,4686.25,PAID
CLM0005067,MBR101316,2026-08-17,PHARMACY,S82.401A,3007.54,PAID
CLM0005068,MBR106523,2026-06-14,INSTITUTIONAL,M54.5,3134.29,PAID
CLM0005069,MBR107373,2026-01-18,PHARMACY,F41.1,4517.39,PAID
CLM0005070,MBR106096,2026-01-06,PHARMACY,Z00.00,169.78,PENDED
CLM0005071,MBR107817,2026-07-13,PROFESSIONAL,M54.5,180.73,PAID
CLM0005072,MBR107438,2026-02-15,PHARMACY,I10,1391.33,PAID
CLM0005073,MBR105062,2026-01-01,DENTAL,M54.5,2260.69,DENIED
CLM0005074,MBR100550,2026-04-09,INSTITUTIONAL,I10,1588.15,PAID
CLM0005075,MBR109383,2026-05-29,PHARMACY,J06.9,2153.37,PAID
CLM0005076,MBR103454,2026-05-11,PHARMACY,F41.1,4063.67,DENIED
CLM0005077,MBR100783,2026-04-11,PROFESSIONAL,F41.1,1434.51,PAID
CLM0005078,MBR108778,2026-04-19,DENTAL,Z00.00,2302.92,PAID
CLM0005079,MBR107376,2026-05-01,PHARMACY,I10,4400.55,PAID
CLM0005080,MBR103516,2026-06-16,DENTAL,F41.1,4781.49,PAID
CLM0005081,MBR100238,2026-07-24,PHARMACY,N39.0,41.12,PAID
CLM0005082,MBR108878,2026-07-07,PHARMACY,E11.9,4041.47,DENIED
CLM0005083,MBR107148,2026-04-07,DENTAL,M54.5,4428.87,PAID
CLM0005084,MBR106307,2026-04-22,DENTAL,F41.1,847.91,PAID
CLM0005085,MBR106998,2026-06-20,INSTITUTIONAL,,2361.87,DENIED
CLM0005086,MBR106380,2026-01-11,DENTAL,M54.5,708.30,PAID
CLM0005087,MBR102796,2026-07-29,PHARMACY,J45.909,1804.01,PENDED
CLM0005088,MBR102374,2026-01-17,PROFESSIONAL,K21.9,2389.93,PAID
CLM0005089,MBR107061,2026-01-20,PROFESSIONAL,E78.5,2616.43,PAID
CLM0005090,MBR107485,2026-08-08,PROFESSIONAL,S82.401A,1064.92,DENIED
CLM0005091,MBR107409,2026-02-25,PROFESSIONAL,E78.5,3158.17,PAID
CLM0005092,MBR100603,2026-07-15,DENTAL,E11.9,3693.85,DENIED
CLM0005093,MBR102421,2026-03-11,DENTAL,R51.9,1081.46,PAID
CLM0005094,MBR108954,2026-06-16,INSTITUTIONAL,F41.1,507.52,DENIED
CLM0005095,MBR100544,2026-06-07,PHARMACY,Z00.00,178.17,PAID
CLM0005096,MBR106992,2026-04-14,DENTAL,E11.9,1023.68,PAID
CLM0005097,MBR103075,2026-02-11,PHARMACY,I10,2243.10,DENIED
CLM0005098,MBR105646,2026-04-15,PHARMACY,F41.1,1944.34,PENDED
CLM0005099,MBR103465,2026-06-02,DENTAL,R51.9,87.47,DENIED
CLM0005100,MBR104853,2026-05-22,PHARMACY,F41.1,3328.60,PAID
CLM0005101,MBR105300,2026-04-26,PROFESSIONAL,N39.0,3333.92,PAID
CLM0005102,MBR100053,2026-01-19,INSTITUTIONAL,S82.401A,4892.91,PAID
CLM0005103,MBR109820,2026-01-02,PHARMACY,S82.401A,1832.31,PAID
CLM0005104,MBR107326,2026-07-28,PHARMACY,J45.909,1520.66,PAID
CLM0005105,MBR109064,2026-08-14,PHARMACY,E11.9,3339.51,PENDED
CLM0005106,MBR103175,2026-03-07,INSTITUTIONAL,J45.909,4353.39,PAID
CLM0005107,MBR102787,2026-03-08,PROFESSIONAL,,92.13,PAID
CLM0005108,MBR106907,2026-05-12,DENTAL,E78.5,3252.73,PENDED
CLM0005109,MBR101331,2026-04-05,PROFESSIONAL,Z00.00,3673.31,PENDED
CLM0005110,MBR104438,2026-08-13,PHARMACY,N39.0,3697.00,PAID
CLM0005111,MBR105095,2026-01-30,PROFESSIONAL,N39.0,2797.47,PAID
CLM0005112,MBR100432,2026-01-22,DENTAL,J06.9,4831.48,PAID
CLM0005113,MBR107936,2026-03-28,PROFESSIONAL,M54.5,4816.12,DENIED
CLM0005114,MBR107171,2026-08-24,INSTITUTIONAL,N39.0,3549.17,PENDED
CLM0005115,MBR103788,2026-01-23,PROFESSIONAL,R51.9,2231.48,PAID
CLM0005116,MBR108003,2026-01-18,PROFESSIONAL,J45.909,3191.66,PAID
CLM0005117,MBR101767,2026-02-23,PROFESSIONAL,I10,2812.68,PENDED
CLM0005118,MBR105751,2026-02-09,INSTITUTIONAL,S82.401A,3896.26,PAID
CLM0005119,MBR108361,2026-06-15,INSTITUTIONAL,Z00.00,3673.77,PENDED
CLM0005120,MBR107153,2026-08-11,INSTITUTIONAL,N39.0,1623.85,DENIED
CLM0005121,MBR108479,2026-05-21,PROFESSIONAL,K21.9,1855.18,PAID
CLM0005122,MBR109261,2026-01-11,PHARMACY,Z00.00,3283.36,DENIED
CLM0005123,MBR106304,2026-07-25,PHARMACY,R51.9,1963.07,PAID
CLM0005124,MBR109036,2026-06-01,DENTAL,I10,3887.44,DENIED
CLM0005125,MBR105542,2026-06-14,PROFESSIONAL,J45.909,2895.61,PAID
CLM0005126,MBR100727,2026-04-12,INSTITUTIONAL,K21.9,556.57,PAID
CLM0005127,MBR105640,2026-01-16,PHARMACY,J06.9,2870.40,PAID
CLM0005128,MBR107077,2026-03-30,PROFESSIONAL,E78.5,2637.53,PENDED
CLM0005129,MBR106827,2026-04-01,INSTITUTIONAL,J06.9,3915.21,PENDED
CLM0005130,MBR101313,2026-01-26,INSTITUTIONAL,S82.401A,3043.77,PAID
CLM0005131,MBR103484,2026-01-10,DENTAL,I10,4692.82,PAID
CLM0005132,MBR105633,2026-03-28,INSTITUTIONAL,J06.9,4279.60,PAID
CLM0005133,MBR109405,2026-05-13,INSTITUTIONAL,S82.401A,4805.94,PAID
CLM0005134,MBR101036,2026-04-24,PROFESSIONAL,E78.5,1387.53,PENDED
CLM0005135,MBR105877,2026-03-04,DENTAL,M54.5,3795.46,PAID
CLM0005136,MBR104113,2026-02-03,DENTAL,S82.401A,1219.77,PAID
CLM0005137,MBR101777,2026-02-12,DENTAL,E11.9,,PAID
CLM0005138,MBR103494,2026-05-16,PROFESSIONAL,R51.9,3927.91,DENIED
CLM0005139,MBR108308,2026-08-19,INSTITUTIONAL,J06.9,1718.46,PAID
CLM0005140,MBR106146,2026-01-03,DENTAL,E78.5,4126.09,PAID
CLM0005141,MBR102674,2026-05-27,PHARMACY,M54.5,2365.86,DENIED
CLM0005142,MBR101293,2026-01-11,INSTITUTIONAL,F41.1,4912.03,DENIED
CLM0005143,MBR109751,2026-05-29,PHARMACY,Z00.00,4817.82,PAID
CLM0005144,MBR105538,2026-03-09,INSTITUTIONAL,Z00.00,2452.53,PAID
CLM0005145,MBR108499,2026-05-27,PROFESSIONAL,S82.401A,4038.78,PAID
CLM0005146,MBR101854,2026-05-02,INSTITUTIONAL,Z00.00,3896.09,PAID
CLM0005147,MBR105489,2026-06-01,PHARMACY,I10,491.64,PAID
CLM0005148,MBR101875,2026-01-19,DENTAL,J06.9,4365.25,DENIED
CLM0005149,MBR106318,2026-06-11,PHARMACY,S82.401A,1464.56,DENIED
CLM0005150,MBR109201,2026-06-15,PHARMACY,N39.0,3941.79,PENDED
CLM0005151,MBR108762,2026-06-30,PROFESSIONAL,Z00.00,4357.49,PAID
CLM0005152,MBR108481,2026-07-24,DENTAL,M54.5,860.92,PAID
CLM0005153,MBR104035,2026-08-22,DENTAL,J06.9,4945.93,PAID
CLM0005154,MBR103455,2026-02-24,DENTAL,F41.1,1575.84,PAID
CLM0005155,MBR105829,2026-03-23,PROFESSIONAL,Z00.00,4906.23,PAID
CLM0005156,MBR108245,2026-01-17,INSTITUTIONAL,J06.9,1946.82,PENDED
CLM0005157,MBR107764,2026-02-21,PROFESSIONAL,R51.9,,PENDED
CLM0005158,MBR105782,2026-05-28,INSTITUTIONAL,E11.9,2740.30,PAID
CLM0005159,MBR104180,2026-04-12,INSTITUTIONAL,F41.1,4704.45,PAID
CLM0005160,MBR101976,2026-07-18,PROFESSIONAL,R51.9,4037.14,DENIED
CLM0005161,MBR109580,2026-08-14,PROFESSIONAL,E78.5,,PAID
CLM0005162,MBR107995,2026-03-08,PROFESSIONAL,J45.909,2620.05,PENDED
CLM0005163,MBR107519,2026-02-13,PROFESSIONAL,E11.9,1191.34,PAID
CLM0005164,MBR103926,2026-02-21,PHARMACY,J45.909,1508.60,DENIED
CLM0005165,MBR108336,2026-01-10,INSTITUTIONAL,I10,4824.52,PAID
CLM0005166,MBR102877,2026-03-26,PROFESSIONAL,J06.9,,PENDED
CLM0005167,MBR109903,2026-01-18,INSTITUTIONAL,J45.909,4640.98,PAID
CLM0005168,MBR103900,2026-02-17,INSTITUTIONAL,R51.9,1639.35,PAID
CLM0005169,MBR101083,2026-03-09,INSTITUTIONAL,,3601.02,PAID
CLM0005170,MBR107727,2026-05-31,PROFESSIONAL,I10,1547.56,PAID
CLM0005171,MBR109022,2026-04-12,PROFESSIONAL,,4284.89,PENDED
CLM0005172,MBR101111,2026-07-13,INSTITUTIONAL,E11.9,534.50,PAID
CLM0005173,MBR100061,2026-01-17,INSTITUTIONAL,J06.9,4664.60,PENDED
CLM0005174,MBR100466,2026-01-24,DENTAL,M54.5,3182.30,PAID
CLM0005175,MBR103746,2026-04-06,INSTITUTIONAL,J06.9,4255.55,PAID
CLM0005176,MBR108909,2026-04-28,DENTAL,Z00.00,391.31,PAID
CLM0005177,MBR103940,2026-05-17,DENTAL,F41.1,362.24,PAID
CLM0005178,MBR104428,2026-03-16,PROFESSIONAL,M54.5,310.01,PAID
CLM0005179,MBR101829,2026-01-03,PHARMACY,M54.5,4357.89,PAID
CLM0005180,MBR105672,2026-06-26,DENTAL,I10,990.82,DENIED
CLM0005181,MBR103318,2026-07-17,INSTITUTIONAL,K21.9,2757.01,DENIED
CLM0005182,MBR104601,2026-08-18,PROFESSIONAL,J45.909,1107.64,PAID
CLM0005183,MBR105641,2026-05-21,PROFESSIONAL,J45.909,163.99,PAID
CLM0005184,MBR105245,2026-05-01,PROFESSIONAL,Z00.00,4214.60,PAID
CLM0005185,MBR106375,2026-07-31,PHARMACY,J45.909,568.75,PAID
CLM0005186,MBR104663,2026-06-28,PHARMACY,S82.401A,1451.69,PENDED
CLM0005187,MBR109078,2026-03-19,PROFESSIONAL,Z00.00,4581.39,PAID
CLM0005188,MBR105497,2026-01-29,PROFESSIONAL,F41.1,2473.63,PAID
CLM0005189,MBR109649,2026-01-18,PROFESSIONAL,E78.5,4826.05,PAID
CLM0005190,MBR102888,2026-01-07,INSTITUTIONAL,E11.9,1646.01,PAID
CLM0005191,MBR103191,2026-01-15,PHARMACY,I10,4773.04,PAID
CLM0005192,MBR100779,2026-08-16,PROFESSIONAL,K21.9,3230.59,PENDED
CLM0005193,MBR104230,2026-07-31,PROFESSIONAL,R51.9,3810.01,PENDED
CLM0005194,MBR106716,2026-01-09,PHARMACY,N39.0,4816.67,PENDED
CLM0005195,MBR103160,2026-08-31,PHARMACY,N39.0,1011.00,PENDED
CLM0005196,MBR100434,2026-03-03,INSTITUTIONAL,J06.9,,PAID
CLM0005197,MBR106318,2026-02-15,PHARMACY,J06.9,4612.60,PAID
CLM0005198,MBR100470,2026-04-29,PROFESSIONAL,E11.9,4994.88,DENIED
CLM0005199,MBR104649,2026-05-21,INSTITUTIONAL,Z00.00,2033.75,PAID
CLM0005200,MBR104968,2026-03-27,PROFESSIONAL,J45.909,4197.57,PAID
CLM0005201,MBR100851,2026-05-03,PROFESSIONAL,F41.1,4533.29,PAID
CLM0005202,MBR109658,2026-06-25,PROFESSIONAL,J06.9,4962.44,PAID
CLM0005203,MBR102860,2026-06-09,PHARMACY,J06.9,1727.08,PAID
CLM0005204,MBR108647,2026-08-12,PROFESSIONAL,E78.5,30.96,PAID
CLM0005205,MBR107367,2026-07-04,INSTITUTIONAL,N39.0,947.16,PAID
CLM0005206,MBR109130,2026-04-21,PHARMACY,J45.909,3209.55,PAID
CLM0005207,MBR103154,2026-01-01,INSTITUTIONAL,J06.9,1425.46,PAID
CLM0005208,MBR102386,2026-06-26,PHARMACY,I10,2477.62,PAID
CLM0005209,MBR101652,2026-03-06,PROFESSIONAL,M54.5,2453.83,PAID
CLM0005210,MBR106488,2026-01-22,PROFESSIONAL,Z00.00,2585.79,PAID
CLM0005211,MBR102155,2026-07-20,PHARMACY,I10,1927.30,PAID
CLM0005212,MBR103945,2026-08-17,DENTAL,I10,3359.50,PAID
CLM0005213,MBR100052,2026-02-05,PROFESSIONAL,N39.0,,DENIED
CLM0005214,MBR104391,2026-07-02,INSTITUTIONAL,M54.5,1425.39,PAID
CLM0005215,MBR109576,2026-06-06,INSTITUTIONAL,R51.9,2876.09,PAID
CLM0005216,MBR101595,2026-07-15,INSTITUTIONAL,I10,3702.44,PAID
CLM0005217,MBR104526,2026-06-03,DENTAL,I10,813.14,DENIED
CLM0005218,MBR101805,2026-07-17,PHARMACY,I10,1945.34,PAID
CLM0005219,MBR105846,2026-04-13,INSTITUTIONAL,E78.5,2281.53,DENIED
CLM0005220,MBR100512,2026-08-16,PROFESSIONAL,R51.9,259.73,PAID
CLM0005221,MBR106987,2026-01-15,PROFESSIONAL,I10,3624.06,DENIED
CLM0005222,MBR107301,2026-01-30,INSTITUTIONAL,N39.0,4048.09,PAID
CLM0005223,MBR109873,2026-04-08,DENTAL,I10,3273.87,PAID
CLM0005224,MBR104822,2026-04-13,INSTITUTIONAL,E11.9,3127.41,PENDED
CLM0005225,MBR108965,2026-02-25,INSTITUTIONAL,S82.401A,,PAID
CLM0005226,MBR107773,2026-06-15,DENTAL,J45.909,3860.63,PAID
CLM0005227,MBR106090,2026-07-15,INSTITUTIONAL,E78.5,2327.26,PAID
CLM0005228,MBR109286,2026-07-03,DENTAL,N39.0,2016.35,PAID
CLM0005229,MBR103612,2026-07-14,DENTAL,J06.9,2665.24,PAID
CLM0005230,MBR105175,2026-03-01,DENTAL,,199.40,PAID
CLM0005231,MBR105132,2026-06-25,INSTITUTIONAL,E78.5,3996.19,DENIED
CLM0005232,MBR109885,2026-02-18,INSTITUTIONAL,J06.9,1324.43,PENDED
CLM0005233,MBR100596,2026-04-28,PHARMACY,I10,4923.16,PAID
CLM0005234,MBR107224,2026-06-17,DENTAL,M54.5,,PAID
CLM0005235,MBR107782,2026-04-17,PROFESSIONAL,J06.9,1327.41,PAID
CLM0005236,MBR103027,2026-02-26,INSTITUTIONAL,E11.9,4351.31,PAID
CLM0005237,MBR107669,2026-05-17,INSTITUTIONAL,K21.9,1952.18,PENDED
CLM0005238,MBR104738,2026-06-26,PROFESSIONAL,,2216.82,PAID
CLM0005239,MBR104020,2026-06-08,PROFESSIONAL,R51.9,2341.52,DENIED
CLM0005240,MBR108811,2026-02-17,INSTITUTIONAL,Z00.00,429.24,PAID
CLM0005241,MBR108564,2026-04-04,DENTAL,M54.5,1613.87,PAID
CLM0005242,MBR100925,2026-05-28,DENTAL,Z00.00,3328.00,PAID
CLM0005243,MBR107326,2026-08-16,PHARMACY,E78.5,3749.17,PAID
CLM0005244,MBR100549,2026-05-14,PROFESSIONAL,E78.5,49.48,PENDED
CLM0005245,MBR106072,2026-07-06,DENTAL,F41.1,2599.30,DENIED
CLM0005246,MBR100156,2026-06-07,PROFESSIONAL,N39.0,4830.67,PAID
CLM0005247,MBR107588,2026-02-04,INSTITUTIONAL,,334.56,PENDED
CLM0005248,MBR104262,2026-02-27,PROFESSIONAL,F41.1,4566.11,PAID
CLM0005249,MBR104933,2026-03-24,PROFESSIONAL,E11.9,2845.79,PAID
CLM0005250,MBR105474,2026-03-16,PROFESSIONAL,J06.9,3939.31,PENDED
CLM0005251,MBR108737,2026-06-28,PHARMACY,E11.9,2597.37,PAID
CLM0005252,MBR109840,2026-05-05,PROFESSIONAL,M54.5,4117.32,PAID
CLM0005253,MBR104914,2026-06-22,INSTITUTIONAL,F41.1,4538.53,PAID
CLM0005254,MBR103281,2026-04-01,PROFESSIONAL,E78.5,707.29,PAID
CLM0005255,MBR104685,2026-07-01,PHARMACY,K21.9,1483.20,PAID
CLM0005256,MBR109027,2026-06-30,PHARMACY,M54.5,2437.02,PAID
CLM0005257,MBR102832,2026-04-18,PHARMACY,E78.5,4275.24,PAID
CLM0005258,MBR109475,2026-04-25,PROFESSIONAL,I10,4348.63,PAID
CLM0005259,MBR107954,2026-08-30,DENTAL,N39.0,1355.89,PAID
CLM0005260,MBR109992,2026-02-23,PROFESSIONAL,E11.9,3375.64,PAID
CLM0005261,MBR105622,2026-03-02,PROFESSIONAL,J06.9,904.85,PENDED
CLM0005262,MBR103700,2026-06-09,PROFESSIONAL,Z00.00,2628.57,PAID
CLM0005263,MBR102084,2026-04-27,DENTAL,S82.401A,198.15,PAID
CLM0005264,MBR101868,2026-07-16,PROFESSIONAL,J45.909,3389.31,PAID
CLM0005265,MBR108150,2026-01-08,PHARMACY,E78.5,719.64,DENIED
CLM0005266,MBR106460,2026-01-08,INSTITUTIONAL,F41.1,762.42,PAID
CLM0005267,MBR106495,2026-08-02,PROFESSIONAL,E78.5,,PAID
CLM0005268,MBR106322,2026-06-08,PROFESSIONAL,J45.909,4105.84,PAID
CLM0005269,MBR106687,2026-03-21,PROFESSIONAL,M54.5,3515.84,PAID
CLM0005270,MBR108003,2026-07-07,PROFESSIONAL,F41.1,3236.56,PAID
CLM0005271,MBR106766,2026-01-12,PROFESSIONAL,M54.5,3138.89,PAID
CLM0005272,MBR105115,2026-08-21,INSTITUTIONAL,K21.9,2593.86,PAID
CLM0005273,MBR107094,2026-08-12,PROFESSIONAL,Z00.00,1880.69,PAID
CLM0005274,MBR105841,2026-07-05,PROFESSIONAL,R51.9,2517.46,PAID
CLM0005275,MBR103284,2026-06-04,DENTAL,J06.9,2639.55,PAID
CLM0005276,MBR104552,2026-04-19,INSTITUTIONAL,K21.9,1767.71,PAID
CLM0005277,MBR102360,2026-01-09,PROFESSIONAL,Z00.00,1042.45,PAID
CLM0005278,MBR104452,2026-03-23,PHARMACY,J45.909,1191.71,PAID
CLM0005279,MBR102505,2026-03-07,PROFESSIONAL,Z00.00,610.34,PAID
CLM0005280,MBR100420,2026-06-17,DENTAL,I10,3747.92,PAID
CLM0005281,MBR104858,2026-01-21,PHARMACY,E11.9,4250.24,PAID
CLM0005282,MBR106058,2026-06-06,INSTITUTIONAL,R51.9,634.27,PAID
CLM0005283,MBR100215,2026-06-02,INSTITUTIONAL,J45.909,1962.90,PAID
CLM0005284,MBR106855,2026-02-17,INSTITUTIONAL,R51.9,3278.04,PENDED
CLM0005285,MBR104643,2026-03-27,PHARMACY,R51.9,2232.82,PAID
CLM0005286,MBR100929,2026-06-06,INSTITUTIONAL,J45.909,110.78,PAID
CLM0005287,MBR108683,2026-07-12,DENTAL,S82.401A,2330.99,DENIED
CLM0005288,MBR106761,2026-01-12,PROFESSIONAL,E78.5,2610.51,DENIED
CLM0005289,MBR100214,2026-02-23,DENTAL,R51.9,970.76,PAID
CLM0005290,MBR100837,2026-01-03,PROFESSIONAL,R51.9,459.50,DENIED
CLM0005291,MBR107309,2026-02-25,DENTAL,J06.9,2772.47,DENIED
CLM0005292,MBR108943,2026-03-28,INSTITUTIONAL,F41.1,2313.39,PAID
CLM0005293,MBR101841,2026-07-15,PHARMACY,Z00.00,604.23,PAID
CLM0005294,MBR109564,2026-03-04,PHARMACY,E78.5,3988.99,PAID
CLM0005295,MBR105688,2026-05-08,PROFESSIONAL,I10,3357.28,PENDED
CLM0005296,MBR108658,2026-01-26,PROFESSIONAL,J06.9,3987.11,PAID
CLM0005297,MBR103660,2026-04-03,PROFESSIONAL,J45.909,2499.80,PAID
CLM0005298,MBR103152,2026-02-10,PROFESSIONAL,S82.401A,552.46,PAID
CLM0005299,MBR105652,2026-06-21,INSTITUTIONAL,E11.9,4813.00,PAID
CLM0005300,MBR100206,2026-02-14,INSTITUTIONAL,N39.0,233.22,PAID
CLM0005301,MBR104238,2026-04-29,DENTAL,J06.9,694.96,PAID
CLM0005302,MBR103670,2026-03-03,PROFESSIONAL,R51.9,152.25,DENIED
CLM0005303,MBR108034,2026-01-18,INSTITUTIONAL,S82.401A,4410.00,PAID
CLM0005304,MBR108786,2026-06-14,INSTITUTIONAL,K21.9,1041.76,PAID
CLM0005305,MBR101117,2026-03-31,PHARMACY,Z00.00,1797.46,PAID
CLM0005306,MBR107263,2026-02-27,DENTAL,J06.9,4165.73,DENIED
CLM0005307,MBR107930,2026-05-06,PROFESSIONAL,K21.9,2866.68,DENIED
CLM0005308,MBR109637,2026-06-02,PHARMACY,N39.0,2462.41,PAID
CLM0005309,MBR100278,2026-01-28,INSTITUTIONAL,I10,4380.19,PAID
CLM0005310,MBR108890,2026-05-19,PROFESSIONAL,,2086.16,PAID
CLM0005311,MBR107417,2026-04-12,PROFESSIONAL,M54.5,2671.83,PAID
CLM0005312,MBR108899,2026-01-07,DENTAL,K21.9,3876.07,PENDED
CLM0005313,MBR103105,2026-01-22,PHARMACY,K21.9,3112.90,PAID
CLM0005314,MBR104007,2026-03-16,INSTITUTIONAL,E78.5,1834.92,PAID
CLM0005315,MBR104744,2026-05-19,PHARMACY,I10,3249.59,DENIED
CLM0005316,MBR109831,2026-06-28,DENTAL,F41.1,4320.52,DENIED
CLM0005317,MBR105395,2026-06-15,DENTAL,F41.1,3362.57,PAID
CLM0005318,MBR102211,2026-08-13,INSTITUTIONAL,K21.9,2822.01,PAID
CLM0005319,MBR100268,2026-07-01,DENTAL,I10,4035.22,PAID
CLM0005320,MBR109948,2026-05-03,DENTAL,K21.9,3882.02,PAID
CLM0005321,MBR102540,2026-08-07,DENTAL,R51.9,2061.19,PENDED
CLM0005322,MBR103383,2026-08-20,INSTITUTIONAL,S82.401A,3146.10,PAID
CLM0005323,MBR100283,2026-07-06,PROFESSIONAL,E78.5,,DENIED
CLM0005324,MBR100597,2026-06-29,PHARMACY,J06.9,4857.23,PENDED
CLM0005325,MBR102409,2026-03-19,PROFESSIONAL,M54.5,3888.11,PAID
CLM0005326,MBR104139,2026-08-29,PHARMACY,M54.5,4534.52,PENDED
CLM0005327,MBR109819,2026-05-05,PROFESSIONAL,R51.9,3039.72,PAID
CLM0005328,MBR102135,2026-04-28,PHARMACY,,4594.47,DENIED
CLM0005329,MBR100610,2026-04-10,DENTAL,Z00.00,2361.98,PAID
CLM0005330,MBR106655,2026-06-04,PHARMACY,E11.9,4621.62,PAID
CLM0005331,MBR105725,2026-03-25,PHARMACY,M54.5,87.57,DENIED
CLM0005332,MBR102231,2026-05-23,DENTAL,K21.9,4274.03,PAID
CLM0005333,MBR101253,2026-03-06,INSTITUTIONAL,S82.401A,2429.76,PAID
CLM0005334,MBR108082,2026-03-08,DENTAL,R51.9,4608.91,PAID
CLM0005335,MBR107400,2026-07-02,PHARMACY,F41.1,2437.83,PAID
CLM0005336,MBR109776,2026-06-09,PROFESSIONAL,N39.0,,PENDED
CLM0005337,MBR104698,2026-05-11,INSTITUTIONAL,J06.9,4496.00,PAID
CLM0005338,MBR109108,2026-06-27,DENTAL,S82.401A,3276.86,PAID
CLM0005339,MBR103450,2026-01-12,PROFESSIONAL,E11.9,1125.84,PAID
CLM0005340,MBR100545,2026-04-16,PHARMACY,Z00.00,2735.41,PAID
CLM0005341,MBR108277,2026-06-19,INSTITUTIONAL,E78.5,776.61,PAID
CLM0005342,MBR105278,2026-07-16,PROFESSIONAL,Z00.00,3571.05,PAID
CLM0005343,MBR103599,2026-05-27,INSTITUTIONAL,J06.9,3531.50,PAID
CLM0005344,MBR105612,2026-07-21,DENTAL,M54.5,3514.45,PAID
CLM0005345,MBR105638,2026-01-26,DENTAL,J45.909,4622.42,PAID
CLM0005346,MBR107565,2026-02-12,DENTAL,I10,2520.56,PAID
CLM0005347,MBR108227,2026-01-11,PHARMACY,F41.1,3027.80,PAID
CLM0005348,MBR109942,2026-04-29,PROFESSIONAL,M54.5,605.19,DENIED
CLM0005349,MBR107504,2026-07-09,PHARMACY,N39.0,1065.82,DENIED
CLM0005350,MBR102875,2026-06-18,PROFESSIONAL,J45.909,2030.87,PAID
CLM0005351,MBR105095,2026-03-28,PROFESSIONAL,J06.9,4020.15,PAID
CLM0005352,MBR106809,2026-05-27,PROFESSIONAL,F41.1,3752.52,PENDED
CLM0005353,MBR103966,2026-06-21,PROFESSIONAL,M54.5,4562.35,DENIED
CLM0005354,MBR101557,2026-01-28,INSTITUTIONAL,K21.9,2125.09,PENDED
CLM0005355,MBR104506,2026-02-17,PHARMACY,Z00.00,3381.46,DENIED
CLM0005356,MBR101474,2026-01-30,INSTITUTIONAL,J45.909,1738.33,PAID
CLM0005357,MBR106788,2026-05-10,PHARMACY,S82.401A,,PAID
CLM0005358,MBR107629,2026-07-08,INSTITUTIONAL,J06.9,1352.55,PAID
CLM0005359,MBR107743,2026-08-27,PHARMACY,J06.9,819.24,DENIED
CLM0005360,MBR102852,2026-07-16,PROFESSIONAL,K21.9,2850.88,PAID
CLM0005361,MBR101337,2026-06-27,PHARMACY,M54.5,2608.01,PAID
CLM0005362,MBR107291,2026-08-16,DENTAL,M54.5,4323.07,PAID
CLM0005363,MBR109680,2026-08-14,PHARMACY,J45.909,4937.27,PENDED
CLM0005364,MBR104658,2026-05-11,PROFESSIONAL,K21.9,3844.91,PAID
CLM0005365,MBR109544,2026-05-03,PROFESSIONAL,M54.5,3461.51,PAID
CLM0005366,MBR107374,2026-04-18,INSTITUTIONAL,E11.9,132.39,PAID
CLM0005367,MBR103808,2026-06-11,PHARMACY,R51.9,1525.63,PAID
CLM0005368,MBR104213,2026-02-19,DENTAL,N39.0,2425.62,PENDED
CLM0005369,MBR107238,2026-08-07,DENTAL,I10,1022.94,PENDED
CLM0005370,MBR107135,2026-06-12,PHARMACY,I10,949.24,PAID
CLM0005371,MBR108486,2026-04-30,PROFESSIONAL,K21.9,1440.38,DENIED
CLM0005372,MBR109613,2026-08-05,INSTITUTIONAL,J06.9,4213.35,DENIED
CLM0005373,MBR103376,2026-03-28,PROFESSIONAL,K21.9,3282.89,PAID
CLM0005374,MBR108910,2026-06-09,DENTAL,J06.9,4333.48,PAID
CLM0005375,MBR105111,2026-02-27,DENTAL,Z00.00,1289.44,PAID
CLM0005376,MBR108234,2026-04-28,PHARMACY,J06.9,2905.96,PAID
CLM0005377,MBR105158,2026-03-30,PROFESSIONAL,F41.1,3265.01,PENDED
CLM0005378,MBR102989,2026-08-19,PHARMACY,F41.1,4640.19,PAID
CLM0005379,MBR109262,2026-08-09,DENTAL,J45.909,1642.02,PAID
CLM0005380,MBR104541,2026-03-14,DENTAL,M54.5,4860.02,PAID
CLM0005381,MBR109468,2026-02-20,DENTAL,R51.9,1699.17,DENIED
CLM0005382,MBR103161,2026-08-10,PROFESSIONAL,M54.5,3735.44,PAID
CLM0005383,MBR106731,2026-01-04,PROFESSIONAL,K21.9,2973.65,PAID
CLM0005384,MBR106730,2026-06-03,PROFESSIONAL,I10,1825.65,PENDED
CLM0005385,MBR105361,2026-02-04,PROFESSIONAL,I10,1194.61,PAID
CLM0005386,MBR107646,2026-05-21,INSTITUTIONAL,N39.0,2495.40,PENDED
CLM0005387,MBR101570,2026-02-05,INSTITUTIONAL,F41.1,3873.44,PAID
CLM0005388,MBR101157,2026-08-08,INSTITUTIONAL,E11.9,1713.25,PAID
CLM0005389,MBR100835,2026-06-09,PROFESSIONAL,E78.5,4025.51,PENDED
CLM0005390,MBR108182,2026-02-21,DENTAL,K21.9,1336.35,PAID
CLM0005391,MBR105433,2026-07-07,PROFESSIONAL,,116.09,PAID
CLM0005392,MBR105892,2026-07-30,INSTITUTIONAL,Z00.00,4036.96,PENDED
CLM0005393,MBR100547,2026-08-09,DENTAL,F41.1,1776.36,PENDED
CLM0005394,MBR103692,2026-06-18,PROFESSIONAL,Z00.00,3518.33,PENDED
CLM0005395,MBR109262,2026-06-19,DENTAL,I10,1386.45,PAID
CLM0005396,MBR107429,2026-05-25,PROFESSIONAL,E78.5,3557.07,DENIED
CLM0005397,MBR101849,2026-06-13,PHARMACY,I10,2593.57,PAID
CLM0005398,MBR108302,2026-08-16,INSTITUTIONAL,K21.9,2525.30,PENDED
CLM0005399,MBR106109,2026-04-18,DENTAL,S82.401A,2199.04,PAID
CLM0005400,MBR101244,2026-02-17,PROFESSIONAL,K21.9,1068.28,PAID
CLM0005401,MBR108139,2026-06-05,DENTAL,Z00.00,3737.25,PENDED
CLM0005402,MBR105992,2026-04-23,PHARMACY,E78.5,3011.00,PAID
CLM0005403,MBR106741,2026-08-12,PHARMACY,N39.0,3547.37,PAID
CLM0005404,MBR107286,2026-07-08,INSTITUTIONAL,M54.5,1437.40,PAID
CLM0005405,MBR107514,2026-07-29,PHARMACY,E11.9,1365.94,PAID
CLM0005406,MBR107528,2026-01-10,DENTAL,F41.1,4338.93,PAID
CLM0005407,MBR106041,2026-01-17,DENTAL,M54.5,1708.03,PAID
CLM0005408,MBR103631,2026-08-16,INSTITUTIONAL,,3062.95,PAID
CLM0005409,MBR107337,2026-06-13,DENTAL,F41.1,3339.01,PAID
CLM0005410,MBR108556,2026-06-26,DENTAL,N39.0,2523.20,PAID
CLM0005411,MBR108358,2026-01-01,PROFESSIONAL,F41.1,1723.74,PAID
CLM0005412,MBR102532,2026-03-29,INSTITUTIONAL,J06.9,1631.83,PENDED
CLM0005413,MBR103702,2026-03-16,INSTITUTIONAL,F41.1,3433.77,PAID
CLM0005414,MBR102594,2026-03-02,INSTITUTIONAL,F41.1,3474.66,PAID
CLM0005415,MBR109628,2026-06-04,INSTITUTIONAL,I10,2097.42,PAID
CLM0005416,MBR104144,2026-07-28,PROFESSIONAL,K21.9,4906.83,PAID
CLM0005417,MBR107245,2026-06-21,PROFESSIONAL,I10,468.09,PENDED
CLM0005418,MBR105545,2026-04-11,DENTAL,F41.1,304.45,PAID
CLM0005419,MBR108241,2026-08-18,DENTAL,J45.909,1804.84,PENDED
CLM0005420,MBR105848,2026-05-05,PHARMACY,R51.9,4541.87,PAID
CLM0005421,MBR108271,2026-02-22,DENTAL,F41.1,2108.06,PENDED
CLM0005422,MBR103541,2026-07-09,PROFESSIONAL,Z00.00,4189.54,PENDED
CLM0005423,MBR101318,2026-08-07,PROFESSIONAL,E11.9,,DENIED
CLM0005424,MBR100077,2026-05-03,PROFESSIONAL,F41.1,1101.10,PAID
CLM0005425,MBR107076,2026-01-19,PHARMACY,Z00.00,2439.54,PAID
CLM0005426,MBR100121,2026-08-11,PROFESSIONAL,E11.9,4555.00,PAID
CLM0005427,MBR103520,2026-06-16,DENTAL,N39.0,3127.98,PAID
CLM0005428,MBR107628,2026-05-29,PHARMACY,E78.5,3437.04,PAID
CLM0005429,MBR103751,2026-01-08,PROFESSIONAL,Z00.00,1805.91,PAID
CLM0005430,MBR105298,2026-04-16,PROFESSIONAL,E78.5,209.96,PENDED
CLM0005431,MBR106773,2026-01-04,DENTAL,N39.0,758.92,PAID
CLM0005432,MBR101854,2026-03-08,PROFESSIONAL,F41.1,393.73,PAID
CLM0005433,MBR102940,2026-05-05,INSTITUTIONAL,Z00.00,4937.14,PAID
CLM0005434,MBR103067,2026-05-29,DENTAL,F41.1,4425.13,PAID
CLM0005435,MBR102699,2026-05-09,DENTAL,E78.5,1986.77,PAID
CLM0005436,MBR101418,2026-01-25,INSTITUTIONAL,,,PAID
CLM0005437,MBR103708,2026-08-28,PHARMACY,F41.1,1888.08,PAID
CLM0005438,MBR106368,2026-06-02,DENTAL,S82.401A,3445.39,DENIED
CLM0005439,MBR101200,2026-07-16,INSTITUTIONAL,I10,378.29,PAID
CLM0005440,MBR102926,2026-01-29,PROFESSIONAL,K21.9,401.33,PAID
CLM0005441,MBR100670,2026-03-17,PHARMACY,R51.9,3212.85,PAID
CLM0005442,MBR100586,2026-01-21,DENTAL,I10,2539.23,PENDED
CLM0005443,MBR105299,2026-03-09,PROFESSIONAL,M54.5,4488.87,PAID
CLM0005444,MBR104554,2026-08-29,INSTITUTIONAL,R51.9,4967.13,PAID
CLM0005445,MBR102433,2026-03-28,PROFESSIONAL,S82.401A,4888.21,PAID
CLM0005446,MBR106692,2026-04-07,PROFESSIONAL,E11.9,2671.93,PAID
CLM0005447,MBR106668,2026-07-13,PROFESSIONAL,,1957.18,PAID
CLM0005448,MBR101136,2026-04-18,PROFESSIONAL,N39.0,3039.06,PAID
CLM0005449,MBR108733,2026-05-18,DENTAL,N39.0,3494.26,PAID
CLM0005450,MBR106770,2026-08-20,PROFESSIONAL,J06.9,2843.74,PAID
CLM0005451,MBR106652,2026-04-06,PROFESSIONAL,E11.9,3442.57,PAID
CLM0005452,MBR103491,2026-08-01,PROFESSIONAL,E11.9,2897.23,PAID
CLM0005453,MBR107892,2026-05-06,PROFESSIONAL,K21.9,1486.91,PAID
CLM0005454,MBR102787,2026-01-08,DENTAL,E11.9,2830.21,PAID
CLM0005455,MBR100419,2026-02-11,DENTAL,J45.909,887.95,PAID
CLM0005456,MBR100687,2026-05-21,PROFESSIONAL,F41.1,,PAID
CLM0005457,MBR100399,2026-01-20,DENTAL,I10,3572.87,PENDED
CLM0005458,MBR104097,2026-04-08,DENTAL,J45.909,3458.12,PAID
CLM0005459,MBR106868,2026-05-18,DENTAL,M54.5,2898.16,PAID
CLM0005460,MBR105023,2026-04-29,PHARMACY,R51.9,4702.09,PAID
CLM0005461,MBR109931,2026-07-26,PROFESSIONAL,N39.0,4310.70,PAID
CLM0005462,MBR106044,2026-08-16,INSTITUTIONAL,J06.9,360.36,PAID
CLM0005463,MBR106281,2026-03-16,PHARMACY,J06.9,1597.08,PAID
CLM0005464,MBR106963,2026-03-10,INSTITUTIONAL,S82.401A,,PAID
CLM0005465,MBR104050,2026-02-23,DENTAL,K21.9,2367.74,PAID
CLM0005466,MBR108047,2026-04-15,PHARMACY,F41.1,3831.42,PAID
CLM0005467,MBR102455,2026-04-03,PHARMACY,F41.1,3004.37,PAID
CLM0005468,MBR107965,2026-03-11,PROFESSIONAL,Z00.00,2779.26,PAID
CLM0005469,MBR101931,2026-02-26,PHARMACY,I10,4238.16,PAID
CLM0005470,MBR109647,2026-04-27,PHARMACY,E78.5,887.53,PAID
CLM0005471,MBR105733,2026-08-06,INSTITUTIONAL,K21.9,3980.54,DENIED
CLM0005472,MBR101303,2026-08-29,PHARMACY,E78.5,2661.74,PAID
CLM0005473,MBR105510,2026-02-04,PHARMACY,M54.5,3153.49,PAID
CLM0005474,MBR101402,2026-08-30,PHARMACY,F41.1,2582.07,PAID
CLM0005475,MBR109439,2026-03-01,DENTAL,I10,2955.56,DENIED
CLM0005476,MBR101968,2026-03-23,DENTAL,E78.5,1546.56,PAID
CLM0005477,MBR108632,2026-02-18,PROFESSIONAL,I10,4248.67,PENDED
CLM0005478,MBR106584,2026-01-05,PHARMACY,R51.9,,DENIED
CLM0005479,MBR103971,2026-06-17,PROFESSIONAL,N39.0,3478.23,PAID
CLM0005480,MBR102217,2026-01-10,INSTITUTIONAL,M54.5,2897.10,DENIED
CLM0005481,MBR103077,2026-04-04,DENTAL,K21.9,420.12,PAID
CLM0005482,MBR107047,2026-02-09,INSTITUTIONAL,M54.5,3315.06,PAID
CLM0005483,MBR108902,2026-01-25,PROFESSIONAL,K21.9,4375.50,PAID
CLM0005484,MBR102020,2026-05-16,INSTITUTIONAL,Z00.00,2968.02,DENIED
CLM0005485,MBR108371,2026-06-01,PROFESSIONAL,E78.5,4452.89,PAID
CLM0005486,MBR101576,2026-03-04,INSTITUTIONAL,N39.0,3795.27,PAID
CLM0005487,MBR108212,2026-08-11,PHARMACY,E11.9,2841.94,DENIED
CLM0005488,MBR103227,2026-01-15,INSTITUTIONAL,J45.909,4821.04,PAID
CLM0005489,MBR105736,2026-04-30,DENTAL,M54.5,3988.91,PAID
CLM0005490,MBR107214,2026-05-02,INSTITUTIONAL,R51.9,3455.74,PAID
CLM0005491,MBR100816,2026-06-26,INSTITUTIONAL,E78.5,1489.61,PAID
CLM0005492,MBR106851,2026-07-18,INSTITUTIONAL,S82.401A,4099.79,PAID
CLM0005493,MBR106370,2026-07-19,PROFESSIONAL,N39.0,3708.52,PAID
CLM0005494,MBR105955,2026-03-03,DENTAL,J06.9,2372.95,PAID
CLM0005495,MBR103919,2026-07-08,INSTITUTIONAL,E78.5,3748.22,PAID
CLM0005496,MBR101167,2026-07-28,INSTITUTIONAL,N39.0,1673.49,PAID
CLM0005497,MBR102759,2026-06-03,DENTAL,N39.0,2016.73,DENIED
CLM0005498,MBR104556,2026-07-30,PROFESSIONAL,S82.401A,2138.79,PAID
CLM0005499,MBR108996,2026-04-25,DENTAL,K21.9,836.28,PAID
CLM0005500,MBR100850,2026-05-15,PROFESSIONAL,J45.909,2840.14,PAID
CLM0005501,MBR104160,2026-01-01,DENTAL,I10,3043.40,PAID
CLM0005502,MBR106311,2026-05-10,INSTITUTIONAL,J45.909,898.00,PAID
CLM0005503,MBR100288,2026-01-15,PHARMACY,N39.0,3441.37,PAID
CLM0005504,MBR101312,2026-06-07,DENTAL,F41.1,1777.54,DENIED
CLM0005505,MBR100040,2026-04-03,DENTAL,,1050.23,DENIED
CLM0005506,MBR101528,2026-08-04,PROFESSIONAL,K21.9,3014.86,PAID
CLM0005507,MBR104713,2026-05-15,INSTITUTIONAL,J06.9,1542.81,PAID
CLM0005508,MBR105494,2026-05-04,DENTAL,R51.9,2615.29,PAID
CLM0005509,MBR106673,2026-06-13,DENTAL,E78.5,161.54,DENIED
CLM0005510,MBR102792,2026-03-17,DENTAL,K21.9,152.54,PAID
CLM0005511,MBR108128,2026-06-20,PHARMACY,E78.5,1158.64,PAID
CLM0005512,MBR105045,2026-04-12,DENTAL,S82.401A,1902.73,PENDED
CLM0005513,MBR106119,2026-01-01,PROFESSIONAL,Z00.00,2537.73,PAID
CLM0005514,MBR105303,2026-08-14,PHARMACY,N39.0,3606.19,PAID
CLM0005515,MBR107528,2026-01-26,PROFESSIONAL,N39.0,,DENIED
CLM0005516,MBR104730,2026-01-26,INSTITUTIONAL,I10,1733.53,PAID
CLM0005517,MBR102077,2026-03-05,INSTITUTIONAL,J45.909,2461.89,PAID
CLM0005518,MBR100716,2026-08-06,PHARMACY,E78.5,99.34,PAID
CLM0005519,MBR109697,2026-06-09,PROFESSIONAL,N39.0,1772.78,PAID
CLM0005520,MBR101451,2026-03-24,PHARMACY,R51.9,4455.17,PAID
CLM0005521,MBR109723,2026-04-21,PROFESSIONAL,K21.9,2530.27,PAID
CLM0005522,MBR106695,2026-02-03,PHARMACY,Z00.00,2300.56,PAID
CLM0005523,MBR103211,2026-07-29,DENTAL,R51.9,4077.11,PAID
CLM0005524,MBR106250,2026-01-06,PROFESSIONAL,E78.5,3441.26,PAID
CLM0005525,MBR106850,2026-08-02,INSTITUTIONAL,K21.9,3506.69,PAID
CLM0005526,MBR103063,2026-06-29,INSTITUTIONAL,F41.1,4836.07,PAID
CLM0005527,MBR105100,2026-03-19,INSTITUTIONAL,N39.0,2549.92,PAID
CLM0005528,MBR103031,2026-02-14,PHARMACY,E11.9,4599.31,PENDED
CLM0005529,MBR108628,2026-03-20,DENTAL,J06.9,984.13,PAID
CLM0005530,MBR103962,2026-08-06,DENTAL,S82.401A,2953.67,DENIED
CLM0005531,MBR104944,2026-04-30,PROFESSIONAL,F41.1,1522.88,PAID
CLM0005532,MBR108423,2026-04-12,DENTAL,S82.401A,1747.41,PAID
CLM0005533,MBR102791,2026-03-24,PHARMACY,I10,4929.16,DENIED
CLM0005534,MBR103184,2026-05-26,PHARMACY,K21.9,151.34,PAID
CLM0005535,MBR105435,2026-05-07,PROFESSIONAL,N39.0,232.58,PENDED
CLM0005536,MBR102684,2026-04-20,PROFESSIONAL,F41.1,3899.17,DENIED
CLM0005537,MBR101202,2026-07-20,PROFESSIONAL,R51.9,3642.87,PAID
CLM0005538,MBR106670,2026-04-27,PROFESSIONAL,K21.9,2932.00,PAID
CLM0005539,MBR102130,2026-02-19,PROFESSIONAL,M54.5,4492.56,PAID
CLM0005540,MBR104754,2026-01-19,INSTITUTIONAL,Z00.00,3355.47,PAID
CLM0005541,MBR108090,2026-02-14,PROFESSIONAL,S82.401A,1736.22,PAID
CLM0005542,MBR106114,2026-07-19,PHARMACY,K21.9,826.86,PAID
CLM0005543,MBR103668,2026-07-14,PROFESSIONAL,F41.1,4641.12,PAID
CLM0005544,MBR105018,2026-04-06,PHARMACY,J06.9,,PAID
CLM0005545,MBR109469,2026-05-23,INSTITUTIONAL,R51.9,3498.21,PAID
CLM0005546,MBR105043,2026-06-02,PROFESSIONAL,N39.0,3704.09,PENDED
CLM0005547,MBR108562,2026-01-04,INSTITUTIONAL,Z00.00,2272.08,PENDED
CLM0005548,MBR100485,2026-01-16,PHARMACY,E78.5,3779.49,DENIED
CLM0005549,MBR102265,2026-01-28,PROFESSIONAL,M54.5,1085.24,PAID
CLM0005550,MBR101658,2026-02-17,DENTAL,E11.9,3770.53,PAID
CLM0005551,MBR108171,2026-01-06,PROFESSIONAL,E78.5,2285.56,DENIED
CLM0005552,MBR101701,2026-03-07,PROFESSIONAL,E78.5,775.99,PAID
CLM0005553,MBR104914,2026-06-30,PHARMACY,J45.909,361.01,DENIED
CLM0005554,MBR104009,2026-03-05,INSTITUTIONAL,F41.1,4314.53,PENDED
CLM0005555,MBR107522,2026-08-07,PROFESSIONAL,N39.0,4960.29,PAID
CLM0005556,MBR106247,2026-03-24,DENTAL,Z00.00,4652.56,PAID
CLM0005557,MBR105338,2026-02-01,PROFESSIONAL,R51.9,1370.67,PAID
CLM0005558,MBR103103,2026-06-15,PHARMACY,E11.9,142.60,PAID
CLM0005559,MBR104200,2026-05-17,PROFESSIONAL,S82.401A,667.06,PAID
CLM0005560,MBR102978,2026-08-03,INSTITUTIONAL,Z00.00,4943.28,PAID
CLM0005561,MBR102356,2026-06-10,PROFESSIONAL,E11.9,3995.79,DENIED
CLM0005562,MBR107675,2026-05-12,PHARMACY,K21.9,3922.56,PAID
CLM0005563,MBR107525,2026-05-25,INSTITUTIONAL,Z00.00,2351.86,DENIED
CLM0005564,MBR103313,2026-06-27,PHARMACY,Z00.00,2896.85,PAID
CLM0005565,MBR105249,2026-04-12,PROFESSIONAL,J45.909,2736.63,PENDED
CLM0005566,MBR108861,2026-08-15,PROFESSIONAL,R51.9,4392.21,PAID
CLM0005567,MBR104261,2026-05-08,PHARMACY,J06.9,2722.50,PAID
CLM0005568,MBR103002,2026-07-27,PHARMACY,N39.0,4911.46,PENDED
CLM0005569,MBR108656,2026-07-08,PROFESSIONAL,F41.1,2037.26,PAID
CLM0005570,MBR104872,2026-02-08,DENTAL,F41.1,3931.74,PAID
CLM0005571,MBR105994,2026-03-26,PROFESSIONAL,,4964.22,PAID
CLM0005572,MBR101020,2026-02-13,INSTITUTIONAL,N39.0,,PAID
CLM0005573,MBR109750,2026-04-16,INSTITUTIONAL,M54.5,672.93,PENDED
CLM0005574,MBR105015,2026-04-22,PHARMACY,K21.9,2085.44,PENDED
CLM0005575,MBR107666,2026-03-02,PHARMACY,I10,3692.56,PENDED
CLM0005576,MBR106869,2026-04-12,DENTAL,E11.9,3376.00,DENIED
CLM0005577,MBR101100,2026-06-11,INSTITUTIONAL,I10,863.38,PAID
CLM0005578,MBR105311,2026-06-16,DENTAL,Z00.00,3143.96,PAID
CLM0005579,MBR107076,2026-03-15,DENTAL,E11.9,172.09,PAID
CLM0005580,MBR100171,2026-04-09,PHARMACY,I10,4158.86,DENIED
CLM0005581,MBR102692,2026-04-28,PROFESSIONAL,I10,4731.62,PAID
CLM0005582,MBR107629,2026-03-29,INSTITUTIONAL,J06.9,4161.55,DENIED
CLM0005583,MBR100378,2026-01-08,DENTAL,J45.909,3282.47,PAID
CLM0005584,MBR109498,2026-02-22,DENTAL,,3084.94,PAID
CLM0005585,MBR106215,2026-04-08,PROFESSIONAL,N39.0,2807.77,DENIED
CLM0005586,MBR105660,2026-08-29,PROFESSIONAL,,2467.65,PENDED
CLM0005587,MBR102560,2026-04-03,DENTAL,F41.1,3185.69,PAID
CLM0005588,MBR103485,2026-03-04,INSTITUTIONAL,K21.9,453.27,PAID
CLM0005589,MBR102623,2026-07-30,INSTITUTIONAL,R51.9,502.33,PAID
CLM0005590,MBR103787,2026-01-08,PROFESSIONAL,M54.5,4245.68,PAID
CLM0005591,MBR108557,2026-03-28,DENTAL,J45.909,858.28,PAID
CLM0005592,MBR109730,2026-08-11,DENTAL,S82.401A,2305.34,PAID
CLM0005593,MBR103561,2026-05-13,PROFESSIONAL,S82.401A,2458.21,PAID
CLM0005594,MBR105865,2026-06-30,PROFESSIONAL,I10,988.66,PAID
CLM0005595,MBR104219,2026-05-02,DENTAL,J45.909,4184.30,PAID
CLM0005596,MBR106772,2026-03-09,PROFESSIONAL,N39.0,3050.34,PAID
CLM0005597,MBR108514,2026-04-06,DENTAL,R51.9,2402.43,DENIED
CLM0005598,MBR105128,2026-02-03,INSTITUTIONAL,N39.0,4614.77,PAID
CLM0005599,MBR101742,2026-01-26,DENTAL,E11.9,628.64,PENDED
CLM0005600,MBR108571,2026-01-10,PHARMACY,M54.5,4200.92,PAID
CLM0005601,MBR102339,2026-03-04,PROFESSIONAL,E78.5,1414.69,PAID
CLM0005602,MBR102413,2026-01-17,PHARMACY,K21.9,3960.79,PAID
CLM0005603,MBR101626,2026-02-13,PHARMACY,,3668.60,DENIED
CLM0005604,MBR102530,2026-06-13,INSTITUTIONAL,N39.0,3787.20,PENDED
CLM0005605,MBR102252,2026-07-16,INSTITUTIONAL,M54.5,1347.72,DENIED
CLM0005606,MBR105757,2026-02-08,PHARMACY,E78.5,789.45,PAID
CLM0005607,MBR102850,2026-01-23,DENTAL,E11.9,94.32,DENIED
CLM0005608,MBR101686,2026-01-13,PROFESSIONAL,E11.9,3534.01,PAID
CLM0005609,MBR106269,2026-01-31,PROFESSIONAL,M54.5,3628.68,DENIED
CLM0005610,MBR100901,2026-03-18,PHARMACY,I10,1346.84,PAID
CLM0005611,MBR104689,2026-01-21,PHARMACY,R51.9,264.74,PAID
CLM0005612,MBR100057,2026-05-03,PROFESSIONAL,Z00.00,3680.65,PENDED
CLM0005613,MBR107775,2026-01-02,INSTITUTIONAL,Z00.00,4182.06,PAID
CLM0005614,MBR108162,2026-05-09,DENTAL,J06.9,1560.11,PENDED
CLM0005615,MBR109776,2026-08-10,PHARMACY,J45.909,3348.23,PAID
CLM0005616,MBR107233,2026-04-01,INSTITUTIONAL,R51.9,1118.45,PAID
CLM0005617,MBR100993,2026-08-23,PHARMACY,N39.0,2072.83,PAID
CLM0005618,MBR103516,2026-04-06,PROFESSIONAL,E78.5,1504.49,DENIED
CLM0005619,MBR102601,2026-03-23,PROFESSIONAL,,3609.26,PAID
CLM0005620,MBR101791,2026-01-21,PROFESSIONAL,F41.1,4223.73,PAID
CLM0005621,MBR107838,2026-07-10,PROFESSIONAL,E78.5,2915.74,PAID
CLM0005622,MBR101801,2026-03-05,INSTITUTIONAL,J06.9,2112.10,PENDED
CLM0005623,MBR109121,2026-02-11,INSTITUTIONAL,F41.1,2151.90,PAID
CLM0005624,MBR102677,2026-02-16,INSTITUTIONAL,M54.5,,DENIED
CLM0005625,MBR108436,2026-04-24,INSTITUTIONAL,F41.1,3496.21,PAID
CLM0005626,MBR100890,2026-08-03,DENTAL,N39.0,387.40,PAID
CLM0005627,MBR101318,2026-05-09,PROFESSIONAL,Z00.00,4326.86,PENDED
CLM0005628,MBR109553,2026-02-23,INSTITUTIONAL,F41.1,1445.12,PAID
CLM0005629,MBR101806,2026-05-11,DENTAL,E11.9,304.04,DENIED
CLM0005630,MBR105911,2026-06-29,PHARMACY,M54.5,1512.62,PAID
CLM0005631,MBR105680,2026-02-01,PHARMACY,I10,3990.90,PAID
CLM0005632,MBR101489,2026-06-14,INSTITUTIONAL,J45.909,3929.85,PAID
CLM0005633,MBR106110,2026-04-15,PHARMACY,R51.9,1546.67,PAID
CLM0005634,MBR105576,2026-03-26,INSTITUTIONAL,F41.1,4318.68,PAID
CLM0005635,MBR109918,2026-08-07,PHARMACY,F41.1,4797.51,PAID
CLM0005636,MBR107465,2026-06-01,PROFESSIONAL,E78.5,1423.47,PAID
CLM0005637,MBR102232,2026-06-09,DENTAL,M54.5,583.48,PAID
CLM0005638,MBR106521,2026-05-08,PROFESSIONAL,Z00.00,663.98,PAID
CLM0005639,MBR100224,2026-05-12,PROFESSIONAL,S82.401A,227.60,PAID
CLM0005640,MBR108821,2026-07-21,DENTAL,E78.5,1030.96,PAID
CLM0005641,MBR101161,2026-01-15,PHARMACY,M54.5,4223.04,PAID
CLM0005642,MBR107220,2026-05-30,PHARMACY,J06.9,4908.57,PAID
CLM0005643,MBR100217,2026-01-28,PROFESSIONAL,J45.909,2318.78,PAID
CLM0005644,MBR105917,2026-05-07,PROFESSIONAL,M54.5,461.91,PAID
CLM0005645,MBR100899,2026-08-03,DENTAL,N39.0,497.89,PAID
CLM0005646,MBR100678,2026-03-17,PROFESSIONAL,K21.9,4761.03,PAID
CLM0005647,MBR107329,2026-03-05,INSTITUTIONAL,F41.1,3082.49,PAID
CLM0005648,MBR106313,2026-07-19,PHARMACY,E11.9,2698.70,DENIED
CLM0005649,MBR109186,2026-03-18,PHARMACY,Z00.00,1627.30,PAID
CLM0005650,MBR109570,2026-08-01,PHARMACY,F41.1,3248.96,PAID
CLM0005651,MBR107699,2026-02-03,DENTAL,R51.9,48.48,PENDED
CLM0005652,MBR105269,2026-07-29,PROFESSIONAL,K21.9,2615.70,PAID
CLM0005653,MBR103841,2026-08-12,INSTITUTIONAL,F41.1,4210.98,PAID
CLM0005654,MBR105908,2026-05-19,INSTITUTIONAL,R51.9,2288.72,PAID
CLM0005655,MBR106753,2026-04-25,DENTAL,K21.9,868.28,DENIED
CLM0005656,MBR107912,2026-03-25,PHARMACY,Z00.00,2367.36,PENDED
CLM0005657,MBR101266,2026-04-26,INSTITUTIONAL,S82.401A,3584.74,PAID
CLM0005658,MBR101662,2026-01-07,PHARMACY,M54.5,77.04,PAID
CLM0005659,MBR102771,2026-08-28,DENTAL,M54.5,3678.72,PAID
CLM0005660,MBR101461,2026-07-13,PHARMACY,J06.9,4564.18,PAID
CLM0005661,MBR105144,2026-07-21,INSTITUTIONAL,R51.9,1137.72,PAID
CLM0005662,MBR101984,2026-01-14,INSTITUTIONAL,K21.9,4407.17,PAID
CLM0005663,MBR101972,2026-06-19,INSTITUTIONAL,E11.9,3149.96,PAID
CLM0005664,MBR101908,2026-06-23,PROFESSIONAL,M54.5,234.38,DENIED
CLM0005665,MBR108834,2026-01-21,INSTITUTIONAL,J45.909,4376.70,PAID
CLM0005666,MBR105341,2026-05-18,PHARMACY,M54.5,2151.67,PAID
CLM0005667,MBR104013,2026-05-15,INSTITUTIONAL,R51.9,4352.66,PAID
CLM0005668,MBR106492,2026-05-17,INSTITUTIONAL,M54.5,3684.85,PAID
CLM0005669,MBR105333,2026-02-11,DENTAL,I10,4384.34,PENDED
CLM0005670,MBR109926,2026-04-14,INSTITUTIONAL,F41.1,1111.23,PAID
CLM0005671,MBR105183,2026-08-26,INSTITUTIONAL,K21.9,4280.00,PAID
CLM0005672,MBR102557,2026-04-12,PROFESSIONAL,R51.9,4770.25,PENDED
CLM0005673,MBR108055,2026-03-08,PROFESSIONAL,M54.5,1352.06,PAID
CLM0005674,MBR103459,2026-02-13,DENTAL,E11.9,1921.62,PAID
CLM0005675,MBR107407,2026-08-24,DENTAL,K21.9,179.57,DENIED
CLM0005676,MBR102458,2026-08-27,PROFESSIONAL,S82.401A,3986.55,DENIED
CLM0005677,MBR105403,2026-07-26,PROFESSIONAL,K21.9,862.60,PAID
CLM0005678,MBR103590,2026-02-14,INSTITUTIONAL,E78.5,1292.79,PAID
CLM0005679,MBR103548,2026-05-14,PHARMACY,N39.0,1306.20,DENIED
CLM0005680,MBR106856,2026-01-12,INSTITUTIONAL,F41.1,1050.03,PAID
CLM0005681,MBR105979,2026-08-01,PROFESSIONAL,Z00.00,4007.23,PAID
CLM0005682,MBR103560,2026-07-01,PHARMACY,R51.9,1927.37,DENIED
CLM0005683,MBR105894,2026-07-03,DENTAL,M54.5,439.99,PAID
CLM0005684,MBR101702,2026-02-14,DENTAL,R51.9,2747.88,PAID
CLM0005685,MBR105643,2026-08-01,PROFESSIONAL,S82.401A,3707.02,PAID
CLM0005686,MBR102094,2026-08-28,DENTAL,S82.401A,4566.87,PAID
CLM0005687,MBR100789,2026-07-31,DENTAL,I10,3661.51,PAID
CLM0005688,MBR100214,2026-06-28,PHARMACY,,2134.92,PAID
CLM0005689,MBR103588,2026-07-06,PROFESSIONAL,E11.9,2273.72,PAID
CLM0005690,MBR109343,2026-05-07,PHARMACY,N39.0,780.68,PAID
CLM0005691,MBR100934,2026-04-06,INSTITUTIONAL,N39.0,4838.00,PAID
CLM0005692,MBR103125,2026-05-22,DENTAL,N39.0,2509.04,PENDED
CLM0005693,MBR106597,2026-06-15,PROFESSIONAL,K21.9,1959.38,DENIED
CLM0005694,MBR100724,2026-08-26,DENTAL,E78.5,389.49,PAID
CLM0005695,MBR101172,2026-06-29,DENTAL,,3638.32,DENIED
CLM0005696,MBR104876,2026-06-24,INSTITUTIONAL,R51.9,74.81,PAID
CLM0005697,MBR102752,2026-02-14,PROFESSIONAL,N39.0,3199.93,PAID
CLM0005698,MBR105850,2026-03-01,PROFESSIONAL,N39.0,1504.07,PAID
CLM0005699,MBR106864,2026-05-27,DENTAL,J45.909,3494.58,PAID
CLM0005700,MBR107445,2026-03-03,DENTAL,R51.9,175.26,DENIED
CLM0005701,MBR109052,2026-07-15,PROFESSIONAL,K21.9,4635.74,PENDED
CLM0005702,MBR106932,2026-08-13,PHARMACY,E78.5,3675.24,PAID
CLM0005703,MBR102314,2026-01-04,PROFESSIONAL,I10,3873.10,PAID
CLM0005704,MBR102963,2026-03-11,PROFESSIONAL,M54.5,4115.45,PAID
CLM0005705,MBR103429,2026-07-20,PROFESSIONAL,E78.5,4886.68,PENDED
CLM0005706,MBR101482,2026-03-29,INSTITUTIONAL,K21.9,3403.06,PAID
CLM0005707,MBR103421,2026-06-10,INSTITUTIONAL,S82.401A,2024.75,PAID
CLM0005708,MBR102724,2026-04-16,PROFESSIONAL,F41.1,2485.56,PENDED
CLM0005709,MBR107408,2026-05-22,DENTAL,Z00.00,585.27,PAID
CLM0005710,MBR102092,2026-01-12,PROFESSIONAL,R51.9,918.53,PAID
CLM0005711,MBR106232,2026-08-14,DENTAL,R51.9,2434.84,DENIED
CLM0005712,MBR101085,2026-03-02,PHARMACY,K21.9,3463.38,PAID
CLM0005713,MBR106064,2026-04-30,INSTITUTIONAL,Z00.00,4928.77,DENIED
CLM0005714,MBR103768,2026-08-21,PROFESSIONAL,I10,3370.47,PAID
CLM0005715,MBR108660,2026-01-19,INSTITUTIONAL,F41.1,2300.00,PENDED
CLM0005716,MBR103740,2026-05-16,PROFESSIONAL,E78.5,1469.78,PENDED
CLM0005717,MBR107739,2026-03-30,DENTAL,E78.5,3435.46,PAID
CLM0005718,MBR101175,2026-06-05,PROFESSIONAL,J06.9,1832.08,PAID
CLM0005719,MBR101372,2026-04-27,PHARMACY,N39.0,3869.59,PAID
CLM0005720,MBR105976,2026-07-02,PHARMACY,M54.5,4332.45,PAID
CLM0005721,MBR107133,2026-05-17,PROFESSIONAL,E11.9,3502.43,DENIED
CLM0005722,MBR108095,2026-07-28,INSTITUTIONAL,E78.5,2992.18,PENDED
CLM0005723,MBR107872,2026-02-02,PROFESSIONAL,I10,4098.50,PAID
CLM0005724,MBR101977,2026-03-20,INSTITUTIONAL,J45.909,3329.99,PENDED
CLM0005725,MBR101105,2026-07-15,PROFESSIONAL,F41.1,1649.63,PAID
CLM0005726,MBR109194,2026-01-01,DENTAL,I10,1494.72,PAID
CLM0005727,MBR103401,2026-04-06,DENTAL,K21.9,4184.90,PAID
CLM0005728,MBR100329,2026-04-06,PROFESSIONAL,N39.0,4209.39,PAID
CLM0005729,MBR106361,2026-03-08,DENTAL,S82.401A,2067.95,PAID
CLM0005730,MBR107721,2026-01-18,INSTITUTIONAL,S82.401A,3523.09,PAID
CLM0005731,MBR101892,2026-07-20,PHARMACY,R51.9,1765.86,PAID
CLM0005732,MBR102176,2026-04-14,PHARMACY,S82.401A,3572.35,PAID
CLM0005733,MBR106809,2026-06-05,PHARMACY,M54.5,4426.31,PAID
CLM0005734,MBR106008,2026-05-21,PROFESSIONAL,N39.0,2895.92,PAID
CLM0005735,MBR104392,2026-05-10,PROFESSIONAL,R51.9,1591.22,DENIED
CLM0005736,MBR102943,2026-06-29,PROFESSIONAL,J06.9,708.01,PAID
CLM0005737,MBR103952,2026-02-22,DENTAL,Z00.00,3446.54,PENDED
CLM0005738,MBR105566,2026-03-12,PROFESSIONAL,F41.1,4999.83,DENIED
CLM0005739,MBR109567,2026-07-04,INSTITUTIONAL,E78.5,2384.65,PAID
CLM0005740,MBR108233,2026-08-13,PROFESSIONAL,F41.1,337.45,PAID
CLM0005741,MBR102862,2026-01-26,PROFESSIONAL,Z00.00,4707.66,PAID
CLM0005742,MBR101408,2026-03-30,PROFESSIONAL,K21.9,1301.61,PAID
CLM0005743,MBR108714,2026-01-05,INSTITUTIONAL,R51.9,,DENIED
CLM0005744,MBR104899,2026-08-24,INSTITUTIONAL,R51.9,135.72,PAID
CLM0005745,MBR100544,2026-02-13,PROFESSIONAL,M54.5,3712.45,PENDED
CLM0005746,MBR103525,2026-04-19,PROFESSIONAL,M54.5,826.61,PAID
CLM0005747,MBR102579,2026-08-01,PROFESSIONAL,E11.9,4257.83,PAID
CLM0005748,MBR104237,2026-07-20,DENTAL,N39.0,1981.76,PAID
CLM0005749,MBR109878,2026-01-31,PROFESSIONAL,E78.5,2861.99,PAID
CLM0005750,MBR105401,2026-02-27,PROFESSIONAL,E11.9,4785.97,PENDED
CLM0005751,MBR107768,2026-08-12,PROFESSIONAL,J45.909,3853.39,PAID
CLM0005752,MBR105266,2026-05-30,INSTITUTIONAL,R51.9,652.32,PAID
CLM0005753,MBR106718,2026-05-07,PHARMACY,E11.9,4884.59,PENDED
CLM0005754,MBR105956,2026-05-02,PHARMACY,I10,4014.10,PAID
CLM0005755,MBR100982,2026-07-18,DENTAL,I10,3468.71,PAID
CLM0005756,MBR100414,2026-03-10,INSTITUTIONAL,E11.9,4873.98,PAID
CLM0005757,MBR104828,2026-01-13,PROFESSIONAL,J06.9,742.84,PENDED
CLM0005758,MBR101305,2026-08-16,PHARMACY,K21.9,4299.13,PAID
CLM0005759,MBR103235,2026-08-27,INSTITUTIONAL,F41.1,414.84,PAID
CLM0005760,MBR103074,2026-03-14,PROFESSIONAL,K21.9,4588.92,DENIED
CLM0005761,MBR109326,2026-08-21,PHARMACY,,3310.97,PAID
CLM0005762,MBR108117,2026-05-26,DENTAL,,270.69,PAID
CLM0005763,MBR108253,2026-08-31,DENTAL,M54.5,3118.85,PAID
CLM0005764,MBR103751,2026-01-14,PROFESSIONAL,E11.9,3871.10,DENIED
CLM0005765,MBR102039,2026-01-16,PHARMACY,J06.9,3458.76,PENDED
CLM0005766,MBR105879,2026-02-13,PHARMACY,J06.9,222.05,PENDED
CLM0005767,MBR102063,2026-01-09,PROFESSIONAL,E11.9,2410.21,PAID
CLM0005768,MBR103185,2026-03-13,DENTAL,F41.1,3460.95,DENIED
CLM0005769,MBR107513,2026-07-16,PHARMACY,K21.9,2049.17,DENIED
CLM0005770,MBR101956,2026-04-18,PROFESSIONAL,R51.9,2902.55,PAID
CLM0005771,MBR100721,2026-04-06,PHARMACY,S82.401A,,DENIED
CLM0005772,MBR109735,2026-06-01,PROFESSIONAL,F41.1,4091.01,PAID
CLM0005773,MBR107051,2026-05-08,INSTITUTIONAL,E78.5,747.80,PAID
CLM0005774,MBR105657,2026-01-17,PHARMACY,M54.5,792.23,DENIED
CLM0005775,MBR109976,2026-01-04,INSTITUTIONAL,E11.9,2470.06,DENIED
CLM0005776,MBR100761,2026-07-17,INSTITUTIONAL,J45.909,1322.98,PAID
CLM0005777,MBR104385,2026-05-09,INSTITUTIONAL,E11.9,1170.70,PAID
CLM0005778,MBR108404,2026-03-21,PROFESSIONAL,R51.9,1344.06,PAID
CLM0005779,MBR101175,2026-03-05,DENTAL,E78.5,4571.74,PAID
CLM0005780,MBR104594,2026-04-24,PHARMACY,E78.5,3905.98,PENDED
CLM0005781,MBR100664,2026-07-18,INSTITUTIONAL,N39.0,1054.81,PAID
CLM0005782,MBR100362,2026-05-09,PHARMACY,I10,4689.78,PAID
CLM0005783,MBR105778,2026-08-20,DENTAL,I10,4977.58,PAID
CLM0005784,MBR104927,2026-07-31,DENTAL,,3137.96,DENIED
CLM0005785,MBR109401,2026-08-28,PROFESSIONAL,E11.9,2081.68,DENIED
CLM0005786,MBR107103,2026-01-11,INSTITUTIONAL,N39.0,3801.33,PAID
CLM0005787,MBR105180,2026-02-04,PROFESSIONAL,S82.401A,2408.74,PENDED
CLM0005788,MBR100376,2026-06-11,PHARMACY,J06.9,2793.64,PAID
CLM0005789,MBR105993,2026-06-03,DENTAL,F41.1,2913.80,PENDED
CLM0005790,MBR101829,2026-07-26,PHARMACY,E11.9,4527.12,PAID
CLM0005791,MBR103908,2026-03-19,INSTITUTIONAL,M54.5,2553.67,PAID
CLM0005792,MBR103140,2026-01-24,PROFESSIONAL,R51.9,2252.63,DENIED
CLM0005793,MBR100552,2026-05-10,DENTAL,J06.9,959.13,DENIED
CLM0005794,MBR109748,2026-04-30,PROFESSIONAL,S82.401A,3543.14,PAID
CLM0005795,MBR101105,2026-08-28,PHARMACY,E78.5,352.70,PAID
CLM0005796,MBR103384,2026-05-04,PROFESSIONAL,S82.401A,4018.48,PAID
CLM0005797,MBR100997,2026-03-23,PROFESSIONAL,E78.5,3649.86,PAID
CLM0005798,MBR103019,2026-01-28,DENTAL,E78.5,422.03,PAID
CLM0005799,MBR101654,2026-06-14,PROFESSIONAL,K21.9,2341.45,PAID
CLM0005800,MBR100490,2026-06-14,PHARMACY,S82.401A,4955.14,DENIED
CLM0005801,MBR105098,2026-02-20,PROFESSIONAL,N39.0,3636.59,PAID
CLM0005802,MBR105285,2026-02-10,PROFESSIONAL,N39.0,3020.69,PENDED
CLM0005803,MBR101424,2026-03-18,INSTITUTIONAL,S82.401A,2483.59,PAID
CLM0005804,MBR109718,2026-04-07,PROFESSIONAL,J06.9,2496.65,PAID
CLM0005805,MBR105331,2026-07-27,PHARMACY,K21.9,3543.53,PENDED
CLM0005806,MBR101923,2026-08-21,DENTAL,I10,1793.11,DENIED
CLM0005807,MBR103943,2026-06-27,PROFESSIONAL,R51.9,4826.47,PENDED
CLM0005808,MBR103295,2026-02-12,PROFESSIONAL,,2008.82,PAID
CLM0005809,MBR103983,2026-02-27,PROFESSIONAL,,2641.98,PAID
CLM0005810,MBR107405,2026-06-12,INSTITUTIONAL,R51.9,833.73,PAID
CLM0005811,MBR105989,2026-03-11,PROFESSIONAL,,3460.73,PAID
CLM0005812,MBR107333,2026-08-01,INSTITUTIONAL,M54.5,3781.87,PAID
CLM0005813,MBR108461,2026-05-14,PHARMACY,,3862.53,PAID
CLM0005814,MBR103067,2026-07-27,INSTITUTIONAL,F41.1,1490.03,DENIED
CLM0005815,MBR100625,2026-05-31,PROFESSIONAL,,1921.26,DENIED
CLM0005816,MBR103290,2026-03-29,PHARMACY,J45.909,30.05,DENIED
CLM0005817,MBR102282,2026-02-11,PROFESSIONAL,S82.401A,3131.32,PENDED
CLM0005818,MBR109864,2026-08-08,PHARMACY,N39.0,2065.73,PAID
CLM0005819,MBR105989,2026-07-10,PHARMACY,M54.5,2877.73,PAID
CLM0005820,MBR106875,2026-06-02,INSTITUTIONAL,E78.5,4778.01,PAID
CLM0005821,MBR106962,2026-01-05,PROFESSIONAL,M54.5,3420.41,PAID
CLM0005822,MBR103384,2026-04-04,PHARMACY,S82.401A,4206.20,PAID
CLM0005823,MBR108946,2026-03-31,PHARMACY,K21.9,519.00,PENDED
CLM0005824,MBR107762,2026-07-06,INSTITUTIONAL,F41.1,897.88,PAID
CLM0005825,MBR109517,2026-03-03,PHARMACY,R51.9,2900.81,PAID
CLM0005826,MBR108057,2026-08-10,PHARMACY,J45.909,4221.92,PAID
CLM0005827,MBR107684,2026-01-14,PROFESSIONAL,N39.0,4154.33,PAID
CLM0005828,MBR106245,2026-06-05,INSTITUTIONAL,,832.31,PAID
CLM0005829,MBR105458,2026-04-14,PHARMACY,M54.5,4584.98,PENDED
CLM0005830,MBR107976,2026-01-17,PROFESSIONAL,N39.0,4751.29,PAID
CLM0005831,MBR105041,2026-07-27,PHARMACY,K21.9,2276.43,PAID
CLM0005832,MBR104059,2026-07-25,PHARMACY,E78.5,,PAID
CLM0005833,MBR101128,2026-05-20,PROFESSIONAL,J45.909,4992.20,PAID
CLM0005834,MBR109853,2026-06-27,PROFESSIONAL,Z00.00,4123.07,PAID
CLM0005835,MBR104469,2026-01-04,DENTAL,E11.9,1392.11,PAID
CLM0005836,MBR104027,2026-08-31,PROFESSIONAL,R51.9,1587.71,PAID
CLM0005837,MBR109592,2026-05-03,PHARMACY,E11.9,2493.55,PAID
CLM0005838,MBR106502,2026-02-26,DENTAL,S82.401A,601.49,PAID
CLM0005839,MBR104003,2026-02-28,INSTITUTIONAL,I10,3757.03,PAID
CLM0005840,MBR101474,2026-06-16,INSTITUTIONAL,Z00.00,2530.86,PAID
CLM0005841,MBR103540,2026-01-25,PHARMACY,J06.9,3471.98,PAID
CLM0005842,MBR103232,2026-07-21,PROFESSIONAL,F41.1,4613.00,PAID
CLM0005843,MBR102324,2026-07-16,PROFESSIONAL,M54.5,3963.08,DENIED
CLM0005844,MBR105439,2026-03-12,PROFESSIONAL,I10,4966.93,PAID
CLM0005845,MBR108129,2026-03-05,PHARMACY,E11.9,847.12,PAID
CLM0005846,MBR103277,2026-01-20,PHARMACY,J06.9,3085.89,PAID
CLM0005847,MBR100456,2026-08-31,INSTITUTIONAL,S82.401A,4971.85,PAID
CLM0005848,MBR100409,2026-08-23,PROFESSIONAL,J45.909,1969.62,PAID
CLM0005849,MBR107179,2026-07-31,PHARMACY,,2772.10,PAID
CLM0005850,MBR100641,2026-07-23,INSTITUTIONAL,N39.0,497.58,PAID
CLM0005851,MBR101858,2026-07-04,DENTAL,I10,636.63,PENDED
CLM0005852,MBR100492,2026-08-27,PHARMACY,K21.9,3601.87,PENDED
CLM0005853,MBR109011,2026-05-02,DENTAL,Z00.00,2382.37,PAID
CLM0005854,MBR109567,2026-04-23,PHARMACY,I10,2790.18,PAID
CLM0005855,MBR103756,2026-02-19,PROFESSIONAL,I10,4429.41,PAID
CLM0005856,MBR104125,2026-08-07,INSTITUTIONAL,J06.9,2940.68,PAID
CLM0005857,MBR102815,2026-06-18,PHARMACY,N39.0,4066.79,PAID
CLM0005858,MBR107389,2026-07-29,DENTAL,R51.9,688.17,PAID
CLM0005859,MBR104262,2026-07-12,PHARMACY,E78.5,3244.94,PAID
CLM0005860,MBR100169,2026-01-03,PROFESSIONAL,N39.0,891.30,PENDED
CLM0005861,MBR101028,2026-06-27,PHARMACY,R51.9,3126.31,DENIED
CLM0005862,MBR102541,2026-07-18,PROFESSIONAL,E11.9,2485.79,DENIED
CLM0005863,MBR102626,2026-01-05,PROFESSIONAL,E78.5,4784.31,PAID
CLM0005864,MBR106433,2026-03-03,PROFESSIONAL,I10,4476.29,PAID
CLM0005865,MBR100023,2026-03-07,INSTITUTIONAL,Z00.00,3789.24,PAID
CLM0005866,MBR104147,2026-03-09,PHARMACY,Z00.00,3291.87,PAID
CLM0005867,MBR109655,2026-03-29,DENTAL,F41.1,4521.94,PAID
CLM0005868,MBR106362,2026-06-30,PROFESSIONAL,E11.9,1676.42,PAID
CLM0005869,MBR101171,2026-01-10,DENTAL,K21.9,1723.24,PAID
CLM0005870,MBR105772,2026-04-24,PROFESSIONAL,E11.9,1039.80,DENIED
CLM0005871,MBR108781,2026-08-20,DENTAL,R51.9,2057.62,PAID
CLM0005872,MBR107001,2026-02-23,PROFESSIONAL,S82.401A,2380.02,PAID
CLM0005873,MBR101235,2026-02-21,PHARMACY,F41.1,3787.49,PAID
CLM0005874,MBR106881,2026-03-16,INSTITUTIONAL,M54.5,3182.49,DENIED
CLM0005875,MBR102779,2026-02-15,PHARMACY,R51.9,4467.38,PENDED
CLM0005876,MBR103857,2026-07-30,PHARMACY,R51.9,704.16,PENDED
CLM0005877,MBR104122,2026-02-08,DENTAL,I10,4747.48,PAID
CLM0005878,MBR109188,2026-01-05,PROFESSIONAL,S82.401A,1742.79,PAID
CLM0005879,MBR108375,2026-07-03,PROFESSIONAL,J45.909,4056.91,PAID
CLM0005880,MBR101333,2026-06-07,PHARMACY,M54.5,2986.54,PAID
CLM0005881,MBR108934,2026-06-28,PROFESSIONAL,K21.9,2451.07,PAID
CLM0005882,MBR101516,2026-07-08,PROFESSIONAL,J06.9,2374.50,PAID
CLM0005883,MBR103480,2026-03-20,DENTAL,J06.9,1644.93,PENDED
CLM0005884,MBR100846,2026-05-22,PROFESSIONAL,K21.9,196.59,PENDED
CLM0005885,MBR101567,2026-05-09,DENTAL,S82.401A,2745.85,PAID
CLM0005886,MBR106488,2026-02-22,PROFESSIONAL,S82.401A,1066.41,PAID
CLM0005887,MBR101204,2026-07-22,PROFESSIONAL,I10,601.06,PAID
CLM0005888,MBR106314,2026-07-03,PHARMACY,E78.5,1301.92,PAID
CLM0005889,MBR104985,2026-03-12,PROFESSIONAL,E78.5,171.83,PAID
CLM0005890,MBR102709,2026-03-07,PROFESSIONAL,F41.1,3778.20,PAID
CLM0005891,MBR105637,2026-08-01,PHARMACY,M54.5,1918.17,PAID
CLM0005892,MBR101109,2026-05-25,INSTITUTIONAL,E78.5,,PAID
CLM0005893,MBR105101,2026-03-18,PHARMACY,R51.9,3271.98,PAID
CLM0005894,MBR104477,2026-04-04,PHARMACY,M54.5,4619.68,PAID
CLM0005895,MBR104686,2026-04-01,INSTITUTIONAL,S82.401A,1092.65,PAID
CLM0005896,MBR107268,2026-07-21,INSTITUTIONAL,E11.9,761.43,DENIED
CLM0005897,MBR107129,2026-02-17,PHARMACY,E11.9,2074.48,PAID
CLM0005898,MBR101315,2026-07-05,INSTITUTIONAL,J45.909,4771.77,PAID
CLM0005899,MBR104985,2026-03-10,PHARMACY,,591.57,PAID
CLM0005900,MBR102260,2026-07-27,PHARMACY,N39.0,3227.46,PAID
CLM0005901,MBR107522,2026-01-15,PROFESSIONAL,E78.5,4671.06,PAID
CLM0005902,MBR103311,2026-07-29,DENTAL,N39.0,1894.78,PAID
CLM0005903,MBR101331,2026-04-30,PROFESSIONAL,M54.5,119.27,PAID
CLM0005904,MBR106425,2026-03-22,INSTITUTIONAL,J45.909,154.72,PENDED
CLM0005905,MBR104656,2026-05-23,PROFESSIONAL,Z00.00,2828.16,PAID
CLM0005906,MBR102870,2026-05-25,PROFESSIONAL,N39.0,573.52,PAID
CLM0005907,MBR100127,2026-06-03,PROFESSIONAL,E11.9,4670.06,PAID
CLM0005908,MBR105496,2026-05-13,PROFESSIONAL,R51.9,3439.50,PAID
CLM0005909,MBR107604,2026-01-25,PHARMACY,E78.5,36.50,PAID
CLM0005910,MBR100164,2026-08-13,PHARMACY,R51.9,4584.50,PENDED
CLM0005911,MBR109550,2026-02-25,PROFESSIONAL,K21.9,4941.18,PAID
CLM0005912,MBR107826,2026-05-03,DENTAL,Z00.00,4118.36,PAID
CLM0005913,MBR100425,2026-01-25,INSTITUTIONAL,N39.0,3470.25,PAID
CLM0005914,MBR100845,2026-08-17,PHARMACY,J06.9,4677.00,PAID
CLM0005915,MBR100292,2026-07-28,PROFESSIONAL,R51.9,3121.92,PAID
CLM0005916,MBR105056,2026-04-08,PHARMACY,F41.1,495.59,PAID
CLM0005917,MBR101750,2026-04-04,PROFESSIONAL,J06.9,4218.46,PAID
CLM0005918,MBR108165,2026-03-12,PROFESSIONAL,K21.9,2654.18,PAID
CLM0005919,MBR100747,2026-07-27,DENTAL,K21.9,1314.26,DENIED
CLM0005920,MBR101779,2026-06-11,PROFESSIONAL,S82.401A,2008.47,PAID
CLM0005921,MBR100597,2026-08-08,PHARMACY,N39.0,1512.51,PAID
CLM0005922,MBR102932,2026-03-08,PHARMACY,M54.5,1587.20,PENDED
CLM0005923,MBR104395,2026-02-19,PHARMACY,J45.909,3004.06,PENDED
CLM0005924,MBR101278,2026-05-15,PROFESSIONAL,R51.9,4045.31,PAID
CLM0005925,MBR107337,2026-04-04,PROFESSIONAL,I10,2547.74,DENIED
CLM0005926,MBR109662,2026-07-01,PROFESSIONAL,I10,1141.39,PAID
CLM0005927,MBR108575,2026-05-08,PROFESSIONAL,K21.9,3426.52,PAID
CLM0005928,MBR103966,2026-05-18,INSTITUTIONAL,S82.401A,3999.01,PAID
CLM0005929,MBR109289,2026-02-17,INSTITUTIONAL,F41.1,1733.21,PAID
CLM0005930,MBR106104,2026-05-20,PHARMACY,J06.9,2783.87,PAID
CLM0005931,MBR102073,2026-05-17,PROFESSIONAL,N39.0,1158.50,DENIED
CLM0005932,MBR105781,2026-01-01,PROFESSIONAL,R51.9,,PAID
CLM0005933,MBR104516,2026-07-19,DENTAL,S82.401A,1116.34,PAID
CLM0005934,MBR109063,2026-03-12,PROFESSIONAL,J06.9,2926.34,PAID
CLM0005935,MBR106692,2026-08-24,PHARMACY,M54.5,954.65,PAID
CLM0005936,MBR103366,2026-01-04,PHARMACY,F41.1,879.48,PAID
CLM0005937,MBR107852,2026-08-18,DENTAL,J45.909,3704.33,PAID
CLM0005938,MBR102570,2026-08-27,DENTAL,F41.1,2119.92,PENDED
CLM0005939,MBR107427,2026-07-14,PROFESSIONAL,N39.0,2189.02,PENDED
CLM0005940,MBR103357,2026-07-04,PROFESSIONAL,E78.5,3458.66,DENIED
CLM0005941,MBR104911,2026-05-12,DENTAL,J45.909,601.37,PAID
CLM0005942,MBR105466,2026-01-02,PROFESSIONAL,F41.1,2675.80,PAID
CLM0005943,MBR100270,2026-07-18,PROFESSIONAL,N39.0,1412.51,PAID
CLM0005944,MBR106230,2026-05-25,INSTITUTIONAL,K21.9,4906.98,DENIED
CLM0005945,MBR103703,2026-01-06,INSTITUTIONAL,F41.1,2696.46,PENDED
CLM0005946,MBR107547,2026-04-02,PHARMACY,M54.5,140.96,PENDED
CLM0005947,MBR105776,2026-07-28,PHARMACY,Z00.00,3425.77,PAID
CLM0005948,MBR106491,2026-06-30,INSTITUTIONAL,I10,571.32,PAID
CLM0005949,MBR107186,2026-04-29,DENTAL,J45.909,3155.17,DENIED
CLM0005950,MBR100566,2026-01-04,INSTITUTIONAL,Z00.00,2613.57,PENDED
CLM0005951,MBR102588,2026-01-01,DENTAL,E78.5,514.03,PAID
CLM0005952,MBR109484,2026-04-29,PROFESSIONAL,I10,3592.43,PAID
CLM0005953,MBR100961,2026-08-25,PROFESSIONAL,S82.401A,3867.47,PAID
CLM0005954,MBR102482,2026-04-13,DENTAL,Z00.00,1060.87,DENIED
CLM0005955,MBR108338,2026-05-16,PROFESSIONAL,,422.33,PAID
CLM0005956,MBR109401,2026-05-20,PROFESSIONAL,I10,1746.77,PAID
CLM0005957,MBR103369,2026-04-26,INSTITUTIONAL,S82.401A,2982.44,PAID
CLM0005958,MBR106100,2026-07-15,DENTAL,K21.9,1299.33,DENIED
CLM0005959,MBR102796,2026-04-04,INSTITUTIONAL,N39.0,208.22,DENIED
CLM0005960,MBR101422,2026-02-13,DENTAL,F41.1,3710.00,PAID
CLM0005961,MBR108035,2026-06-11,PHARMACY,J45.909,4598.08,PAID
CLM0005962,MBR108092,2026-08-26,PHARMACY,Z00.00,2052.48,DENIED
CLM0005963,MBR106823,2026-04-09,INSTITUTIONAL,S82.401A,3930.51,PENDED
CLM0005964,MBR106513,2026-07-31,INSTITUTIONAL,J06.9,505.96,PAID
CLM0005965,MBR107384,2026-07-10,DENTAL,J45.909,1112.95,DENIED
CLM0005966,MBR105142,2026-08-23,INSTITUTIONAL,J45.909,4348.59,PAID
CLM0005967,MBR104711,2026-02-25,PROFESSIONAL,F41.1,2264.14,PAID
CLM0005968,MBR106693,2026-03-22,INSTITUTIONAL,Z00.00,2139.54,PENDED
CLM0005969,MBR105544,2026-06-25,DENTAL,J06.9,599.41,PAID
CLM0005970,MBR103271,2026-02-14,DENTAL,Z00.00,,PENDED
CLM0005971,MBR104460,2026-06-30,INSTITUTIONAL,I10,1931.16,DENIED
CLM0005972,MBR109793,2026-01-02,INSTITUTIONAL,Z00.00,,PENDED
CLM0005973,MBR107151,2026-04-25,PROFESSIONAL,R51.9,3126.06,PAID
CLM0005974,MBR106503,2026-07-03,INSTITUTIONAL,,4970.34,PAID
CLM0005975,MBR104522,2026-01-07,PHARMACY,J06.9,359.61,PAID
CLM0005976,MBR104638,2026-04-04,INSTITUTIONAL,Z00.00,2689.15,PENDED
CLM0005977,MBR109991,2026-08-09,INSTITUTIONAL,E78.5,469.62,DENIED
CLM0005978,MBR103126,2026-01-01,PHARMACY,I10,1009.81,PAID
CLM0005979,MBR109622,2026-08-12,PROFESSIONAL,M54.5,2415.08,PENDED
CLM0005980,MBR106982,2026-08-06,PROFESSIONAL,S82.401A,489.40,PAID
CLM0005981,MBR105140,2026-05-26,PHARMACY,J06.9,1070.04,PAID
CLM0005982,MBR106294,2026-06-10,PHARMACY,R51.9,82.25,PENDED
CLM0005983,MBR108643,2026-04-09,DENTAL,K21.9,2374.00,PAID
CLM0005984,MBR100525,2026-05-12,INSTITUTIONAL,E78.5,543.99,PAID
CLM0005985,MBR100227,2026-04-09,DENTAL,M54.5,496.82,PAID
CLM0005986,MBR109792,2026-08-07,PROFESSIONAL,E11.9,3268.87,PAID
CLM0005987,MBR105523,2026-08-09,PHARMACY,Z00.00,2659.98,PAID
CLM0005988,MBR107829,2026-03-16,DENTAL,K21.9,4517.68,PAID
CLM0005989,MBR100897,2026-03-29,PROFESSIONAL,J45.909,533.16,DENIED
CLM0005990,MBR108046,2026-04-11,PROFESSIONAL,R51.9,359.05,PAID
CLM0005991,MBR104201,2026-06-10,DENTAL,M54.5,1559.93,PAID
CLM0005992,MBR101657,2026-06-10,DENTAL,J45.909,1727.17,PAID
CLM0005993,MBR101648,2026-08-14,INSTITUTIONAL,E11.9,160.45,PAID
CLM0005994,MBR103254,2026-07-25,PHARMACY,J06.9,3975.72,PAID
CLM0005995,MBR100699,2026-03-17,DENTAL,N39.0,3892.18,PAID
CLM0005996,MBR106543,2026-05-18,PROFESSIONAL,J45.909,178.83,PAID
CLM0005997,MBR107825,2026-04-06,INSTITUTIONAL,Z00.00,968.51,DENIED
CLM0005998,MBR109634,2026-05-24,DENTAL,,199.23,PAID
CLM0005999,MBR101472,2026-02-10,PROFESSIONAL,J06.9,1839.42,PENDED
CLM0006000,MBR109741,2026-06-01,DENTAL,K21.9,1316.17,PAID
